[09-03 12:34:03] 미리 돌려둔 결과 적중 (0초)
[09-03 12:34:03] 프리페치 통계 — 생성 3, 적중 1, 미적중 0, 대기후적중 1, 중복생략 8 (적중률 100%)
[09-03 12:34:03] OK  라이브 시뮬 결과 사용  두바이 시티 로버스 vs 에미레이트 항공 FC 1-0  seed=989589753
[09-03 12:34:05] 프리페치 준비(라인업 뽑기, UI 스레드) 1ms
[09-03 12:34:05] 프리페치 스캔 — day 36~56(21일) 중 내 경기 3건 등록
[09-03 12:38:08] 프리페치 준비(라인업 뽑기, UI 스레드) 2ms
[09-03 12:38:08] 프리페치 준비(라인업 뽑기, UI 스레드) 1ms
[09-03 12:38:08] 프리페치 준비(라인업 뽑기, UI 스레드) 1ms
[09-03 12:38:08] 프리페치 스캔 — day 36~56(21일) 중 내 경기 3건 등록
[09-03 12:38:30] 미리 돌려둔 결과 적중 (0초)
[09-03 12:38:30] 프리페치 통계 — 생성 3, 적중 1, 미적중 0, 대기후적중 1, 중복생략 0 (적중률 100%)
[09-03 12:38:30] OK  라이브 시뮬 결과 사용  에미레이트 항공 FC vs 샤르자 은행 FC 1-0  seed=68873648
[09-03 12:38:31] [AI리그] 6주차 5733경기, OVR캐시 3881→11214) 세부: 경기조회 0.015s | 시뮬루프 0.308s | executemany(5733건) 0.014s | teams반영+commit 0.049s
[09-03 12:38:31] [주 마무리] 6주차 1.31s (국제대회 0.00s | 챔스 0.00s | 클럽WC 0.00s | 국내컵 0.92s | 리그시뮬 0.39s)
[09-03 12:38:31] [진행 총계] 23.16초
[09-03 12:38:33] 프리페치 준비(라인업 뽑기, UI 스레드) 1ms
[09-03 12:38:33] 프리페치 스캔 — day 43~63(21일) 중 내 경기 3건 등록
[09-03 12:45:16] 프리페치 준비(라인업 뽑기, UI 스레드) 1ms
[09-03 12:45:16] 프리페치 준비(라인업 뽑기, UI 스레드) 1ms
[09-03 12:45:16] 프리페치 준비(라인업 뽑기, UI 스레드) 1ms
[09-03 12:45:16] 프리페치 스캔 — day 43~63(21일) 중 내 경기 3건 등록
[09-03 12:45:38] 미리 돌려둔 결과 적중 (0초)
[09-03 12:45:38] 프리페치 통계 — 생성 3, 적중 1, 미적중 0, 대기후적중 1, 중복생략 0 (적중률 100%)
[09-03 12:45:38] OK  라이브 시뮬 결과 사용  에미레이트 항공 FC vs 샤바브 알 아흘리 서포터즈 1-2  seed=1722850410
[09-03 12:45:38] [PERF-DISPATCH] 7주차 44일차 경기/훈련 처리 22.072s (stype='경기')
[09-03 12:45:38] [PERF-DAY] 7주차 44일차 처리 22.073s (stype='경기' | 그주마지막날=False | 경기있음=True | 부상=False)
[09-03 12:45:39] [AI리그] 7주차 5800경기, OVR캐시 1294→11150) 세부: 경기조회 0.015s | 시뮬루프 0.354s | executemany(5800건) 0.015s | teams반영+commit 0.042s
[09-03 12:45:39] [주 마무리] 7주차 0.57s (국제대회 0.00s | 챔스 0.00s | 클럽WC 0.00s | 국내컵 0.14s | 리그시뮬 0.43s)
[09-03 12:45:39] [PERF-DAY] 7주차 49일차 처리 0.626s (stype='휴식' | 그주마지막날=True | 경기있음=False | 부상=False)
[09-03 12:45:39] [진행 총계] 22.71초
[09-03 12:45:40] 프리페치 준비(라인업 뽑기, UI 스레드) 1ms
[09-03 12:45:40] 프리페치 스캔 — day 50~70(21일) 중 내 경기 3건 등록
[09-03 12:49:55] [PERF]   일정생성 세부: 아카이브이동 0.00s | 완비판정조회 0.01s | 기존경기dedup조회 0.00s | 일정계산 0.20s | INSERT+commit 0.34s | (대상리그 710개, 신규경기 201400건)
[09-03 12:49:55] [PERF]   인덱스재생성 0.36s
[09-03 12:50:03] [AI리그] 4주차 4527경기, OVR캐시 0→9054) 세부: 경기조회 0.014s | 시뮬루프 0.379s | executemany(4527건) 0.011s | teams반영+commit 0.029s
[09-03 12:50:03] [주 마무리] 4주차 0.43s (국제대회 0.00s | 챔스 0.00s | 클럽WC 0.00s | 국내컵 0.00s | 리그시뮬 0.43s)
[09-03 12:50:03] [PERF-WEEKTAIL] 4주차: _pay_salary 0.000s | _advance_week 0.157s
[09-03 12:50:03] [PERF-DAY] 4주차 28일차 처리 0.592s (stype='휴식' | 그주마지막날=True | 경기있음=False | 부상=False)
[09-03 12:50:03] [진행 총계] 0.60초
[09-03 12:50:04] [AI리그] 5주차 5771경기, OVR캐시 11263→11393) 세부: 경기조회 0.015s | 시뮬루프 0.175s | executemany(5771건) 0.014s | teams반영+commit 0.040s
[09-03 12:50:04] [주 마무리] 5주차 0.36s (국제대회 0.00s | 챔스 0.00s | 클럽WC 0.00s | 국내컵 0.12s | 리그시뮬 0.24s)
[09-03 12:50:04] [PERF-DAY] 5주차 35일차 처리 0.361s (stype='휴식' | 그주마지막날=True | 경기있음=False | 부상=False)
[09-03 12:50:04] [진행 총계] 0.37초
[09-03 12:50:04] [AI리그] 6주차 5734경기, OVR캐시 11393→11393) 세부: 경기조회 0.014s | 시뮬루프 0.151s | executemany(5734건) 0.013s | teams반영+commit 0.041s
[09-03 12:50:04] [주 마무리] 6주차 0.34s (국제대회 0.00s | 챔스 0.00s | 클럽WC 0.00s | 국내컵 0.12s | 리그시뮬 0.22s)
[09-03 12:50:04] [PERF-DAY] 6주차 42일차 처리 0.340s (stype='휴식' | 그주마지막날=True | 경기있음=False | 부상=False)
[09-03 12:50:04] [진행 총계] 0.35초
[09-03 12:50:04] [AI리그] 7주차 5801경기, OVR캐시 11393→11393) 세부: 경기조회 0.014s | 시뮬루프 0.154s | executemany(5801건) 0.014s | teams반영+commit 0.041s
[09-03 12:50:04] [주 마무리] 7주차 0.31s (국제대회 0.00s | 챔스 0.00s | 클럽WC 0.00s | 국내컵 0.09s | 리그시뮬 0.22s)
[09-03 12:50:04] [PERF-DAY] 7주차 49일차 처리 0.355s (stype='휴식' | 그주마지막날=True | 경기있음=False | 부상=True)
[09-03 12:50:04] [진행 총계] 0.36초
[09-03 12:50:05] [AI리그] 8주차 5757경기, OVR캐시 11393→11393) 세부: 경기조회 0.015s | 시뮬루프 0.165s | executemany(5757건) 0.012s | teams반영+commit 0.031s
[09-03 12:50:05] [주 마무리] 8주차 0.23s (국제대회 0.00s | 챔스 0.00s | 클럽WC 0.00s | 국내컵 0.00s | 리그시뮬 0.22s)
[09-03 12:50:05] [PERF-DAY] 8주차 56일차 처리 0.230s (stype='휴식' | 그주마지막날=True | 경기있음=False | 부상=True)
[09-03 12:50:05] [AI리그] 9주차 5731경기, OVR캐시 11393→11393) 세부: 경기조회 0.014s | 시뮬루프 0.152s | executemany(5731건) 0.012s | teams반영+commit 0.034s
[09-03 12:50:05] [주 마무리] 9주차 0.24s (국제대회 0.00s | 챔스 0.03s | 클럽WC 0.00s | 국내컵 0.00s | 리그시뮬 0.21s)
[09-03 12:50:05] [PERF-DAY] 9주차 63일차 처리 0.242s (stype='휴식' | 그주마지막날=True | 경기있음=False | 부상=False)
[09-03 12:50:05] [AI리그] 10주차 5766경기, OVR캐시 11393→11393) 세부: 경기조회 0.013s | 시뮬루프 0.152s | executemany(5766건) 0.013s | teams반영+commit 0.039s
[09-03 12:50:05] [주 마무리] 10주차 0.24s (국제대회 0.00s | 챔스 0.02s | 클럽WC 0.00s | 국내컵 0.00s | 리그시뮬 0.22s)
[09-03 12:50:05] [PERF-DAY] 10주차 70일차 처리 0.246s (stype='휴식' | 그주마지막날=True | 경기있음=False | 부상=False)
[09-03 12:50:06] [AI리그] 11주차 5618경기, OVR캐시 11393→11393) 세부: 경기조회 0.013s | 시뮬루프 0.150s | executemany(5618건) 0.015s | teams반영+commit 0.039s
[09-03 12:50:06] [주 마무리] 11주차 0.24s (국제대회 0.00s | 챔스 0.02s | 클럽WC 0.00s | 국내컵 0.00s | 리그시뮬 0.22s)
[09-03 12:50:06] [PERF-DAY] 11주차 77일차 처리 0.243s (stype='휴식' | 그주마지막날=True | 경기있음=False | 부상=False)
[09-03 12:50:06] [AI리그] 12주차 5609경기, OVR캐시 11393→11393) 세부: 경기조회 0.013s | 시뮬루프 0.152s | executemany(5609건) 0.013s | teams반영+commit 0.037s
[09-03 12:50:06] [주 마무리] 12주차 0.24s (국제대회 0.00s | 챔스 0.02s | 클럽WC 0.00s | 국내컵 0.00s | 리그시뮬 0.22s)
[09-03 12:50:06] [PERF-DAY] 12주차 84일차 처리 0.242s (stype='휴식' | 그주마지막날=True | 경기있음=False | 부상=False)
[09-03 12:50:06] [AI리그] 13주차 5233경기, OVR캐시 11393→11393) 세부: 경기조회 0.012s | 시뮬루프 0.138s | executemany(5233건) 0.012s | teams반영+commit 0.034s
[09-03 12:50:06] [주 마무리] 13주차 0.22s (국제대회 0.00s | 챔스 0.02s | 클럽WC 0.00s | 국내컵 0.00s | 리그시뮬 0.20s)
[09-03 12:50:06] [PERF-DAY] 13주차 91일차 처리 0.222s (stype='휴식' | 그주마지막날=True | 경기있음=False | 부상=True)
[09-03 12:50:07] [AI리그] 14주차 5527경기, OVR캐시 11393→11393) 세부: 경기조회 0.012s | 시뮬루프 0.142s | executemany(5527건) 0.013s | teams반영+commit 0.035s
[09-03 12:50:07] [주 마무리] 14주차 0.23s (국제대회 0.00s | 챔스 0.02s | 클럽WC 0.00s | 국내컵 0.00s | 리그시뮬 0.20s)
[09-03 12:50:07] [PERF-DAY] 14주차 98일차 처리 0.227s (stype='휴식' | 그주마지막날=True | 경기있음=False | 부상=True)
[09-03 12:50:07] [AI리그] 15주차 5747경기, OVR캐시 11393→11393) 세부: 경기조회 0.012s | 시뮬루프 0.153s | executemany(5747건) 0.014s | teams반영+commit 0.038s
[09-03 12:50:07] [주 마무리] 15주차 0.24s (국제대회 0.00s | 챔스 0.02s | 클럽WC 0.00s | 국내컵 0.00s | 리그시뮬 0.22s)
[09-03 12:50:07] [PERF-DAY] 15주차 105일차 처리 0.241s (stype='휴식' | 그주마지막날=True | 경기있음=False | 부상=True)
[09-03 12:50:07] [AI리그] 16주차 5732경기, OVR캐시 11393→11393) 세부: 경기조회 0.012s | 시뮬루프 0.156s | executemany(5732건) 0.013s | teams반영+commit 0.037s
[09-03 12:50:07] [주 마무리] 16주차 0.26s (국제대회 0.00s | 챔스 0.04s | 클럽WC 0.00s | 국내컵 0.00s | 리그시뮬 0.22s)
[09-03 12:50:07] [PERF-DAY] 16주차 112일차 처리 0.262s (stype='휴식' | 그주마지막날=True | 경기있음=False | 부상=True)
[09-03 12:50:08] [AI리그] 17주차 5482경기, OVR캐시 11393→11393) 세부: 경기조회 0.011s | 시뮬루프 0.147s | executemany(5482건) 0.013s | teams반영+commit 0.036s
[09-03 12:50:08] [주 마무리] 17주차 0.22s (국제대회 0.00s | 챔스 0.01s | 클럽WC 0.00s | 국내컵 0.00s | 리그시뮬 0.21s)
[09-03 12:50:08] [PERF-DAY] 17주차 119일차 처리 0.220s (stype='휴식' | 그주마지막날=True | 경기있음=False | 부상=True)
[09-03 12:50:08] [AI리그] 18주차 5384경기, OVR캐시 11393→11393) 세부: 경기조회 0.011s | 시뮬루프 0.149s | executemany(5384건) 0.011s | teams반영+commit 0.028s
[09-03 12:50:08] [주 마무리] 18주차 0.22s (국제대회 0.00s | 챔스 0.02s | 클럽WC 0.00s | 국내컵 0.00s | 리그시뮬 0.20s)
[09-03 12:50:08] [PERF-DAY] 18주차 126일차 처리 0.225s (stype='휴식' | 그주마지막날=True | 경기있음=False | 부상=True)
[09-03 12:50:08] [AI리그] 19주차 3886경기, OVR캐시 11393→11393) 세부: 경기조회 0.010s | 시뮬루프 0.108s | executemany(3886건) 0.009s | teams반영+commit 0.021s
[09-03 12:50:08] [주 마무리] 19주차 0.16s (국제대회 0.00s | 챔스 0.01s | 클럽WC 0.00s | 국내컵 0.00s | 리그시뮬 0.15s)
[09-03 12:50:08] [PERF-DAY] 19주차 133일차 처리 0.158s (stype='휴식' | 그주마지막날=True | 경기있음=False | 부상=True)
[09-03 12:50:08] [AI리그] 20주차 3343경기, OVR캐시 11393→11393) 세부: 경기조회 0.010s | 시뮬루프 0.088s | executemany(3343건) 0.007s | teams반영+commit 0.016s
[09-03 12:50:08] [주 마무리] 20주차 0.14s (국제대회 0.00s | 챔스 0.02s | 클럽WC 0.00s | 국내컵 0.00s | 리그시뮬 0.12s)
[09-03 12:50:08] [PERF-DAY] 20주차 140일차 처리 0.140s (stype='휴식' | 그주마지막날=True | 경기있음=False | 부상=False)
[09-03 12:50:08] [AI리그] 21주차 2934경기, OVR캐시 11393→11393) 세부: 경기조회 0.009s | 시뮬루프 0.079s | executemany(2934건) 0.007s | teams반영+commit 0.016s
[09-03 12:50:08] [주 마무리] 21주차 0.12s (국제대회 0.00s | 챔스 0.01s | 클럽WC 0.00s | 국내컵 0.00s | 리그시뮬 0.11s)
[09-03 12:50:08] [PERF-DAY] 21주차 147일차 처리 0.125s (stype='휴식' | 그주마지막날=True | 경기있음=False | 부상=False)
[09-03 12:50:09] [AI리그] 22주차 2779경기, OVR캐시 11393→11393) 세부: 경기조회 0.009s | 시뮬루프 0.075s | executemany(2779건) 0.007s | teams반영+commit 0.019s
[09-03 12:50:09] [주 마무리] 22주차 0.12s (국제대회 0.00s | 챔스 0.01s | 클럽WC 0.00s | 국내컵 0.00s | 리그시뮬 0.11s)
[09-03 12:50:09] [PERF-DAY] 22주차 154일차 처리 0.123s (stype='휴식' | 그주마지막날=True | 경기있음=False | 부상=False)
[09-03 12:50:09] [AI리그] 23주차 2291경기, OVR캐시 11393→11393) 세부: 경기조회 0.008s | 시뮬루프 0.059s | executemany(2291건) 0.006s | teams반영+commit 0.014s
[09-03 12:50:09] [주 마무리] 23주차 0.10s (국제대회 0.00s | 챔스 0.01s | 클럽WC 0.00s | 국내컵 0.00s | 리그시뮬 0.09s)
[09-03 12:50:09] [PERF-DAY] 23주차 161일차 처리 0.106s (stype='휴식' | 그주마지막날=True | 경기있음=False | 부상=False)
[09-03 12:50:09] [AI리그] 24주차 2602경기, OVR캐시 11393→11393) 세부: 경기조회 0.008s | 시뮬루프 0.050s | executemany(2602건) 0.006s | teams반영+commit 0.010s
[09-03 12:50:09] [주 마무리] 24주차 0.08s (국제대회 0.00s | 챔스 0.00s | 클럽WC 0.00s | 국내컵 0.00s | 리그시뮬 0.07s)
[09-03 12:50:09] [PERF-DAY] 24주차 168일차 처리 0.077s (stype='휴식' | 그주마지막날=True | 경기있음=False | 부상=False)
[09-03 12:50:09] [PERF-DAILYHOOK] 25주차 169일차: process_intl_week 0.382s | process_cwc_week 0.000s
[09-03 12:50:09] [PERF-DAY] 25주차 169일차 처리 0.384s (stype='고강도' | 그주마지막날=False | 경기있음=False | 부상=False)
[09-03 12:50:09] [진행 총계] 0.41초
[09-03 12:50:12] [PERF-WEEKTAIL] 28주차: _pay_salary 0.000s | _advance_week 2.524s
[09-03 12:50:12] [PERF-DAY] 28주차 196일차 처리 2.533s (stype='휴식' | 그주마지막날=True | 경기있음=False | 부상=True)
[09-03 12:50:12] [진행 총계] 2.54초
[09-03 12:50:13] [AI리그] 29주차 4943경기, OVR캐시 11393→11393) 세부: 경기조회 0.010s | 시뮬루프 0.134s | executemany(4943건) 0.011s | teams반영+commit 0.026s
[09-03 12:50:13] [주 마무리] 29주차 0.18s (국제대회 0.00s | 챔스 0.00s | 클럽WC 0.00s | 국내컵 0.00s | 리그시뮬 0.18s)
[09-03 12:50:13] [PERF-DAY] 29주차 203일차 처리 0.186s (stype='휴식' | 그주마지막날=True | 경기있음=False | 부상=False)
[09-03 12:50:13] [AI리그] 30주차 6683경기, OVR캐시 11393→11393) 세부: 경기조회 0.010s | 시뮬루프 0.167s | executemany(6683건) 0.015s | teams반영+commit 0.035s
[09-03 12:50:13] [주 마무리] 30주차 0.30s (국제대회 0.00s | 챔스 0.00s | 클럽WC 0.00s | 국내컵 0.07s | 리그시뮬 0.23s)
[09-03 12:50:13] [PERF-DAY] 30주차 210일차 처리 0.298s (stype='휴식' | 그주마지막날=True | 경기있음=False | 부상=False)
[09-03 12:50:13] [진행 총계] 0.30초
[09-03 12:50:14] [AI리그] 31주차 6722경기, OVR캐시 11393→11393) 세부: 경기조회 0.010s | 시뮬루프 0.165s | executemany(6722건) 0.016s | teams반영+commit 0.038s
[09-03 12:50:14] [주 마무리] 31주차 0.23s (국제대회 0.00s | 챔스 0.00s | 클럽WC 0.00s | 국내컵 0.00s | 리그시뮬 0.23s)
[09-03 12:50:14] [PERF-DAY] 31주차 217일차 처리 0.233s (stype='휴식' | 그주마지막날=True | 경기있음=False | 부상=False)
[09-03 12:50:14] [AI리그] 32주차 6569경기, OVR캐시 11393→11393) 세부: 경기조회 0.009s | 시뮬루프 0.166s | executemany(6569건) 0.015s | teams반영+commit 0.037s
[09-03 12:50:14] [주 마무리] 32주차 0.29s (국제대회 0.00s | 챔스 0.00s | 클럽WC 0.00s | 국내컵 0.06s | 리그시뮬 0.23s)
[09-03 12:50:14] [PERF-DAY] 32주차 224일차 처리 0.295s (stype='휴식' | 그주마지막날=True | 경기있음=False | 부상=False)
[09-03 12:50:14] [AI리그] 33주차 6949경기, OVR캐시 11393→11393) 세부: 경기조회 0.009s | 시뮬루프 0.163s | executemany(6949건) 0.015s | teams반영+commit 0.035s
[09-03 12:50:14] [주 마무리] 33주차 0.23s (국제대회 0.00s | 챔스 0.00s | 클럽WC 0.00s | 국내컵 0.00s | 리그시뮬 0.22s)
[09-03 12:50:14] [PERF-DAY] 33주차 231일차 처리 0.227s (stype='휴식' | 그주마지막날=True | 경기있음=False | 부상=False)
[09-03 12:50:14] [AI리그] 34주차 6515경기, OVR캐시 11393→11393) 세부: 경기조회 0.008s | 시뮬루프 0.162s | executemany(6515건) 0.014s | teams반영+commit 0.036s
[09-03 12:50:14] [주 마무리] 34주차 0.27s (국제대회 0.00s | 챔스 0.00s | 클럽WC 0.00s | 국내컵 0.05s | 리그시뮬 0.22s)
[09-03 12:50:14] [PERF-DAY] 34주차 238일차 처리 0.271s (stype='휴식' | 그주마지막날=True | 경기있음=False | 부상=False)
[09-03 12:50:15] [AI리그] 35주차 6888경기, OVR캐시 11393→11393) 세부: 경기조회 0.008s | 시뮬루프 0.165s | executemany(6888건) 0.015s | teams반영+commit 0.036s
[09-03 12:50:15] [주 마무리] 35주차 0.23s (국제대회 0.00s | 챔스 0.00s | 클럽WC 0.00s | 국내컵 0.00s | 리그시뮬 0.23s)
[09-03 12:50:15] [PERF-DAY] 35주차 245일차 처리 0.229s (stype='휴식' | 그주마지막날=True | 경기있음=False | 부상=False)
[09-03 12:50:15] [AI리그] 36주차 7137경기, OVR캐시 11393→11393) 세부: 경기조회 0.008s | 시뮬루프 0.164s | executemany(7137건) 0.015s | teams반영+commit 0.035s
[09-03 12:50:15] [주 마무리] 36주차 0.27s (국제대회 0.00s | 챔스 0.00s | 클럽WC 0.00s | 국내컵 0.04s | 리그시뮬 0.22s)
[09-03 12:50:15] [PERF-DAY] 36주차 252일차 처리 0.270s (stype='휴식' | 그주마지막날=True | 경기있음=False | 부상=True)
[09-03 12:50:15] [AI리그] 37주차 6556경기, OVR캐시 11393→11393) 세부: 경기조회 0.008s | 시뮬루프 0.164s | executemany(6556건) 0.015s | teams반영+commit 0.038s
[09-03 12:50:15] [주 마무리] 37주차 0.23s (국제대회 0.00s | 챔스 0.00s | 클럽WC 0.00s | 국내컵 0.00s | 리그시뮬 0.23s)
[09-03 12:50:15] [PERF-DAY] 37주차 259일차 처리 0.229s (stype='휴식' | 그주마지막날=True | 경기있음=False | 부상=False)
[09-03 12:50:16] [AI리그] 38주차 6730경기, OVR캐시 11393→11393) 세부: 경기조회 0.007s | 시뮬루프 0.170s | executemany(6730건) 0.018s | teams반영+commit 0.040s
[09-03 12:50:16] [주 마무리] 38주차 0.30s (국제대회 0.00s | 챔스 0.00s | 클럽WC 0.00s | 국내컵 0.06s | 리그시뮬 0.24s)
[09-03 12:50:16] [PERF-DAY] 38주차 266일차 처리 0.302s (stype='휴식' | 그주마지막날=True | 경기있음=False | 부상=False)
[09-03 12:50:16] [진행 총계] 0.31초
[09-03 12:50:16] [AI리그] 39주차 6855경기, OVR캐시 11393→11393) 세부: 경기조회 0.007s | 시뮬루프 0.166s | executemany(6855건) 0.015s | teams반영+commit 0.037s
[09-03 12:50:16] [주 마무리] 39주차 0.23s (국제대회 0.00s | 챔스 0.00s | 클럽WC 0.00s | 국내컵 0.00s | 리그시뮬 0.23s)
[09-03 12:50:16] [PERF-DAY] 39주차 273일차 처리 0.229s (stype='휴식' | 그주마지막날=True | 경기있음=False | 부상=False)
[09-03 12:50:17] [AI리그] 40주차 6844경기, OVR캐시 11393→11393) 세부: 경기조회 0.006s | 시뮬루프 0.164s | executemany(6844건) 0.015s | teams반영+commit 0.036s
[09-03 12:50:17] [주 마무리] 40주차 0.25s (국제대회 0.00s | 챔스 0.00s | 클럽WC 0.00s | 국내컵 0.02s | 리그시뮬 0.22s)
[09-03 12:50:17] [PERF-DAY] 40주차 280일차 처리 0.249s (stype='휴식' | 그주마지막날=True | 경기있음=False | 부상=True)
[09-03 12:50:17] [AI리그] 41주차 6841경기, OVR캐시 11393→11393) 세부: 경기조회 0.005s | 시뮬루프 0.161s | executemany(6841건) 0.013s | teams반영+commit 0.028s
[09-03 12:50:17] [주 마무리] 41주차 0.21s (국제대회 0.00s | 챔스 0.00s | 클럽WC 0.00s | 국내컵 0.00s | 리그시뮬 0.21s)
[09-03 12:50:17] [PERF-DAY] 41주차 287일차 처리 0.212s (stype='휴식' | 그주마지막날=True | 경기있음=False | 부상=True)
[09-03 12:50:17] [AI리그] 42주차 6742경기, OVR캐시 11393→11393) 세부: 경기조회 0.005s | 시뮬루프 0.151s | executemany(6742건) 0.013s | teams반영+commit 0.026s
[09-03 12:50:17] [주 마무리] 42주차 0.20s (국제대회 0.00s | 챔스 0.00s | 클럽WC 0.00s | 국내컵 0.01s | 리그시뮬 0.20s)
[09-03 12:50:17] [PERF-DAY] 42주차 294일차 처리 0.205s (stype='휴식' | 그주마지막날=True | 경기있음=False | 부상=True)
[09-03 12:50:19] [PERF-PROMO] _process_promotion_relegation 세부: my_player/season조회 0.001s | teams+leagues조회 0.012s | standings계산(710개리그) 0.294s | ai_players OVR스캔 0.207s | 승강판정루프(211개국) 0.026s | executemany(1212건) 0.014s | 리스케일(1212건) 0.335s | commit/close 0.313s | 캐시무효화 0.000s
[09-03 12:50:19] [PERF-SEASON] finalize_club_season 세부: finish_incomplete_matches=0.042s | promotion_relegation=1.208s
[09-03 12:50:19] [PERF-YEAR] 43주차(CLUB_SEASON_END_DAY) 세부: finalize_club_season=1.251s | promotion_playoffs=0.023s | PRAGMA optimize=0.024s
[09-03 12:50:19] [PERF-DAY] 43주차 300일차 처리 1.310s (stype='휴식' | 그주마지막날=False | 경기있음=False | 부상=False)
[09-03 12:50:19] [진행 총계] 1.33초
[09-03 12:50:19] [PERF-DAILYHOOK] 44주차 306일차: process_po_week 0.064s
[09-03 12:50:19] [PERF-DAY] 44주차 306일차 처리 0.065s (stype='고강도' | 그주마지막날=False | 경기있음=False | 부상=False)
[09-03 12:50:19] [PERF-DAILYHOOK] 46주차 316일차: process_intl_week 0.129s | process_cwc_week 0.000s
[09-03 12:50:19] [PERF-DAY] 46주차 316일차 처리 0.130s (stype='고강도' | 그주마지막날=False | 경기있음=False | 부상=False)
[09-03 12:50:19] [PERF-DAILYHOOK] 46주차 317일차: process_intl_week 0.122s | process_cwc_week 0.000s
[09-03 12:50:19] [PERF-DAY] 46주차 317일차 처리 0.123s (stype='휴식' | 그주마지막날=False | 경기있음=False | 부상=False)
[09-03 12:50:19] [PERF-DAILYHOOK] 46주차 318일차: process_intl_week 0.130s | process_cwc_week 0.000s
[09-03 12:50:19] [PERF-DAY] 46주차 318일차 처리 0.132s (stype='고강도' | 그주마지막날=False | 경기있음=False | 부상=False)
[09-03 12:50:19] [PERF-DAILYHOOK] 46주차 319일차: process_intl_week 0.114s | process_cwc_week 0.000s
[09-03 12:50:19] [PERF-DAY] 46주차 319일차 처리 0.115s (stype='휴식' | 그주마지막날=False | 경기있음=False | 부상=False)
[09-03 12:50:19] [진행 총계] 0.53초
[09-03 12:50:53] [PERF]   _end_of_season 세부: AI생애주기 33.03s (승강제 타이밍은 43주 _finalize_club_season으로 이동 — 여기 안 잡힘)
[09-03 12:50:54] [PERF]   일정생성 세부: 아카이브이동 0.72s | 완비판정조회 0.01s | 기존경기dedup조회 0.00s | 일정계산 0.20s | INSERT+commit 0.37s | (대상리그 710개, 신규경기 201400건)
[09-03 12:50:55] [PERF]   인덱스재생성 0.35s
[09-03 12:50:57] [PERF] 연도전환 총 36.59s (커리어정리 0.00s | _end_of_season 33.03s | 일정생성 1.66s | 파워랭킹 1.87s | PRAGMA optimize 0.02s)
[09-03 12:50:57] [PERF-WEEKTAIL] 52주차: _pay_salary 0.000s | _advance_week 36.590s
[09-03 12:50:57] [PERF-DAY] 52주차 364일차 처리 36.592s (stype='휴식' | 그주마지막날=True | 경기있음=False | 부상=False)
[09-03 12:50:57] [진행 총계] 36.60초
[09-03 12:57:08] [AI리그] 4주차 4527경기, OVR캐시 0→9054) 세부: 경기조회 0.015s | 시뮬루프 0.333s | executemany(4527건) 0.011s | teams반영+commit 0.029s
[09-03 12:57:08] [주 마무리] 4주차 0.39s (국제대회 0.00s | 챔스 0.00s | 클럽WC 0.00s | 국내컵 0.00s | 리그시뮬 0.39s)
[09-03 12:57:08] [PERF-WEEKTAIL] 4주차: _pay_salary 0.000s | _advance_week 0.174s
[09-03 12:57:08] [PERF-DAY] 4주차 28일차 처리 0.566s (stype='휴식' | 그주마지막날=True | 경기있음=False | 부상=False)
[09-03 12:57:08] [진행 총계] 0.57초
[09-03 12:57:09] [AI리그] 5주차 5771경기, OVR캐시 11263→11393) 세부: 경기조회 0.021s | 시뮬루프 0.071s | executemany(5771건) 0.013s | teams반영+commit 0.041s
[09-03 12:57:09] [주 마무리] 5주차 0.28s (국제대회 0.00s | 챔스 0.00s | 클럽WC 0.00s | 국내컵 0.13s | 리그시뮬 0.15s)
[09-03 12:57:09] [PERF-DAY] 5주차 35일차 처리 0.277s (stype='휴식' | 그주마지막날=True | 경기있음=False | 부상=False)
[09-03 12:57:09] [AI리그] 6주차 5734경기, OVR캐시 11393→11393) 세부: 경기조회 0.015s | 시뮬루프 0.046s | executemany(5734건) 0.013s | teams반영+commit 0.040s
[09-03 12:57:09] [주 마무리] 6주차 0.24s (국제대회 0.00s | 챔스 0.00s | 클럽WC 0.00s | 국내컵 0.12s | 리그시뮬 0.11s)
[09-03 12:57:09] [PERF-DAY] 6주차 42일차 처리 0.239s (stype='휴식' | 그주마지막날=True | 경기있음=False | 부상=False)
[09-03 12:57:10] [AI리그] 7주차 5801경기, OVR캐시 11393→11393) 세부: 경기조회 0.015s | 시뮬루프 0.050s | executemany(5801건) 0.011s | teams반영+commit 0.035s
[09-03 12:57:10] [주 마무리] 7주차 0.21s (국제대회 0.00s | 챔스 0.00s | 클럽WC 0.00s | 국내컵 0.10s | 리그시뮬 0.11s)
[09-03 12:57:10] [PERF-DAY] 7주차 49일차 처리 0.273s (stype='휴식' | 그주마지막날=True | 경기있음=False | 부상=False)
[09-03 12:57:10] [AI리그] 8주차 5757경기, OVR캐시 11393→11393) 세부: 경기조회 0.014s | 시뮬루프 0.045s | executemany(5757건) 0.011s | teams반영+commit 0.033s
[09-03 12:57:10] [주 마무리] 8주차 0.11s (국제대회 0.00s | 챔스 0.00s | 클럽WC 0.00s | 국내컵 0.00s | 리그시뮬 0.11s)
[09-03 12:57:10] [PERF-DAY] 8주차 56일차 처리 0.110s (stype='휴식' | 그주마지막날=True | 경기있음=False | 부상=False)
[09-03 12:57:10] [AI리그] 9주차 5731경기, OVR캐시 11393→11393) 세부: 경기조회 0.014s | 시뮬루프 0.053s | executemany(5731건) 0.013s | teams반영+commit 0.035s
[09-03 12:57:10] [주 마무리] 9주차 0.14s (국제대회 0.00s | 챔스 0.03s | 클럽WC 0.00s | 국내컵 0.00s | 리그시뮬 0.12s)
[09-03 12:57:10] [PERF-DAY] 9주차 63일차 처리 0.146s (stype='휴식' | 그주마지막날=True | 경기있음=False | 부상=False)
[09-03 12:57:10] [AI리그] 10주차 5766경기, OVR캐시 11393→11393) 세부: 경기조회 0.014s | 시뮬루프 0.044s | executemany(5766건) 0.013s | teams반영+commit 0.035s
[09-03 12:57:10] [주 마무리] 10주차 0.13s (국제대회 0.00s | 챔스 0.02s | 클럽WC 0.00s | 국내컵 0.00s | 리그시뮬 0.11s)
[09-03 12:57:10] [PERF-DAY] 10주차 70일차 처리 0.132s (stype='휴식' | 그주마지막날=True | 경기있음=False | 부상=False)
[09-03 12:57:11] [AI리그] 11주차 5618경기, OVR캐시 11393→11393) 세부: 경기조회 0.013s | 시뮬루프 0.050s | executemany(5618건) 0.021s | teams반영+commit 0.061s
[09-03 12:57:11] [주 마무리] 11주차 0.18s (국제대회 0.00s | 챔스 0.03s | 클럽WC 0.00s | 국내컵 0.00s | 리그시뮬 0.15s)
[09-03 12:57:11] [PERF-DAY] 11주차 77일차 처리 0.184s (stype='휴식' | 그주마지막날=True | 경기있음=False | 부상=True)
[09-03 12:57:11] [AI리그] 12주차 5609경기, OVR캐시 11393→11393) 세부: 경기조회 0.016s | 시뮬루프 0.064s | executemany(5609건) 0.019s | teams반영+commit 0.041s
[09-03 12:57:11] [주 마무리] 12주차 0.18s (국제대회 0.00s | 챔스 0.04s | 클럽WC 0.00s | 국내컵 0.00s | 리그시뮬 0.14s)
[09-03 12:57:11] [PERF-DAY] 12주차 84일차 처리 0.182s (stype='휴식' | 그주마지막날=True | 경기있음=False | 부상=True)
[09-03 12:57:11] [AI리그] 13주차 5233경기, OVR캐시 11393→11393) 세부: 경기조회 0.013s | 시뮬루프 0.061s | executemany(5233건) 0.019s | teams반영+commit 0.050s
[09-03 12:57:11] [주 마무리] 13주차 0.17s (국제대회 0.00s | 챔스 0.02s | 클럽WC 0.00s | 국내컵 0.00s | 리그시뮬 0.15s)
[09-03 12:57:11] [PERF-DAY] 13주차 91일차 처리 0.173s (stype='휴식' | 그주마지막날=True | 경기있음=False | 부상=False)
[09-03 12:57:11] [AI리그] 14주차 5527경기, OVR캐시 11393→11393) 세부: 경기조회 0.013s | 시뮬루프 0.063s | executemany(5527건) 0.015s | teams반영+commit 0.040s
[09-03 12:57:11] [주 마무리] 14주차 0.17s (국제대회 0.00s | 챔스 0.03s | 클럽WC 0.00s | 국내컵 0.00s | 리그시뮬 0.13s)
[09-03 12:57:11] [PERF-DAY] 14주차 98일차 처리 0.171s (stype='휴식' | 그주마지막날=True | 경기있음=False | 부상=True)
[09-03 12:57:12] [AI리그] 15주차 5747경기, OVR캐시 11393→11393) 세부: 경기조회 0.013s | 시뮬루프 0.064s | executemany(5747건) 0.017s | teams반영+commit 0.056s
[09-03 12:57:12] [주 마무리] 15주차 0.17s (국제대회 0.00s | 챔스 0.02s | 클럽WC 0.00s | 국내컵 0.00s | 리그시뮬 0.15s)
[09-03 12:57:12] [PERF-DAY] 15주차 105일차 처리 0.176s (stype='휴식' | 그주마지막날=True | 경기있음=False | 부상=True)
[09-03 12:57:12] [AI리그] 16주차 5732경기, OVR캐시 11393→11393) 세부: 경기조회 0.015s | 시뮬루프 0.044s | executemany(5732건) 0.013s | teams반영+commit 0.036s
[09-03 12:57:12] [주 마무리] 16주차 0.15s (국제대회 0.00s | 챔스 0.04s | 클럽WC 0.00s | 국내컵 0.00s | 리그시뮬 0.11s)
[09-03 12:57:12] [PERF-DAY] 16주차 112일차 처리 0.151s (stype='휴식' | 그주마지막날=True | 경기있음=False | 부상=True)
[09-03 12:57:12] [AI리그] 17주차 5482경기, OVR캐시 11393→11393) 세부: 경기조회 0.012s | 시뮬루프 0.049s | executemany(5482건) 0.012s | teams반영+commit 0.035s
[09-03 12:57:12] [주 마무리] 17주차 0.12s (국제대회 0.00s | 챔스 0.01s | 클럽WC 0.00s | 국내컵 0.00s | 리그시뮬 0.11s)
[09-03 12:57:12] [PERF-DAY] 17주차 119일차 처리 0.123s (stype='휴식' | 그주마지막날=True | 경기있음=False | 부상=True)
[09-03 12:57:12] [AI리그] 18주차 5384경기, OVR캐시 11393→11393) 세부: 경기조회 0.011s | 시뮬루프 0.041s | executemany(5384건) 0.013s | teams반영+commit 0.038s
[09-03 12:57:12] [주 마무리] 18주차 0.13s (국제대회 0.00s | 챔스 0.02s | 클럽WC 0.00s | 국내컵 0.00s | 리그시뮬 0.11s)
[09-03 12:57:12] [PERF-DAY] 18주차 126일차 처리 0.130s (stype='휴식' | 그주마지막날=True | 경기있음=False | 부상=True)
[09-03 12:57:13] [AI리그] 19주차 3886경기, OVR캐시 11393→11393) 세부: 경기조회 0.018s | 시뮬루프 0.032s | executemany(3886건) 0.009s | teams반영+commit 0.025s
[09-03 12:57:13] [주 마무리] 19주차 0.10s (국제대회 0.00s | 챔스 0.01s | 클럽WC 0.00s | 국내컵 0.00s | 리그시뮬 0.09s)
[09-03 12:57:13] [PERF-DAY] 19주차 133일차 처리 0.097s (stype='휴식' | 그주마지막날=True | 경기있음=False | 부상=True)
[09-03 12:57:13] [AI리그] 20주차 3343경기, OVR캐시 11393→11393) 세부: 경기조회 0.017s | 시뮬루프 0.049s | executemany(3343건) 0.010s | teams반영+commit 0.034s
[09-03 12:57:13] [주 마무리] 20주차 0.14s (국제대회 0.00s | 챔스 0.03s | 클럽WC 0.00s | 국내컵 0.00s | 리그시뮬 0.11s)
[09-03 12:57:13] [PERF-DAY] 20주차 140일차 처리 0.142s (stype='휴식' | 그주마지막날=True | 경기있음=False | 부상=True)
[09-03 12:57:13] [AI리그] 21주차 2934경기, OVR캐시 11393→11393) 세부: 경기조회 0.012s | 시뮬루프 0.027s | executemany(2934건) 0.007s | teams반영+commit 0.019s
[09-03 12:57:13] [주 마무리] 21주차 0.09s (국제대회 0.00s | 챔스 0.02s | 클럽WC 0.00s | 국내컵 0.00s | 리그시뮬 0.07s)
[09-03 12:57:13] [PERF-DAY] 21주차 147일차 처리 0.088s (stype='휴식' | 그주마지막날=True | 경기있음=False | 부상=True)
[09-03 12:57:13] [AI리그] 22주차 2779경기, OVR캐시 11393→11393) 세부: 경기조회 0.009s | 시뮬루프 0.023s | executemany(2779건) 0.007s | teams반영+commit 0.017s
[09-03 12:57:13] [주 마무리] 22주차 0.07s (국제대회 0.00s | 챔스 0.01s | 클럽WC 0.00s | 국내컵 0.00s | 리그시뮬 0.06s)
[09-03 12:57:13] [PERF-DAY] 22주차 154일차 처리 0.072s (stype='휴식' | 그주마지막날=True | 경기있음=False | 부상=True)
[09-03 12:57:13] [주 마무리] 23주차 0.06s (국제대회 0.00s | 챔스 0.01s | 클럽WC 0.00s | 국내컵 0.00s | 리그시뮬 0.05s)
[09-03 12:57:13] [PERF-DAY] 23주차 161일차 처리 0.065s (stype='휴식' | 그주마지막날=True | 경기있음=False | 부상=True)
[09-03 12:57:14] [AI리그] 24주차 2602경기, OVR캐시 11393→11393) 세부: 경기조회 0.010s | 시뮬루프 0.025s | executemany(2602건) 0.006s | teams반영+commit 0.011s
[09-03 12:57:14] [주 마무리] 24주차 0.06s (국제대회 0.00s | 챔스 0.00s | 클럽WC 0.00s | 국내컵 0.00s | 리그시뮬 0.05s)
[09-03 12:57:14] [PERF-DAY] 24주차 168일차 처리 0.057s (stype='휴식' | 그주마지막날=True | 경기있음=False | 부상=True)
[09-03 12:57:14] [PERF-DAILYHOOK] 25주차 169일차: process_intl_week 0.436s | process_cwc_week 0.000s
[09-03 12:57:14] [PERF-DAY] 25주차 169일차 처리 0.438s (stype='고강도' | 그주마지막날=False | 경기있음=False | 부상=True)
[09-03 12:57:14] [진행 총계] 0.47초
[09-03 12:57:15] [PERF-DAY] 27주차 189일차 처리 0.055s (stype='휴식' | 그주마지막날=True | 경기있음=False | 부상=True)
[09-03 12:57:18] [PERF-WEEKTAIL] 28주차: _pay_salary 0.000s | _advance_week 2.863s
[09-03 12:57:18] [PERF-DAY] 28주차 196일차 처리 2.876s (stype='휴식' | 그주마지막날=True | 경기있음=False | 부상=True)
[09-03 12:57:18] [진행 총계] 2.89초
[09-03 12:57:18] [AI리그] 29주차 4943경기, OVR캐시 11393→11393) 세부: 경기조회 0.011s | 시뮬루프 0.037s | executemany(4943건) 0.012s | teams반영+commit 0.032s
[09-03 12:57:18] [주 마무리] 29주차 0.10s (국제대회 0.00s | 챔스 0.00s | 클럽WC 0.00s | 국내컵 0.00s | 리그시뮬 0.09s)
[09-03 12:57:18] [PERF-DAY] 29주차 203일차 처리 0.098s (stype='휴식' | 그주마지막날=True | 경기있음=False | 부상=False)
[09-03 12:57:18] [AI리그] 30주차 6683경기, OVR캐시 11393→11393) 세부: 경기조회 0.014s | 시뮬루프 0.049s | executemany(6683건) 0.016s | teams반영+commit 0.043s
[09-03 12:57:18] [주 마무리] 30주차 0.22s (국제대회 0.00s | 챔스 0.00s | 클럽WC 0.00s | 국내컵 0.10s | 리그시뮬 0.12s)
[09-03 12:57:18] [PERF-DAY] 30주차 210일차 처리 0.225s (stype='휴식' | 그주마지막날=True | 경기있음=False | 부상=False)
[09-03 12:57:18] [AI리그] 31주차 6722경기, OVR캐시 11393→11393) 세부: 경기조회 0.010s | 시뮬루프 0.050s | executemany(6722건) 0.017s | teams반영+commit 0.042s
[09-03 12:57:18] [주 마무리] 31주차 0.12s (국제대회 0.00s | 챔스 0.00s | 클럽WC 0.00s | 국내컵 0.00s | 리그시뮬 0.12s)
[09-03 12:57:18] [PERF-DAY] 31주차 217일차 처리 0.125s (stype='휴식' | 그주마지막날=True | 경기있음=False | 부상=False)
[09-03 12:57:19] [AI리그] 32주차 6569경기, OVR캐시 11393→11393) 세부: 경기조회 0.010s | 시뮬루프 0.049s | executemany(6569건) 0.015s | teams반영+commit 0.038s
[09-03 12:57:19] [주 마무리] 32주차 0.19s (국제대회 0.00s | 챔스 0.00s | 클럽WC 0.00s | 국내컵 0.07s | 리그시뮬 0.11s)
[09-03 12:57:19] [PERF-DAY] 32주차 224일차 처리 0.188s (stype='휴식' | 그주마지막날=True | 경기있음=False | 부상=False)
[09-03 12:57:19] [AI리그] 33주차 6949경기, OVR캐시 11393→11393) 세부: 경기조회 0.009s | 시뮬루프 0.050s | executemany(6949건) 0.016s | teams반영+commit 0.039s
[09-03 12:57:19] [주 마무리] 33주차 0.12s (국제대회 0.00s | 챔스 0.00s | 클럽WC 0.00s | 국내컵 0.00s | 리그시뮬 0.12s)
[09-03 12:57:19] [PERF-DAY] 33주차 231일차 처리 0.119s (stype='휴식' | 그주마지막날=True | 경기있음=False | 부상=False)
[09-03 12:57:19] [AI리그] 34주차 6515경기, OVR캐시 11393→11393) 세부: 경기조회 0.011s | 시뮬루프 0.054s | executemany(6515건) 0.015s | teams반영+commit 0.037s
[09-03 12:57:19] [주 마무리] 34주차 0.20s (국제대회 0.00s | 챔스 0.00s | 클럽WC 0.00s | 국내컵 0.08s | 리그시뮬 0.12s)
[09-03 12:57:19] [PERF-DAY] 34주차 238일차 처리 0.202s (stype='휴식' | 그주마지막날=True | 경기있음=False | 부상=False)
[09-03 12:57:19] [AI리그] 35주차 6888경기, OVR캐시 11393→11393) 세부: 경기조회 0.009s | 시뮬루프 0.050s | executemany(6888건) 0.017s | teams반영+commit 0.041s
[09-03 12:57:19] [주 마무리] 35주차 0.12s (국제대회 0.00s | 챔스 0.00s | 클럽WC 0.00s | 국내컵 0.00s | 리그시뮬 0.12s)
[09-03 12:57:19] [PERF-DAY] 35주차 245일차 처리 0.123s (stype='휴식' | 그주마지막날=True | 경기있음=False | 부상=False)
[09-03 12:57:20] [AI리그] 36주차 7137경기, OVR캐시 11393→11393) 세부: 경기조회 0.009s | 시뮬루프 0.051s | executemany(7137건) 0.017s | teams반영+commit 0.042s
[09-03 12:57:20] [주 마무리] 36주차 0.17s (국제대회 0.00s | 챔스 0.00s | 클럽WC 0.00s | 국내컵 0.05s | 리그시뮬 0.12s)
[09-03 12:57:20] [PERF-DAY] 36주차 252일차 처리 0.175s (stype='휴식' | 그주마지막날=True | 경기있음=False | 부상=True)
[09-03 12:57:20] [AI리그] 37주차 6556경기, OVR캐시 11393→11393) 세부: 경기조회 0.008s | 시뮬루프 0.048s | executemany(6556건) 0.014s | teams반영+commit 0.035s
[09-03 12:57:20] [주 마무리] 37주차 0.11s (국제대회 0.00s | 챔스 0.00s | 클럽WC 0.00s | 국내컵 0.00s | 리그시뮬 0.11s)
[09-03 12:57:20] [PERF-DAY] 37주차 259일차 처리 0.111s (stype='휴식' | 그주마지막날=True | 경기있음=False | 부상=True)
[09-03 12:57:20] [AI리그] 38주차 6730경기, OVR캐시 11393→11393) 세부: 경기조회 0.010s | 시뮬루프 0.082s | executemany(6730건) 0.027s | teams반영+commit 0.049s
[09-03 12:57:20] [주 마무리] 38주차 0.25s (국제대회 0.00s | 챔스 0.00s | 클럽WC 0.00s | 국내컵 0.08s | 리그시뮬 0.17s)
[09-03 12:57:20] [PERF-DAY] 38주차 266일차 처리 0.251s (stype='휴식' | 그주마지막날=True | 경기있음=False | 부상=False)
[09-03 12:57:20] [AI리그] 39주차 6855경기, OVR캐시 11393→11393) 세부: 경기조회 0.008s | 시뮬루프 0.053s | executemany(6855건) 0.016s | teams반영+commit 0.039s
[09-03 12:57:20] [주 마무리] 39주차 0.12s (국제대회 0.00s | 챔스 0.00s | 클럽WC 0.00s | 국내컵 0.00s | 리그시뮬 0.12s)
[09-03 12:57:20] [PERF-DAY] 39주차 273일차 처리 0.122s (stype='휴식' | 그주마지막날=True | 경기있음=False | 부상=False)
[09-03 12:57:21] [AI리그] 40주차 6844경기, OVR캐시 11393→11393) 세부: 경기조회 0.006s | 시뮬루프 0.047s | executemany(6844건) 0.016s | teams반영+commit 0.040s
[09-03 12:57:21] [주 마무리] 40주차 0.14s (국제대회 0.00s | 챔스 0.00s | 클럽WC 0.00s | 국내컵 0.02s | 리그시뮬 0.11s)
[09-03 12:57:21] [PERF-DAY] 40주차 280일차 처리 0.139s (stype='휴식' | 그주마지막날=True | 경기있음=False | 부상=False)
[09-03 12:57:21] [AI리그] 41주차 6841경기, OVR캐시 11393→11393) 세부: 경기조회 0.006s | 시뮬루프 0.048s | executemany(6841건) 0.015s | teams반영+commit 0.037s
[09-03 12:57:21] [주 마무리] 41주차 0.11s (국제대회 0.00s | 챔스 0.00s | 클럽WC 0.00s | 국내컵 0.00s | 리그시뮬 0.11s)
[09-03 12:57:21] [PERF-DAY] 41주차 287일차 처리 0.110s (stype='휴식' | 그주마지막날=True | 경기있음=False | 부상=False)
[09-03 12:57:21] [AI리그] 42주차 6742경기, OVR캐시 11393→11393) 세부: 경기조회 0.005s | 시뮬루프 0.046s | executemany(6742건) 0.015s | teams반영+commit 0.034s
[09-03 12:57:21] [주 마무리] 42주차 0.11s (국제대회 0.00s | 챔스 0.00s | 클럽WC 0.00s | 국내컵 0.01s | 리그시뮬 0.10s)
[09-03 12:57:21] [PERF-DAY] 42주차 294일차 처리 0.110s (stype='휴식' | 그주마지막날=True | 경기있음=False | 부상=False)
[09-03 12:57:23] [PERF-PROMO] _process_promotion_relegation 세부: my_player/season조회 0.001s | teams+leagues조회 0.012s | standings계산(710개리그) 0.268s | ai_players OVR스캔 0.226s | 승강판정루프(211개국) 0.026s | executemany(1212건) 0.018s | 리스케일(1212건) 0.342s | commit/close 0.373s | 캐시무효화 0.000s
[09-03 12:57:23] [PERF-SEASON] finalize_club_season 세부: finish_incomplete_matches=0.046s | promotion_relegation=1.277s
[09-03 12:57:23] [PERF-YEAR] 43주차(CLUB_SEASON_END_DAY) 세부: finalize_club_season=1.323s | promotion_playoffs=0.023s | PRAGMA optimize=0.001s
[09-03 12:57:23] [PERF-DAY] 43주차 300일차 처리 1.361s (stype='휴식' | 그주마지막날=False | 경기있음=False | 부상=False)
[09-03 12:57:23] [진행 총계] 1.39초
[09-03 12:57:23] [PERF-DAILYHOOK] 44주차 306일차: process_po_week 0.071s
[09-03 12:57:23] [PERF-DAY] 44주차 306일차 처리 0.073s (stype='고강도' | 그주마지막날=False | 경기있음=False | 부상=False)
[09-03 12:57:24] [PERF-DAILYHOOK] 46주차 316일차: process_intl_week 0.607s | process_cwc_week 0.000s
[09-03 12:57:24] [PERF-DAY] 46주차 316일차 처리 0.608s (stype='고강도' | 그주마지막날=False | 경기있음=False | 부상=True)
[09-03 12:57:24] [PERF-DAILYHOOK] 46주차 317일차: process_intl_week 0.135s | process_cwc_week 0.000s
[09-03 12:57:24] [PERF-DAY] 46주차 317일차 처리 0.136s (stype='휴식' | 그주마지막날=False | 경기있음=False | 부상=True)
[09-03 12:57:24] [PERF-DAILYHOOK] 46주차 320일차: process_intl_week 0.124s | process_cwc_week 0.000s
[09-03 12:57:24] [PERF-DAY] 46주차 320일차 처리 0.125s (stype='고강도' | 그주마지막날=False | 경기있음=False | 부상=True)
[09-03 12:57:24] [진행 총계] 0.90초
[09-03 12:58:01] [PERF]   _end_of_season 세부: AI생애주기 36.23s (승강제 타이밍은 43주 _finalize_club_season으로 이동 — 여기 안 잡힘)
[09-03 12:58:03] [PERF]   일정생성 세부: 아카이브이동 0.80s | 완비판정조회 0.01s | 기존경기dedup조회 0.00s | 일정계산 0.25s | INSERT+commit 0.39s | (대상리그 710개, 신규경기 201400건)
[09-03 12:58:03] [PERF]   인덱스재생성 0.36s
[09-03 12:58:05] [PERF] 연도전환 총 39.69s (커리어정리 0.00s | _end_of_season 36.24s | 일정생성 1.82s | 파워랭킹 1.63s | PRAGMA optimize 0.00s)
[09-03 12:58:05] [PERF-WEEKTAIL] 52주차: _pay_salary 0.000s | _advance_week 39.694s
[09-03 12:58:05] [PERF-DAY] 52주차 364일차 처리 39.696s (stype='휴식' | 그주마지막날=True | 경기있음=False | 부상=False)
[09-03 12:58:05] [진행 총계] 39.70초
[09-03 12:58:09] 프리페치 준비(라인업 뽑기, UI 스레드) 2ms
[09-03 12:58:09] 프리페치 스캔 — day 8~28(21일) 중 내 경기 1건 등록
[09-03 12:58:10] 프리페치 준비(라인업 뽑기, UI 스레드) 2ms
[09-03 12:58:10] 프리페치 준비(라인업 뽑기, UI 스레드) 1ms
[09-03 12:58:10] 프리페치 스캔 — day 22~42(21일) 중 내 경기 3건 등록
[09-03 12:58:11] 프리페치 스캔 — day 22~42(21일) 중 내 경기 3건 등록
[09-03 12:58:11] 프리페치 스캔 — day 22~42(21일) 중 내 경기 3건 등록
[09-03 12:58:30] 미리 돌려둔 결과 적중 (0초)
[09-03 12:58:30] 프리페치 통계 — 생성 3, 적중 1, 미적중 0, 대기후적중 1, 중복생략 7 (적중률 100%)
[09-03 12:58:30] OK  라이브 시뮬 결과 사용  폰테 레스테 vs 디리 시티 2-1  seed=104340004
[09-03 12:58:30] [PERF-DISPATCH] 4주차 25일차 경기/훈련 처리 19.062s (stype='경기')
[09-03 12:58:30] [PERF-DAY] 4주차 25일차 처리 19.063s (stype='경기' | 그주마지막날=False | 경기있음=True | 부상=False)
[09-03 12:58:32] [AI리그] 4주차 4526경기, OVR캐시 2→9054) 세부: 경기조회 0.015s | 시뮬루프 1.833s | executemany(4526건) 0.011s | teams반영+commit 0.031s
[09-03 12:58:32] [주 마무리] 4주차 1.90s (국제대회 0.00s | 챔스 0.00s | 클럽WC 0.00s | 국내컵 0.00s | 리그시뮬 1.90s)
[09-03 12:58:32] [PERF-WEEKTAIL] 4주차: _pay_salary 0.000s | _advance_week 0.181s
[09-03 12:58:32] [PERF-DAY] 4주차 28일차 처리 2.079s (stype='휴식' | 그주마지막날=True | 경기있음=False | 부상=True)
[09-03 12:58:32] [진행 총계] 21.15초
[09-03 12:58:34] 프리페치 준비(라인업 뽑기, UI 스레드) 2ms
[09-03 12:58:34] 프리페치 스캔 — day 29~49(21일) 중 내 경기 3건 등록
[09-03 13:03:20] 프리페치 준비(라인업 뽑기, UI 스레드) 2ms
[09-03 13:03:20] 프리페치 준비(라인업 뽑기, UI 스레드) 1ms
[09-03 13:03:20] 프리페치 준비(라인업 뽑기, UI 스레드) 2ms
[09-03 13:03:20] 프리페치 스캔 — day 29~49(21일) 중 내 경기 3건 등록
[09-03 13:03:43] 미리 돌려둔 결과 적중 (0초)
[09-03 13:03:43] 프리페치 통계 — 생성 3, 적중 1, 미적중 0, 대기후적중 1, 중복생략 0 (적중률 100%)
[09-03 13:03:43] OK  라이브 시뮬 결과 사용  폰테 레스테 vs 포르투 타이베시 0-0  seed=589998893
[09-03 13:03:43] [내경기] 22.30s — 준비(OVR/라인업/징계) 0.00s | 라이브시뮬 22.30s | 개인성적/카드 0.00s | 팀전적반영 0.01s | 스탯/관계/부상 0.00s | 경기기록저장 0.00s
[09-03 13:03:43] [PERF-DISPATCH] 5주차 33일차 경기/훈련 처리 22.305s (stype='경기')
[09-03 13:03:43] [PERF-DAY] 5주차 33일차 처리 22.306s (stype='경기' | 그주마지막날=False | 경기있음=True | 부상=False)
[09-03 13:03:44] [AI리그] 5주차 5770경기, OVR캐시 6961→11299) 세부: 경기조회 0.015s | 시뮬루프 0.266s | executemany(5770건) 0.014s | teams반영+commit 0.045s
[09-03 13:03:44] [주 마무리] 5주차 0.99s (국제대회 0.00s | 챔스 0.00s | 클럽WC 0.00s | 국내컵 0.65s | 리그시뮬 0.34s)
[09-03 13:03:44] [PERF-DAY] 5주차 35일차 처리 0.993s (stype='휴식' | 그주마지막날=True | 경기있음=False | 부상=False)
[09-03 13:03:44] [진행 총계] 23.31초
[09-03 13:03:45] 프리페치 준비(라인업 뽑기, UI 스레드) 2ms
[09-03 13:03:45] 프리페치 스캔 — day 36~56(21일) 중 내 경기 3건 등록
[09-03 13:04:02] [AI리그] 6주차 5733경기, OVR캐시 11299→11393) 세부: 경기조회 0.015s | 시뮬루프 0.051s | executemany(5733건) 0.013s | teams반영+commit 0.039s
[09-03 13:04:02] [주 마무리] 6주차 0.24s (국제대회 0.00s | 챔스 0.00s | 클럽WC 0.00s | 국내컵 0.12s | 리그시뮬 0.12s)
[09-03 13:04:02] [PERF-DAY] 6주차 42일차 처리 0.239s (stype='휴식' | 그주마지막날=True | 경기있음=False | 부상=True)
[09-03 13:04:03] 프리페치 준비(라인업 뽑기, UI 스레드) 2ms
[09-03 13:04:03] 프리페치 스캔 — day 43~63(21일) 중 내 경기 4건 등록
[09-03 13:04:04] [AI리그] 7주차 5800경기, OVR캐시 11393→11393) 세부: 경기조회 0.015s | 시뮬루프 0.046s | executemany(5800건) 0.014s | teams반영+commit 0.044s
[09-03 13:04:04] [주 마무리] 7주차 0.21s (국제대회 0.00s | 챔스 0.00s | 클럽WC 0.00s | 국내컵 0.09s | 리그시뮬 0.12s)
[09-03 13:04:05] [PERF-DAY] 7주차 49일차 처리 0.288s (stype='경기' | 그주마지막날=True | 경기있음=False | 부상=True)
[09-03 13:04:05] [AI리그] 8주차 5756경기, OVR캐시 11393→11393) 세부: 경기조회 0.016s | 시뮬루프 0.050s | executemany(5756건) 0.012s | teams반영+commit 0.035s
[09-03 13:04:05] [주 마무리] 8주차 0.12s (국제대회 0.00s | 챔스 0.00s | 클럽WC 0.00s | 국내컵 0.00s | 리그시뮬 0.12s)
[09-03 13:04:05] [PERF-DAY] 8주차 56일차 처리 0.122s (stype='경기' | 그주마지막날=True | 경기있음=False | 부상=True)
[09-03 13:04:06] 프리페치 준비(라인업 뽑기, UI 스레드) 2ms
[09-03 13:04:06] 프리페치 준비(라인업 뽑기, UI 스레드) 1ms
[09-03 13:04:06] 프리페치 준비(라인업 뽑기, UI 스레드) 2ms
[09-03 13:04:06] 프리페치 스캔 — day 62~82(21일) 중 내 경기 4건 등록
[09-03 13:04:06] 프리페치 스캔 — day 62~82(21일) 중 내 경기 4건 등록
[09-03 13:04:29] 미리 돌려둔 결과 적중 (0초)
[09-03 13:04:29] 프리페치 통계 — 생성 8, 적중 2, 미적중 0, 대기후적중 2, 중복생략 9 (적중률 100%)
[09-03 13:04:29] OK  라이브 시뮬 결과 사용  폰테 레스테 vs 나게르카 1-2  seed=1844437811
[09-03 13:04:29] [내경기] 23.93s — 준비(OVR/라인업/징계) 0.00s | 라이브시뮬 23.93s | 개인성적/카드 0.00s | 팀전적반영 0.00s | 스탯/관계/부상 0.00s | 경기기록저장 0.00s
[09-03 13:04:29] [PERF-DISPATCH] 9주차 62일차 경기/훈련 처리 23.933s (stype='경기')
[09-03 13:04:29] [PERF-DAY] 9주차 62일차 처리 23.935s (stype='경기' | 그주마지막날=False | 경기있음=True | 부상=False)
[09-03 13:04:33] [AI리그] 9주차 5730경기, OVR캐시 11393→11393) 세부: 경기조회 0.435s | 시뮬루프 0.880s | executemany(5730건) 0.867s | teams반영+commit 1.076s
[09-03 13:04:33] [주 마무리] 9주차 3.38s (국제대회 0.00s | 챔스 0.11s | 클럽WC 0.00s | 국내컵 0.00s | 리그시뮬 3.26s)
[09-03 13:04:33] [PERF-DAY] 9주차 63일차 처리 3.379s (stype='휴식' | 그주마지막날=True | 경기있음=False | 부상=False)
[09-03 13:04:33] [진행 총계] 27.32초
[09-03 13:04:35] 프리페치 스캔 — day 64~84(21일) 중 내 경기 3건 등록
[09-03 13:46:49] [AI리그] 10주차 5765경기, OVR캐시 2→11123) 세부: 경기조회 0.017s | 시뮬루프 0.425s | executemany(5765건) 0.015s | teams반영+commit 0.041s
[09-03 13:46:49] [주 마무리] 10주차 0.53s (국제대회 0.00s | 챔스 0.03s | 클럽WC 0.00s | 국내컵 0.00s | 리그시뮬 0.50s)
[09-03 13:46:49] [PERF-DAY] 10주차 70일차 처리 0.532s (stype='휴식' | 그주마지막날=True | 경기있음=False | 부상=False)
[09-03 13:46:49] [진행 총계] 0.55초
[09-03 16:23:56] [PERF]   일정생성 세부: 아카이브이동 0.00s | 완비판정조회 0.01s | 기존경기dedup조회 0.00s | 일정계산 0.21s | INSERT+commit 0.34s | (대상리그 710개, 신규경기 201400건)
[09-03 16:23:56] [PERF]   인덱스재생성 0.36s
[09-03 16:24:51] [AI리그] 4주차 4527경기, OVR캐시 0→9054) 세부: 경기조회 0.014s | 시뮬루프 0.372s | executemany(4527건) 0.011s | teams반영+commit 0.030s
[09-03 16:24:51] [주 마무리] 4주차 0.43s (국제대회 0.00s | 챔스 0.00s | 클럽WC 0.00s | 국내컵 0.00s | 리그시뮬 0.43s)
[09-03 16:24:51] [PERF-WEEKTAIL] 4주차: _pay_salary 0.000s | _advance_week 0.162s
[09-03 16:24:51] [PERF-DAY] 4주차 28일차 처리 0.593s (stype='휴식' | 그주마지막날=True | 경기있음=False | 부상=False)
[09-03 16:24:51] [진행 총계] 0.60초
[09-03 16:24:52] [AI리그] 5주차 5771경기, OVR캐시 11263→11393) 세부: 경기조회 0.015s | 시뮬루프 0.179s | executemany(5771건) 0.013s | teams반영+commit 0.039s
[09-03 16:24:52] [주 마무리] 5주차 0.36s (국제대회 0.00s | 챔스 0.00s | 클럽WC 0.00s | 국내컵 0.12s | 리그시뮬 0.25s)
[09-03 16:24:52] [PERF-DAY] 5주차 35일차 처리 0.364s (stype='휴식' | 그주마지막날=True | 경기있음=False | 부상=False)
[09-03 16:24:52] [진행 총계] 0.37초
[09-03 16:24:52] [AI리그] 6주차 5734경기, OVR캐시 11393→11393) 세부: 경기조회 0.015s | 시뮬루프 0.151s | executemany(5734건) 0.013s | teams반영+commit 0.041s
[09-03 16:24:52] [주 마무리] 6주차 0.34s (국제대회 0.00s | 챔스 0.00s | 클럽WC 0.00s | 국내컵 0.12s | 리그시뮬 0.22s)
[09-03 16:24:52] [PERF-DAY] 6주차 42일차 처리 0.340s (stype='휴식' | 그주마지막날=True | 경기있음=False | 부상=False)
[09-03 16:24:52] [진행 총계] 0.35초
[09-03 16:24:53] [AI리그] 7주차 5801경기, OVR캐시 11393→11393) 세부: 경기조회 0.015s | 시뮬루프 0.158s | executemany(5801건) 0.011s | teams반영+commit 0.030s
[09-03 16:24:53] [주 마무리] 7주차 0.32s (국제대회 0.00s | 챔스 0.00s | 클럽WC 0.00s | 국내컵 0.10s | 리그시뮬 0.22s)
[09-03 16:24:53] [PERF-DAY] 7주차 49일차 처리 0.358s (stype='휴식' | 그주마지막날=True | 경기있음=False | 부상=False)
[09-03 16:24:53] [진행 총계] 0.36초
[09-03 16:24:53] [AI리그] 8주차 5757경기, OVR캐시 11393→11393) 세부: 경기조회 0.014s | 시뮬루프 0.149s | executemany(5757건) 0.011s | teams반영+commit 0.031s
[09-03 16:24:53] [주 마무리] 8주차 0.21s (국제대회 0.00s | 챔스 0.00s | 클럽WC 0.00s | 국내컵 0.00s | 리그시뮬 0.21s)
[09-03 16:24:53] [PERF-DAY] 8주차 56일차 처리 0.212s (stype='휴식' | 그주마지막날=True | 경기있음=False | 부상=False)
[09-03 16:24:53] [AI리그] 9주차 5731경기, OVR캐시 11393→11393) 세부: 경기조회 0.014s | 시뮬루프 0.151s | executemany(5731건) 0.015s | teams반영+commit 0.036s
[09-03 16:24:53] [주 마무리] 9주차 0.25s (국제대회 0.00s | 챔스 0.03s | 클럽WC 0.00s | 국내컵 0.00s | 리그시뮬 0.22s)
[09-03 16:24:53] [PERF-DAY] 9주차 63일차 처리 0.247s (stype='휴식' | 그주마지막날=True | 경기있음=False | 부상=False)
[09-03 16:24:53] [AI리그] 10주차 5766경기, OVR캐시 11393→11393) 세부: 경기조회 0.013s | 시뮬루프 0.156s | executemany(5766건) 0.014s | teams반영+commit 0.039s
[09-03 16:24:53] [주 마무리] 10주차 0.25s (국제대회 0.00s | 챔스 0.02s | 클럽WC 0.00s | 국내컵 0.00s | 리그시뮬 0.22s)
[09-03 16:24:53] [PERF-DAY] 10주차 70일차 처리 0.250s (stype='휴식' | 그주마지막날=True | 경기있음=False | 부상=False)
[09-03 16:24:54] [AI리그] 11주차 5618경기, OVR캐시 11393→11393) 세부: 경기조회 0.013s | 시뮬루프 0.147s | executemany(5618건) 0.013s | teams반영+commit 0.038s
[09-03 16:24:54] [주 마무리] 11주차 0.24s (국제대회 0.00s | 챔스 0.02s | 클럽WC 0.00s | 국내컵 0.00s | 리그시뮬 0.21s)
[09-03 16:24:54] [PERF-DAY] 11주차 77일차 처리 0.237s (stype='휴식' | 그주마지막날=True | 경기있음=False | 부상=False)
[09-03 16:24:54] [AI리그] 12주차 5609경기, OVR캐시 11393→11393) 세부: 경기조회 0.013s | 시뮬루프 0.147s | executemany(5609건) 0.013s | teams반영+commit 0.037s
[09-03 16:24:54] [주 마무리] 12주차 0.23s (국제대회 0.00s | 챔스 0.02s | 클럽WC 0.00s | 국내컵 0.00s | 리그시뮬 0.21s)
[09-03 16:24:54] [PERF-DAY] 12주차 84일차 처리 0.236s (stype='휴식' | 그주마지막날=True | 경기있음=False | 부상=False)
[09-03 16:24:54] [AI리그] 13주차 5233경기, OVR캐시 11393→11393) 세부: 경기조회 0.012s | 시뮬루프 0.138s | executemany(5233건) 0.012s | teams반영+commit 0.035s
[09-03 16:24:54] [주 마무리] 13주차 0.22s (국제대회 0.00s | 챔스 0.02s | 클럽WC 0.00s | 국내컵 0.00s | 리그시뮬 0.20s)
[09-03 16:24:54] [PERF-DAY] 13주차 91일차 처리 0.224s (stype='휴식' | 그주마지막날=True | 경기있음=False | 부상=False)
[09-03 16:24:55] [AI리그] 14주차 5527경기, OVR캐시 11393→11393) 세부: 경기조회 0.012s | 시뮬루프 0.143s | executemany(5527건) 0.013s | teams반영+commit 0.036s
[09-03 16:24:55] [주 마무리] 14주차 0.23s (국제대회 0.00s | 챔스 0.02s | 클럽WC 0.00s | 국내컵 0.00s | 리그시뮬 0.21s)
[09-03 16:24:55] [PERF-DAY] 14주차 98일차 처리 0.231s (stype='휴식' | 그주마지막날=True | 경기있음=False | 부상=False)
[09-03 16:24:55] [AI리그] 15주차 5747경기, OVR캐시 11393→11393) 세부: 경기조회 0.012s | 시뮬루프 0.154s | executemany(5747건) 0.013s | teams반영+commit 0.039s
[09-03 16:24:55] [주 마무리] 15주차 0.24s (국제대회 0.00s | 챔스 0.02s | 클럽WC 0.00s | 국내컵 0.00s | 리그시뮬 0.22s)
[09-03 16:24:55] [PERF-DAY] 15주차 105일차 처리 0.245s (stype='휴식' | 그주마지막날=True | 경기있음=False | 부상=False)
[09-03 16:24:55] [AI리그] 16주차 5732경기, OVR캐시 11393→11393) 세부: 경기조회 0.013s | 시뮬루프 0.177s | executemany(5732건) 0.014s | teams반영+commit 0.038s
[09-03 16:24:55] [주 마무리] 16주차 0.29s (국제대회 0.00s | 챔스 0.04s | 클럽WC 0.00s | 국내컵 0.00s | 리그시뮬 0.24s)
[09-03 16:24:55] [PERF-DAY] 16주차 112일차 처리 0.291s (stype='휴식' | 그주마지막날=True | 경기있음=False | 부상=False)
[09-03 16:24:56] [AI리그] 17주차 5482경기, OVR캐시 11393→11393) 세부: 경기조회 0.012s | 시뮬루프 0.152s | executemany(5482건) 0.013s | teams반영+commit 0.037s
[09-03 16:24:56] [주 마무리] 17주차 0.22s (국제대회 0.00s | 챔스 0.00s | 클럽WC 0.00s | 국내컵 0.00s | 리그시뮬 0.22s)
[09-03 16:24:56] [PERF-DAY] 17주차 119일차 처리 0.221s (stype='휴식' | 그주마지막날=True | 경기있음=False | 부상=False)
[09-03 16:24:56] [AI리그] 18주차 5384경기, OVR캐시 11393→11393) 세부: 경기조회 0.011s | 시뮬루프 0.141s | executemany(5384건) 0.011s | teams반영+commit 0.028s
[09-03 16:24:56] [주 마무리] 18주차 0.22s (국제대회 0.00s | 챔스 0.02s | 클럽WC 0.00s | 국내컵 0.00s | 리그시뮬 0.19s)
[09-03 16:24:56] [PERF-DAY] 18주차 126일차 처리 0.220s (stype='휴식' | 그주마지막날=True | 경기있음=False | 부상=False)
[09-03 16:24:56] [AI리그] 19주차 3886경기, OVR캐시 11393→11393) 세부: 경기조회 0.010s | 시뮬루프 0.100s | executemany(3886건) 0.008s | teams반영+commit 0.019s
[09-03 16:24:56] [주 마무리] 19주차 0.14s (국제대회 0.00s | 챔스 0.00s | 클럽WC 0.00s | 국내컵 0.00s | 리그시뮬 0.14s)
[09-03 16:24:56] [PERF-DAY] 19주차 133일차 처리 0.145s (stype='휴식' | 그주마지막날=True | 경기있음=False | 부상=False)
[09-03 16:24:56] [AI리그] 20주차 3343경기, OVR캐시 11393→11393) 세부: 경기조회 0.009s | 시뮬루프 0.090s | executemany(3343건) 0.007s | teams반영+commit 0.017s
[09-03 16:24:56] [주 마무리] 20주차 0.14s (국제대회 0.00s | 챔스 0.02s | 클럽WC 0.00s | 국내컵 0.00s | 리그시뮬 0.13s)
[09-03 16:24:56] [PERF-DAY] 20주차 140일차 처리 0.144s (stype='휴식' | 그주마지막날=True | 경기있음=False | 부상=False)
[09-03 16:24:56] [AI리그] 21주차 2934경기, OVR캐시 11393→11393) 세부: 경기조회 0.009s | 시뮬루프 0.092s | executemany(2934건) 0.008s | teams반영+commit 0.017s
[09-03 16:24:56] [주 마무리] 21주차 0.14s (국제대회 0.00s | 챔스 0.01s | 클럽WC 0.00s | 국내컵 0.00s | 리그시뮬 0.13s)
[09-03 16:24:56] [PERF-DAY] 21주차 147일차 처리 0.144s (stype='휴식' | 그주마지막날=True | 경기있음=False | 부상=False)
[09-03 16:24:57] [AI리그] 22주차 2779경기, OVR캐시 11393→11393) 세부: 경기조회 0.009s | 시뮬루프 0.076s | executemany(2779건) 0.007s | teams반영+commit 0.016s
[09-03 16:24:57] [주 마무리] 22주차 0.12s (국제대회 0.00s | 챔스 0.01s | 클럽WC 0.00s | 국내컵 0.00s | 리그시뮬 0.11s)
[09-03 16:24:57] [PERF-DAY] 22주차 154일차 처리 0.124s (stype='휴식' | 그주마지막날=True | 경기있음=False | 부상=False)
[09-03 16:24:57] [AI리그] 23주차 2291경기, OVR캐시 11393→11393) 세부: 경기조회 0.010s | 시뮬루프 0.063s | executemany(2291건) 0.006s | teams반영+commit 0.014s
[09-03 16:24:57] [주 마무리] 23주차 0.11s (국제대회 0.00s | 챔스 0.01s | 클럽WC 0.00s | 국내컵 0.00s | 리그시뮬 0.09s)
[09-03 16:24:57] [PERF-DAY] 23주차 161일차 처리 0.114s (stype='휴식' | 그주마지막날=True | 경기있음=False | 부상=False)
[09-03 16:24:57] [AI리그] 24주차 2602경기, OVR캐시 11393→11393) 세부: 경기조회 0.009s | 시뮬루프 0.053s | executemany(2602건) 0.006s | teams반영+commit 0.012s
[09-03 16:24:57] [주 마무리] 24주차 0.08s (국제대회 0.00s | 챔스 0.00s | 클럽WC 0.00s | 국내컵 0.00s | 리그시뮬 0.08s)
[09-03 16:24:57] [PERF-DAY] 24주차 168일차 처리 0.086s (stype='휴식' | 그주마지막날=True | 경기있음=False | 부상=False)
[09-03 16:24:57] [PERF-DAILYHOOK] 25주차 169일차: process_intl_week 0.400s | process_cwc_week 0.000s
[09-03 16:24:57] [PERF-DAY] 25주차 169일차 처리 0.402s (stype='고강도' | 그주마지막날=False | 경기있음=False | 부상=False)
[09-03 16:24:57] [진행 총계] 0.43초
[09-03 16:25:00] [PERF-WEEKTAIL] 28주차: _pay_salary 0.000s | _advance_week 2.539s
[09-03 16:25:00] [PERF-DAY] 28주차 196일차 처리 2.549s (stype='휴식' | 그주마지막날=True | 경기있음=False | 부상=False)
[09-03 16:25:00] [진행 총계] 2.56초
[09-03 16:25:01] [AI리그] 29주차 4943경기, OVR캐시 11393→11393) 세부: 경기조회 0.010s | 시뮬루프 0.139s | executemany(4943건) 0.013s | teams반영+commit 0.031s
[09-03 16:25:01] [주 마무리] 29주차 0.20s (국제대회 0.00s | 챔스 0.00s | 클럽WC 0.00s | 국내컵 0.00s | 리그시뮬 0.20s)
[09-03 16:25:01] [PERF-DAY] 29주차 203일차 처리 0.198s (stype='휴식' | 그주마지막날=True | 경기있음=False | 부상=False)
[09-03 16:25:01] [AI리그] 30주차 6683경기, OVR캐시 11393→11393) 세부: 경기조회 0.010s | 시뮬루프 0.164s | executemany(6683건) 0.014s | teams반영+commit 0.031s
[09-03 16:25:01] [주 마무리] 30주차 0.29s (국제대회 0.00s | 챔스 0.00s | 클럽WC 0.00s | 국내컵 0.07s | 리그시뮬 0.22s)
[09-03 16:25:01] [PERF-DAY] 30주차 210일차 처리 0.291s (stype='휴식' | 그주마지막날=True | 경기있음=False | 부상=False)
[09-03 16:25:01] [AI리그] 31주차 6722경기, OVR캐시 11393→11393) 세부: 경기조회 0.010s | 시뮬루프 0.163s | executemany(6722건) 0.013s | teams반영+commit 0.031s
[09-03 16:25:01] [주 마무리] 31주차 0.22s (국제대회 0.00s | 챔스 0.00s | 클럽WC 0.00s | 국내컵 0.00s | 리그시뮬 0.22s)
[09-03 16:25:01] [PERF-DAY] 31주차 217일차 처리 0.223s (stype='휴식' | 그주마지막날=True | 경기있음=False | 부상=False)
[09-03 16:25:02] [AI리그] 32주차 6569경기, OVR캐시 11393→11393) 세부: 경기조회 0.010s | 시뮬루프 0.166s | executemany(6569건) 0.016s | teams반영+commit 0.039s
[09-03 16:25:02] [주 마무리] 32주차 0.30s (국제대회 0.00s | 챔스 0.00s | 클럽WC 0.00s | 국내컵 0.06s | 리그시뮬 0.23s)
[09-03 16:25:02] [PERF-DAY] 32주차 224일차 처리 0.298s (stype='휴식' | 그주마지막날=True | 경기있음=False | 부상=False)
[09-03 16:25:02] [진행 총계] 0.30초
[09-03 16:25:02] [AI리그] 33주차 6949경기, OVR캐시 11393→11393) 세부: 경기조회 0.009s | 시뮬루프 0.163s | executemany(6949건) 0.014s | teams반영+commit 0.034s
[09-03 16:25:02] [주 마무리] 33주차 0.22s (국제대회 0.00s | 챔스 0.00s | 클럽WC 0.00s | 국내컵 0.00s | 리그시뮬 0.22s)
[09-03 16:25:02] [PERF-DAY] 33주차 231일차 처리 0.225s (stype='휴식' | 그주마지막날=True | 경기있음=False | 부상=False)
[09-03 16:25:02] [AI리그] 34주차 6515경기, OVR캐시 11393→11393) 세부: 경기조회 0.008s | 시뮬루프 0.163s | executemany(6515건) 0.014s | teams반영+commit 0.034s
[09-03 16:25:02] [주 마무리] 34주차 0.27s (국제대회 0.00s | 챔스 0.00s | 클럽WC 0.00s | 국내컵 0.05s | 리그시뮬 0.22s)
[09-03 16:25:02] [PERF-DAY] 34주차 238일차 처리 0.270s (stype='휴식' | 그주마지막날=True | 경기있음=False | 부상=False)
[09-03 16:25:03] [AI리그] 35주차 6888경기, OVR캐시 11393→11393) 세부: 경기조회 0.008s | 시뮬루프 0.175s | executemany(6888건) 0.015s | teams반영+commit 0.036s
[09-03 16:25:03] [주 마무리] 35주차 0.24s (국제대회 0.00s | 챔스 0.00s | 클럽WC 0.00s | 국내컵 0.00s | 리그시뮬 0.24s)
[09-03 16:25:03] [PERF-DAY] 35주차 245일차 처리 0.240s (stype='휴식' | 그주마지막날=True | 경기있음=False | 부상=False)
[09-03 16:25:03] [AI리그] 36주차 7137경기, OVR캐시 11393→11393) 세부: 경기조회 0.008s | 시뮬루프 0.165s | executemany(7137건) 0.015s | teams반영+commit 0.033s
[09-03 16:25:03] [주 마무리] 36주차 0.27s (국제대회 0.00s | 챔스 0.00s | 클럽WC 0.00s | 국내컵 0.04s | 리그시뮬 0.22s)
[09-03 16:25:03] [PERF-DAY] 36주차 252일차 처리 0.270s (stype='휴식' | 그주마지막날=True | 경기있음=False | 부상=False)
[09-03 16:25:03] [AI리그] 37주차 6556경기, OVR캐시 11393→11393) 세부: 경기조회 0.007s | 시뮬루프 0.165s | executemany(6556건) 0.014s | teams반영+commit 0.034s
[09-03 16:25:03] [주 마무리] 37주차 0.22s (국제대회 0.00s | 챔스 0.00s | 클럽WC 0.00s | 국내컵 0.00s | 리그시뮬 0.22s)
[09-03 16:25:03] [PERF-DAY] 37주차 259일차 처리 0.226s (stype='휴식' | 그주마지막날=True | 경기있음=False | 부상=False)
[09-03 16:25:03] [AI리그] 38주차 6730경기, OVR캐시 11393→11393) 세부: 경기조회 0.007s | 시뮬루프 0.163s | executemany(6730건) 0.014s | teams반영+commit 0.035s
[09-03 16:25:03] [주 마무리] 38주차 0.28s (국제대회 0.00s | 챔스 0.00s | 클럽WC 0.00s | 국내컵 0.06s | 리그시뮬 0.22s)
[09-03 16:25:03] [PERF-DAY] 38주차 266일차 처리 0.283s (stype='휴식' | 그주마지막날=True | 경기있음=False | 부상=True)
[09-03 16:25:04] [AI리그] 39주차 6855경기, OVR캐시 11393→11393) 세부: 경기조회 0.007s | 시뮬루프 0.170s | executemany(6855건) 0.016s | teams반영+commit 0.036s
[09-03 16:25:04] [주 마무리] 39주차 0.23s (국제대회 0.00s | 챔스 0.00s | 클럽WC 0.00s | 국내컵 0.00s | 리그시뮬 0.23s)
[09-03 16:25:04] [PERF-DAY] 39주차 273일차 처리 0.233s (stype='휴식' | 그주마지막날=True | 경기있음=False | 부상=False)
[09-03 16:25:04] [AI리그] 40주차 6844경기, OVR캐시 11393→11393) 세부: 경기조회 0.006s | 시뮬루프 0.164s | executemany(6844건) 0.015s | teams반영+commit 0.037s
[09-03 16:25:04] [주 마무리] 40주차 0.25s (국제대회 0.00s | 챔스 0.00s | 클럽WC 0.00s | 국내컵 0.02s | 리그시뮬 0.22s)
[09-03 16:25:04] [PERF-DAY] 40주차 280일차 처리 0.249s (stype='휴식' | 그주마지막날=True | 경기있음=False | 부상=True)
[09-03 16:25:04] [AI리그] 41주차 6841경기, OVR캐시 11393→11393) 세부: 경기조회 0.005s | 시뮬루프 0.161s | executemany(6841건) 0.015s | teams반영+commit 0.038s
[09-03 16:25:04] [주 마무리] 41주차 0.22s (국제대회 0.00s | 챔스 0.00s | 클럽WC 0.00s | 국내컵 0.00s | 리그시뮬 0.22s)
[09-03 16:25:04] [PERF-DAY] 41주차 287일차 처리 0.225s (stype='휴식' | 그주마지막날=True | 경기있음=False | 부상=True)
[09-03 16:25:05] [AI리그] 42주차 6742경기, OVR캐시 11393→11393) 세부: 경기조회 0.005s | 시뮬루프 0.156s | executemany(6742건) 0.015s | teams반영+commit 0.035s
[09-03 16:25:05] [주 마무리] 42주차 0.22s (국제대회 0.00s | 챔스 0.00s | 클럽WC 0.00s | 국내컵 0.01s | 리그시뮬 0.21s)
[09-03 16:25:05] [PERF-DAY] 42주차 294일차 처리 0.221s (stype='휴식' | 그주마지막날=True | 경기있음=False | 부상=True)
[09-03 16:25:06] [PERF-PROMO] _process_promotion_relegation 세부: my_player/season조회 0.001s | teams+leagues조회 0.012s | standings계산(710개리그) 0.276s | ai_players OVR스캔 0.201s | 승강판정루프(211개국) 0.025s | executemany(1210건) 0.016s | 리스케일(1210건) 0.337s | commit/close 0.306s | 캐시무효화 0.000s
[09-03 16:25:06] [PERF-SEASON] finalize_club_season 세부: finish_incomplete_matches=0.046s | promotion_relegation=1.182s
[09-03 16:25:06] [PERF-YEAR] 43주차(CLUB_SEASON_END_DAY) 세부: finalize_club_season=1.228s | promotion_playoffs=0.024s | PRAGMA optimize=0.025s
[09-03 16:25:06] [PERF-DAY] 43주차 300일차 처리 1.289s (stype='휴식' | 그주마지막날=False | 경기있음=False | 부상=True)
[09-03 16:25:06] [진행 총계] 1.31초
[09-03 16:25:06] [PERF-DAILYHOOK] 44주차 306일차: process_po_week 0.065s
[09-03 16:25:06] [PERF-DAY] 44주차 306일차 처리 0.066s (stype='고강도' | 그주마지막날=False | 경기있음=False | 부상=True)
[09-03 16:25:06] [PERF-DAILYHOOK] 46주차 316일차: process_intl_week 0.140s | process_cwc_week 0.000s
[09-03 16:25:06] [PERF-DAY] 46주차 316일차 처리 0.141s (stype='고강도' | 그주마지막날=False | 경기있음=False | 부상=False)
[09-03 16:25:07] [PERF-DAILYHOOK] 46주차 317일차: process_intl_week 0.109s | process_cwc_week 0.000s
[09-03 16:25:07] [PERF-DAY] 46주차 317일차 처리 0.111s (stype='휴식' | 그주마지막날=False | 경기있음=False | 부상=False)
[09-03 16:25:07] [PERF-DAILYHOOK] 46주차 318일차: process_intl_week 0.138s | process_cwc_week 0.000s
[09-03 16:25:07] [PERF-DAY] 46주차 318일차 처리 0.139s (stype='고강도' | 그주마지막날=False | 경기있음=False | 부상=False)
[09-03 16:25:07] [PERF-DAILYHOOK] 46주차 319일차: process_intl_week 0.108s | process_cwc_week 0.000s
[09-03 16:25:07] [PERF-DAY] 46주차 319일차 처리 0.109s (stype='휴식' | 그주마지막날=False | 경기있음=False | 부상=False)
[09-03 16:25:07] [진행 총계] 0.53초
[09-03 16:25:41] [PERF]   _end_of_season 세부: AI생애주기 33.23s (승강제 타이밍은 43주 _finalize_club_season으로 이동 — 여기 안 잡힘)
[09-03 16:25:42] [PERF]   일정생성 세부: 아카이브이동 0.74s | 완비판정조회 0.01s | 기존경기dedup조회 0.00s | 일정계산 0.21s | INSERT+commit 0.38s | (대상리그 710개, 신규경기 201400건)
[09-03 16:25:42] [PERF]   인덱스재생성 0.35s
[09-03 16:25:44] [PERF] 연도전환 총 36.88s (커리어정리 0.00s | _end_of_season 33.23s | 일정생성 1.70s | 파워랭킹 1.93s | PRAGMA optimize 0.02s)
[09-03 16:25:44] [PERF-WEEKTAIL] 52주차: _pay_salary 0.000s | _advance_week 36.881s
[09-03 16:25:44] [PERF-DAY] 52주차 364일차 처리 36.882s (stype='휴식' | 그주마지막날=True | 경기있음=False | 부상=False)
[09-03 16:25:44] [진행 총계] 36.89초
[09-03 16:25:45] [AI리그] 4주차 4527경기, OVR캐시 0→9054) 세부: 경기조회 0.015s | 시뮬루프 0.313s | executemany(4527건) 0.010s | teams반영+commit 0.027s
[09-03 16:25:45] [주 마무리] 4주차 0.37s (국제대회 0.00s | 챔스 0.00s | 클럽WC 0.00s | 국내컵 0.00s | 리그시뮬 0.37s)
[09-03 16:25:45] [PERF-WEEKTAIL] 4주차: _pay_salary 0.000s | _advance_week 0.173s
[09-03 16:25:45] [PERF-DAY] 4주차 28일차 처리 0.542s (stype='휴식' | 그주마지막날=True | 경기있음=False | 부상=False)
[09-03 16:25:45] [진행 총계] 0.55초
[09-03 16:25:45] [AI리그] 5주차 5771경기, OVR캐시 11263→11393) 세부: 경기조회 0.016s | 시뮬루프 0.073s | executemany(5771건) 0.016s | teams반영+commit 0.042s
[09-03 16:25:45] [주 마무리] 5주차 0.27s (국제대회 0.00s | 챔스 0.00s | 클럽WC 0.00s | 국내컵 0.12s | 리그시뮬 0.15s)
[09-03 16:25:45] [PERF-DAY] 5주차 35일차 처리 0.270s (stype='휴식' | 그주마지막날=True | 경기있음=False | 부상=False)
[09-03 16:25:46] [AI리그] 6주차 5734경기, OVR캐시 11393→11393) 세부: 경기조회 0.015s | 시뮬루프 0.043s | executemany(5734건) 0.013s | teams반영+commit 0.040s
[09-03 16:25:46] [주 마무리] 6주차 0.24s (국제대회 0.00s | 챔스 0.00s | 클럽WC 0.00s | 국내컵 0.12s | 리그시뮬 0.11s)
[09-03 16:25:46] [PERF-DAY] 6주차 42일차 처리 0.236s (stype='휴식' | 그주마지막날=True | 경기있음=False | 부상=False)
[09-03 16:25:46] [AI리그] 7주차 5801경기, OVR캐시 11393→11393) 세부: 경기조회 0.016s | 시뮬루프 0.048s | executemany(5801건) 0.013s | teams반영+commit 0.040s
[09-03 16:25:46] [주 마무리] 7주차 0.22s (국제대회 0.00s | 챔스 0.00s | 클럽WC 0.00s | 국내컵 0.10s | 리그시뮬 0.12s)
[09-03 16:25:46] [PERF-DAY] 7주차 49일차 처리 0.282s (stype='휴식' | 그주마지막날=True | 경기있음=False | 부상=False)
[09-03 16:25:46] [AI리그] 8주차 5757경기, OVR캐시 11393→11393) 세부: 경기조회 0.015s | 시뮬루프 0.044s | executemany(5757건) 0.013s | teams반영+commit 0.042s
[09-03 16:25:46] [주 마무리] 8주차 0.12s (국제대회 0.00s | 챔스 0.00s | 클럽WC 0.00s | 국내컵 0.00s | 리그시뮬 0.12s)
[09-03 16:25:46] [PERF-DAY] 8주차 56일차 처리 0.121s (stype='휴식' | 그주마지막날=True | 경기있음=False | 부상=False)
[09-03 16:25:47] [AI리그] 9주차 5731경기, OVR캐시 11393→11393) 세부: 경기조회 0.014s | 시뮬루프 0.050s | executemany(5731건) 0.013s | teams반영+commit 0.040s
[09-03 16:25:47] [주 마무리] 9주차 0.15s (국제대회 0.00s | 챔스 0.03s | 클럽WC 0.00s | 국내컵 0.00s | 리그시뮬 0.12s)
[09-03 16:25:47] [PERF-DAY] 9주차 63일차 처리 0.152s (stype='휴식' | 그주마지막날=True | 경기있음=False | 부상=False)
[09-03 16:25:47] [AI리그] 10주차 5766경기, OVR캐시 11393→11393) 세부: 경기조회 0.014s | 시뮬루프 0.049s | executemany(5766건) 0.017s | teams반영+commit 0.038s
[09-03 16:25:47] [주 마무리] 10주차 0.15s (국제대회 0.00s | 챔스 0.03s | 클럽WC 0.00s | 국내컵 0.00s | 리그시뮬 0.12s)
[09-03 16:25:47] [PERF-DAY] 10주차 70일차 처리 0.151s (stype='휴식' | 그주마지막날=True | 경기있음=False | 부상=False)
[09-03 16:25:47] [AI리그] 11주차 5618경기, OVR캐시 11393→11393) 세부: 경기조회 0.014s | 시뮬루프 0.046s | executemany(5618건) 0.013s | teams반영+commit 0.040s
[09-03 16:25:47] [주 마무리] 11주차 0.14s (국제대회 0.00s | 챔스 0.02s | 클럽WC 0.00s | 국내컵 0.00s | 리그시뮬 0.12s)
[09-03 16:25:47] [PERF-DAY] 11주차 77일차 처리 0.142s (stype='휴식' | 그주마지막날=True | 경기있음=False | 부상=False)
[09-03 16:25:47] [AI리그] 12주차 5609경기, OVR캐시 11393→11393) 세부: 경기조회 0.015s | 시뮬루프 0.049s | executemany(5609건) 0.012s | teams반영+commit 0.033s
[09-03 16:25:47] [주 마무리] 12주차 0.14s (국제대회 0.00s | 챔스 0.02s | 클럽WC 0.00s | 국내컵 0.00s | 리그시뮬 0.11s)
[09-03 16:25:47] [PERF-DAY] 12주차 84일차 처리 0.138s (stype='휴식' | 그주마지막날=True | 경기있음=False | 부상=False)
[09-03 16:25:47] [AI리그] 13주차 5233경기, OVR캐시 11393→11393) 세부: 경기조회 0.013s | 시뮬루프 0.040s | executemany(5233건) 0.011s | teams반영+commit 0.030s
[09-03 16:25:47] [주 마무리] 13주차 0.12s (국제대회 0.00s | 챔스 0.02s | 클럽WC 0.00s | 국내컵 0.00s | 리그시뮬 0.10s)
[09-03 16:25:47] [PERF-DAY] 13주차 91일차 처리 0.123s (stype='휴식' | 그주마지막날=True | 경기있음=False | 부상=False)
[09-03 16:25:48] [AI리그] 14주차 5527경기, OVR캐시 11393→11393) 세부: 경기조회 0.013s | 시뮬루프 0.042s | executemany(5527건) 0.012s | teams반영+commit 0.033s
[09-03 16:25:48] [주 마무리] 14주차 0.13s (국제대회 0.00s | 챔스 0.02s | 클럽WC 0.00s | 국내컵 0.00s | 리그시뮬 0.10s)
[09-03 16:25:48] [PERF-DAY] 14주차 98일차 처리 0.129s (stype='휴식' | 그주마지막날=True | 경기있음=False | 부상=False)
[09-03 16:25:48] [AI리그] 15주차 5747경기, OVR캐시 11393→11393) 세부: 경기조회 0.013s | 시뮬루프 0.049s | executemany(5747건) 0.013s | teams반영+commit 0.034s
[09-03 16:25:48] [주 마무리] 15주차 0.14s (국제대회 0.00s | 챔스 0.02s | 클럽WC 0.00s | 국내컵 0.00s | 리그시뮬 0.11s)
[09-03 16:25:48] [PERF-DAY] 15주차 105일차 처리 0.138s (stype='휴식' | 그주마지막날=True | 경기있음=False | 부상=False)
[09-03 16:25:48] [AI리그] 16주차 5732경기, OVR캐시 11393→11393) 세부: 경기조회 0.012s | 시뮬루프 0.045s | executemany(5732건) 0.014s | teams반영+commit 0.039s
[09-03 16:25:48] [주 마무리] 16주차 0.16s (국제대회 0.00s | 챔스 0.05s | 클럽WC 0.00s | 국내컵 0.00s | 리그시뮬 0.11s)
[09-03 16:25:48] [PERF-DAY] 16주차 112일차 처리 0.161s (stype='휴식' | 그주마지막날=True | 경기있음=False | 부상=False)
[09-03 16:25:48] [AI리그] 17주차 5482경기, OVR캐시 11393→11393) 세부: 경기조회 0.012s | 시뮬루프 0.042s | executemany(5482건) 0.013s | teams반영+commit 0.037s
[09-03 16:25:48] [주 마무리] 17주차 0.11s (국제대회 0.00s | 챔스 0.00s | 클럽WC 0.00s | 국내컵 0.00s | 리그시뮬 0.11s)
[09-03 16:25:48] [PERF-DAY] 17주차 119일차 처리 0.111s (stype='휴식' | 그주마지막날=True | 경기있음=False | 부상=False)
[09-03 16:25:48] [AI리그] 18주차 5384경기, OVR캐시 11393→11393) 세부: 경기조회 0.013s | 시뮬루프 0.046s | executemany(5384건) 0.013s | teams반영+commit 0.036s
[09-03 16:25:48] [주 마무리] 18주차 0.14s (국제대회 0.00s | 챔스 0.02s | 클럽WC 0.00s | 국내컵 0.00s | 리그시뮬 0.11s)
[09-03 16:25:48] [PERF-DAY] 18주차 126일차 처리 0.137s (stype='휴식' | 그주마지막날=True | 경기있음=False | 부상=False)
[09-03 16:25:49] [AI리그] 19주차 3886경기, OVR캐시 11393→11393) 세부: 경기조회 0.010s | 시뮬루프 0.032s | executemany(3886건) 0.010s | teams반영+commit 0.038s
[09-03 16:25:49] [주 마무리] 19주차 0.10s (국제대회 0.00s | 챔스 0.00s | 클럽WC 0.00s | 국내컵 0.00s | 리그시뮬 0.09s)
[09-03 16:25:49] [PERF-DAY] 19주차 133일차 처리 0.099s (stype='휴식' | 그주마지막날=True | 경기있음=False | 부상=False)
[09-03 16:25:49] [AI리그] 20주차 3343경기, OVR캐시 11393→11393) 세부: 경기조회 0.010s | 시뮬루프 0.026s | executemany(3343건) 0.008s | teams반영+commit 0.023s
[09-03 16:25:49] [주 마무리] 20주차 0.09s (국제대회 0.00s | 챔스 0.02s | 클럽WC 0.00s | 국내컵 0.00s | 리그시뮬 0.07s)
[09-03 16:25:49] [PERF-DAY] 20주차 140일차 처리 0.088s (stype='휴식' | 그주마지막날=True | 경기있음=False | 부상=False)
[09-03 16:25:49] [AI리그] 21주차 2934경기, OVR캐시 11393→11393) 세부: 경기조회 0.009s | 시뮬루프 0.029s | executemany(2934건) 0.007s | teams반영+commit 0.020s
[09-03 16:25:49] [주 마무리] 21주차 0.08s (국제대회 0.00s | 챔스 0.01s | 클럽WC 0.00s | 국내컵 0.00s | 리그시뮬 0.07s)
[09-03 16:25:49] [PERF-DAY] 21주차 147일차 처리 0.082s (stype='휴식' | 그주마지막날=True | 경기있음=False | 부상=False)
[09-03 16:25:49] [AI리그] 22주차 2779경기, OVR캐시 11393→11393) 세부: 경기조회 0.009s | 시뮬루프 0.022s | executemany(2779건) 0.006s | teams반영+commit 0.017s
[09-03 16:25:49] [주 마무리] 22주차 0.07s (국제대회 0.00s | 챔스 0.01s | 클럽WC 0.00s | 국내컵 0.00s | 리그시뮬 0.06s)
[09-03 16:25:49] [PERF-DAY] 22주차 154일차 처리 0.069s (stype='휴식' | 그주마지막날=True | 경기있음=False | 부상=False)
[09-03 16:25:49] [주 마무리] 23주차 0.06s (국제대회 0.00s | 챔스 0.01s | 클럽WC 0.00s | 국내컵 0.00s | 리그시뮬 0.05s)
[09-03 16:25:49] [PERF-DAY] 23주차 161일차 처리 0.068s (stype='휴식' | 그주마지막날=True | 경기있음=False | 부상=False)
[09-03 16:25:49] [PERF-DAY] 24주차 168일차 처리 0.050s (stype='휴식' | 그주마지막날=True | 경기있음=False | 부상=False)
[09-03 16:25:50] [PERF-DAILYHOOK] 25주차 169일차: process_intl_week 0.536s | process_cwc_week 0.000s
[09-03 16:25:50] [PERF-DAY] 25주차 169일차 처리 0.537s (stype='고강도' | 그주마지막날=False | 경기있음=False | 부상=False)
[09-03 16:25:50] [진행 총계] 0.57초
[09-03 16:25:50] [PERF-DAILYHOOK] 27주차 189일차: process_intl_week 0.055s | process_cwc_week 0.000s
[09-03 16:25:50] [PERF-DAY] 27주차 189일차 처리 0.065s (stype='휴식' | 그주마지막날=True | 경기있음=False | 부상=False)
[09-03 16:25:53] [PERF-WEEKTAIL] 28주차: _pay_salary 0.000s | _advance_week 2.676s
[09-03 16:25:53] [PERF-DAY] 28주차 196일차 처리 2.685s (stype='휴식' | 그주마지막날=True | 경기있음=False | 부상=False)
[09-03 16:25:53] [진행 총계] 2.69초
[09-03 16:25:53] [AI리그] 29주차 4943경기, OVR캐시 11393→11393) 세부: 경기조회 0.010s | 시뮬루프 0.041s | executemany(4943건) 0.012s | teams반영+commit 0.043s
[09-03 16:25:53] [주 마무리] 29주차 0.11s (국제대회 0.00s | 챔스 0.00s | 클럽WC 0.00s | 국내컵 0.00s | 리그시뮬 0.11s)
[09-03 16:25:53] [PERF-DAY] 29주차 203일차 처리 0.113s (stype='휴식' | 그주마지막날=True | 경기있음=False | 부상=False)
[09-03 16:25:53] [AI리그] 30주차 6683경기, OVR캐시 11393→11393) 세부: 경기조회 0.011s | 시뮬루프 0.048s | executemany(6683건) 0.015s | teams반영+commit 0.037s
[09-03 16:25:53] [주 마무리] 30주차 0.18s (국제대회 0.00s | 챔스 0.00s | 클럽WC 0.00s | 국내컵 0.07s | 리그시뮬 0.11s)
[09-03 16:25:53] [PERF-DAY] 30주차 210일차 처리 0.185s (stype='휴식' | 그주마지막날=True | 경기있음=False | 부상=False)
[09-03 16:25:54] [AI리그] 31주차 6722경기, OVR캐시 11393→11393) 세부: 경기조회 0.011s | 시뮬루프 0.050s | executemany(6722건) 0.016s | teams반영+commit 0.039s
[09-03 16:25:54] [주 마무리] 31주차 0.12s (국제대회 0.00s | 챔스 0.00s | 클럽WC 0.00s | 국내컵 0.00s | 리그시뮬 0.12s)
[09-03 16:25:54] [PERF-DAY] 31주차 217일차 처리 0.122s (stype='휴식' | 그주마지막날=True | 경기있음=False | 부상=False)
[09-03 16:25:54] [AI리그] 32주차 6569경기, OVR캐시 11393→11393) 세부: 경기조회 0.010s | 시뮬루프 0.048s | executemany(6569건) 0.016s | teams반영+commit 0.041s
[09-03 16:25:54] [주 마무리] 32주차 0.19s (국제대회 0.00s | 챔스 0.00s | 클럽WC 0.00s | 국내컵 0.07s | 리그시뮬 0.12s)
[09-03 16:25:54] [PERF-DAY] 32주차 224일차 처리 0.188s (stype='휴식' | 그주마지막날=True | 경기있음=False | 부상=False)
[09-03 16:25:54] [AI리그] 33주차 6949경기, OVR캐시 11393→11393) 세부: 경기조회 0.010s | 시뮬루프 0.051s | executemany(6949건) 0.016s | teams반영+commit 0.041s
[09-03 16:25:54] [주 마무리] 33주차 0.12s (국제대회 0.00s | 챔스 0.00s | 클럽WC 0.00s | 국내컵 0.00s | 리그시뮬 0.12s)
[09-03 16:25:54] [PERF-DAY] 33주차 231일차 처리 0.124s (stype='휴식' | 그주마지막날=True | 경기있음=False | 부상=False)
[09-03 16:25:54] [AI리그] 34주차 6515경기, OVR캐시 11393→11393) 세부: 경기조회 0.009s | 시뮬루프 0.051s | executemany(6515건) 0.015s | teams반영+commit 0.040s
[09-03 16:25:54] [주 마무리] 34주차 0.17s (국제대회 0.00s | 챔스 0.00s | 클럽WC 0.00s | 국내컵 0.05s | 리그시뮬 0.12s)
[09-03 16:25:54] [PERF-DAY] 34주차 238일차 처리 0.168s (stype='휴식' | 그주마지막날=True | 경기있음=False | 부상=True)
[09-03 16:25:55] [AI리그] 35주차 6888경기, OVR캐시 11393→11393) 세부: 경기조회 0.009s | 시뮬루프 0.051s | executemany(6888건) 0.015s | teams반영+commit 0.035s
[09-03 16:25:55] [주 마무리] 35주차 0.11s (국제대회 0.00s | 챔스 0.00s | 클럽WC 0.00s | 국내컵 0.00s | 리그시뮬 0.11s)
[09-03 16:25:55] [PERF-DAY] 35주차 245일차 처리 0.115s (stype='휴식' | 그주마지막날=True | 경기있음=False | 부상=True)
[09-03 16:25:55] [AI리그] 36주차 7137경기, OVR캐시 11393→11393) 세부: 경기조회 0.008s | 시뮬루프 0.052s | executemany(7137건) 0.017s | teams반영+commit 0.040s
[09-03 16:25:55] [주 마무리] 36주차 0.16s (국제대회 0.00s | 챔스 0.00s | 클럽WC 0.00s | 국내컵 0.04s | 리그시뮬 0.12s)
[09-03 16:25:55] [PERF-DAY] 36주차 252일차 처리 0.165s (stype='휴식' | 그주마지막날=True | 경기있음=False | 부상=True)
[09-03 16:25:55] [AI리그] 37주차 6556경기, OVR캐시 11393→11393) 세부: 경기조회 0.008s | 시뮬루프 0.048s | executemany(6556건) 0.015s | teams반영+commit 0.038s
[09-03 16:25:55] [주 마무리] 37주차 0.11s (국제대회 0.00s | 챔스 0.00s | 클럽WC 0.00s | 국내컵 0.00s | 리그시뮬 0.11s)
[09-03 16:25:55] [PERF-DAY] 37주차 259일차 처리 0.114s (stype='휴식' | 그주마지막날=True | 경기있음=False | 부상=False)
[09-03 16:25:55] [AI리그] 38주차 6730경기, OVR캐시 11393→11393) 세부: 경기조회 0.007s | 시뮬루프 0.050s | executemany(6730건) 0.016s | teams반영+commit 0.039s
[09-03 16:25:55] [주 마무리] 38주차 0.18s (국제대회 0.00s | 챔스 0.00s | 클럽WC 0.00s | 국내컵 0.06s | 리그시뮬 0.11s)
[09-03 16:25:55] [PERF-DAY] 38주차 266일차 처리 0.178s (stype='휴식' | 그주마지막날=True | 경기있음=False | 부상=False)
[09-03 16:25:56] [AI리그] 39주차 6855경기, OVR캐시 11393→11393) 세부: 경기조회 0.007s | 시뮬루프 0.051s | executemany(6855건) 0.016s | teams반영+commit 0.037s
[09-03 16:25:56] [주 마무리] 39주차 0.11s (국제대회 0.00s | 챔스 0.00s | 클럽WC 0.00s | 국내컵 0.00s | 리그시뮬 0.11s)
[09-03 16:25:56] [PERF-DAY] 39주차 273일차 처리 0.115s (stype='휴식' | 그주마지막날=True | 경기있음=False | 부상=False)
[09-03 16:25:56] [AI리그] 40주차 6844경기, OVR캐시 11393→11393) 세부: 경기조회 0.007s | 시뮬루프 0.049s | executemany(6844건) 0.016s | teams반영+commit 0.039s
[09-03 16:25:56] [주 마무리] 40주차 0.14s (국제대회 0.00s | 챔스 0.00s | 클럽WC 0.00s | 국내컵 0.02s | 리그시뮬 0.11s)
[09-03 16:25:56] [PERF-DAY] 40주차 280일차 처리 0.139s (stype='휴식' | 그주마지막날=True | 경기있음=False | 부상=False)
[09-03 16:25:56] [AI리그] 41주차 6841경기, OVR캐시 11393→11393) 세부: 경기조회 0.006s | 시뮬루프 0.049s | executemany(6841건) 0.015s | teams반영+commit 0.036s
[09-03 16:25:56] [주 마무리] 41주차 0.11s (국제대회 0.00s | 챔스 0.00s | 클럽WC 0.00s | 국내컵 0.00s | 리그시뮬 0.11s)
[09-03 16:25:56] [PERF-DAY] 41주차 287일차 처리 0.111s (stype='휴식' | 그주마지막날=True | 경기있음=False | 부상=False)
[09-03 16:25:56] [AI리그] 42주차 6742경기, OVR캐시 11393→11393) 세부: 경기조회 0.006s | 시뮬루프 0.050s | executemany(6742건) 0.015s | teams반영+commit 0.036s
[09-03 16:25:56] [주 마무리] 42주차 0.12s (국제대회 0.00s | 챔스 0.00s | 클럽WC 0.00s | 국내컵 0.01s | 리그시뮬 0.11s)
[09-03 16:25:56] [PERF-DAY] 42주차 294일차 처리 0.117s (stype='휴식' | 그주마지막날=True | 경기있음=False | 부상=False)
[09-03 16:25:58] [PERF-PROMO] _process_promotion_relegation 세부: my_player/season조회 0.001s | teams+leagues조회 0.013s | standings계산(710개리그) 0.301s | ai_players OVR스캔 0.227s | 승강판정루프(211개국) 0.026s | executemany(1212건) 0.017s | 리스케일(1212건) 0.344s | commit/close 0.329s | 캐시무효화 0.000s
[09-03 16:25:58] [PERF-SEASON] finalize_club_season 세부: finish_incomplete_matches=0.047s | promotion_relegation=1.267s
[09-03 16:25:58] [PERF-YEAR] 43주차(CLUB_SEASON_END_DAY) 세부: finalize_club_season=1.314s | promotion_playoffs=0.024s | PRAGMA optimize=0.000s
[09-03 16:25:58] [PERF-DAY] 43주차 300일차 처리 1.351s (stype='휴식' | 그주마지막날=False | 경기있음=False | 부상=False)
[09-03 16:25:58] [진행 총계] 1.38초
[09-03 16:25:58] [PERF-DAILYHOOK] 44주차 304일차: process_po_week 0.051s
[09-03 16:25:58] [PERF-DAY] 44주차 304일차 처리 0.053s (stype='고강도' | 그주마지막날=False | 경기있음=False | 부상=False)
[09-03 16:25:58] [PERF-DAILYHOOK] 44주차 306일차: process_po_week 0.073s
[09-03 16:25:58] [PERF-DAY] 44주차 306일차 처리 0.075s (stype='고강도' | 그주마지막날=False | 경기있음=False | 부상=False)
[09-03 16:25:58] [PERF-DAILYHOOK] 46주차 316일차: process_intl_week 0.505s | process_cwc_week 0.000s
[09-03 16:25:58] [PERF-DAY] 46주차 316일차 처리 0.506s (stype='고강도' | 그주마지막날=False | 경기있음=False | 부상=False)
[09-03 16:25:59] [PERF-DAILYHOOK] 46주차 317일차: process_intl_week 0.104s | process_cwc_week 0.000s
[09-03 16:25:59] [PERF-DAY] 46주차 317일차 처리 0.105s (stype='휴식' | 그주마지막날=False | 경기있음=False | 부상=False)
[09-03 16:25:59] [PERF-DAILYHOOK] 46주차 320일차: process_intl_week 0.099s | process_cwc_week 0.000s
[09-03 16:25:59] [PERF-DAY] 46주차 320일차 처리 0.101s (stype='고강도' | 그주마지막날=False | 경기있음=False | 부상=False)
[09-03 16:25:59] [진행 총계] 0.74초
[09-03 16:26:36] [PERF]   _end_of_season 세부: AI생애주기 36.97s (승강제 타이밍은 43주 _finalize_club_season으로 이동 — 여기 안 잡힘)
[09-03 16:26:38] [PERF]   일정생성 세부: 아카이브이동 0.81s | 완비판정조회 0.01s | 기존경기dedup조회 0.00s | 일정계산 0.23s | INSERT+commit 0.38s | (대상리그 710개, 신규경기 201400건)
[09-03 16:26:38] [PERF]   인덱스재생성 0.36s
[09-03 16:26:40] [PERF] 연도전환 총 40.38s (커리어정리 0.00s | _end_of_season 36.98s | 일정생성 1.79s | 파워랭킹 1.61s | PRAGMA optimize 0.00s)
[09-03 16:26:40] [PERF-WEEKTAIL] 52주차: _pay_salary 0.000s | _advance_week 40.384s
[09-03 16:26:40] [PERF-DAY] 52주차 364일차 처리 40.386s (stype='휴식' | 그주마지막날=True | 경기있음=False | 부상=False)
[09-03 16:26:40] [진행 총계] 40.39초
[09-03 16:26:41] [AI리그] 4주차 4527경기, OVR캐시 0→9054) 세부: 경기조회 0.015s | 시뮬루프 0.328s | executemany(4527건) 0.010s | teams반영+commit 0.028s
[09-03 16:26:41] [주 마무리] 4주차 0.38s (국제대회 0.00s | 챔스 0.00s | 클럽WC 0.00s | 국내컵 0.00s | 리그시뮬 0.38s)
[09-03 16:26:41] [PERF-WEEKTAIL] 4주차: _pay_salary 0.000s | _advance_week 0.186s
[09-03 16:26:41] [PERF-DAY] 4주차 28일차 처리 0.572s (stype='휴식' | 그주마지막날=True | 경기있음=False | 부상=False)
[09-03 16:26:41] [진행 총계] 0.58초
[09-03 16:26:41] [AI리그] 5주차 5771경기, OVR캐시 11263→11393) 세부: 경기조회 0.017s | 시뮬루프 0.070s | executemany(5771건) 0.012s | teams반영+commit 0.038s
[09-03 16:26:41] [주 마무리] 5주차 0.26s (국제대회 0.00s | 챔스 0.00s | 클럽WC 0.00s | 국내컵 0.12s | 리그시뮬 0.14s)
[09-03 16:26:41] [PERF-DAY] 5주차 35일차 처리 0.261s (stype='휴식' | 그주마지막날=True | 경기있음=False | 부상=False)
[09-03 16:26:41] [AI리그] 6주차 5734경기, OVR캐시 11393→11393) 세부: 경기조회 0.015s | 시뮬루프 0.044s | executemany(5734건) 0.012s | teams반영+commit 0.040s
[09-03 16:26:41] [주 마무리] 6주차 0.23s (국제대회 0.00s | 챔스 0.00s | 클럽WC 0.00s | 국내컵 0.12s | 리그시뮬 0.11s)
[09-03 16:26:41] [PERF-DAY] 6주차 42일차 처리 0.235s (stype='휴식' | 그주마지막날=True | 경기있음=False | 부상=False)
[09-03 16:26:42] [AI리그] 7주차 5801경기, OVR캐시 11393→11393) 세부: 경기조회 0.016s | 시뮬루프 0.056s | executemany(5801건) 0.012s | teams반영+commit 0.039s
[09-03 16:26:42] [주 마무리] 7주차 0.22s (국제대회 0.00s | 챔스 0.00s | 클럽WC 0.00s | 국내컵 0.10s | 리그시뮬 0.13s)
[09-03 16:26:42] [PERF-DAY] 7주차 49일차 처리 0.304s (stype='휴식' | 그주마지막날=True | 경기있음=False | 부상=False)
[09-03 16:26:42] [진행 총계] 0.31초
[09-03 16:26:42] [AI리그] 8주차 5757경기, OVR캐시 11393→11393) 세부: 경기조회 0.015s | 시뮬루프 0.045s | executemany(5757건) 0.013s | teams반영+commit 0.041s
[09-03 16:26:42] [주 마무리] 8주차 0.12s (국제대회 0.00s | 챔스 0.00s | 클럽WC 0.00s | 국내컵 0.00s | 리그시뮬 0.12s)
[09-03 16:26:42] [PERF-DAY] 8주차 56일차 처리 0.122s (stype='휴식' | 그주마지막날=True | 경기있음=False | 부상=False)
[09-03 16:26:42] [AI리그] 9주차 5731경기, OVR캐시 11393→11393) 세부: 경기조회 0.015s | 시뮬루프 0.043s | executemany(5731건) 0.013s | teams반영+commit 0.040s
[09-03 16:26:42] [주 마무리] 9주차 0.14s (국제대회 0.00s | 챔스 0.03s | 클럽WC 0.00s | 국내컵 0.00s | 리그시뮬 0.11s)
[09-03 16:26:42] [PERF-DAY] 9주차 63일차 처리 0.145s (stype='휴식' | 그주마지막날=True | 경기있음=False | 부상=False)
[09-03 16:26:42] [AI리그] 10주차 5766경기, OVR캐시 11393→11393) 세부: 경기조회 0.014s | 시뮬루프 0.053s | executemany(5766건) 0.012s | teams반영+commit 0.036s
[09-03 16:26:42] [주 마무리] 10주차 0.14s (국제대회 0.00s | 챔스 0.02s | 클럽WC 0.00s | 국내컵 0.00s | 리그시뮬 0.12s)
[09-03 16:26:42] [PERF-DAY] 10주차 70일차 처리 0.144s (stype='휴식' | 그주마지막날=True | 경기있음=False | 부상=False)
[09-03 16:26:43] [AI리그] 11주차 5618경기, OVR캐시 11393→11393) 세부: 경기조회 0.014s | 시뮬루프 0.043s | executemany(5618건) 0.012s | teams반영+commit 0.035s
[09-03 16:26:43] [주 마무리] 11주차 0.13s (국제대회 0.00s | 챔스 0.02s | 클럽WC 0.00s | 국내컵 0.00s | 리그시뮬 0.11s)
[09-03 16:26:43] [PERF-DAY] 11주차 77일차 처리 0.133s (stype='휴식' | 그주마지막날=True | 경기있음=False | 부상=False)
[09-03 16:26:43] [AI리그] 12주차 5609경기, OVR캐시 11393→11393) 세부: 경기조회 0.014s | 시뮬루프 0.047s | executemany(5609건) 0.014s | teams반영+commit 0.034s
[09-03 16:26:43] [주 마무리] 12주차 0.14s (국제대회 0.00s | 챔스 0.02s | 클럽WC 0.00s | 국내컵 0.00s | 리그시뮬 0.11s)
[09-03 16:26:43] [PERF-DAY] 12주차 84일차 처리 0.138s (stype='휴식' | 그주마지막날=True | 경기있음=False | 부상=False)
[09-03 16:26:43] [AI리그] 13주차 5233경기, OVR캐시 11393→11393) 세부: 경기조회 0.013s | 시뮬루프 0.047s | executemany(5233건) 0.012s | teams반영+commit 0.036s
[09-03 16:26:43] [주 마무리] 13주차 0.14s (국제대회 0.00s | 챔스 0.02s | 클럽WC 0.00s | 국내컵 0.00s | 리그시뮬 0.11s)
[09-03 16:26:43] [PERF-DAY] 13주차 91일차 처리 0.138s (stype='휴식' | 그주마지막날=True | 경기있음=False | 부상=False)
[09-03 16:26:43] [AI리그] 14주차 5527경기, OVR캐시 11393→11393) 세부: 경기조회 0.013s | 시뮬루프 0.042s | executemany(5527건) 0.012s | teams반영+commit 0.033s
[09-03 16:26:43] [주 마무리] 14주차 0.13s (국제대회 0.00s | 챔스 0.03s | 클럽WC 0.00s | 국내컵 0.00s | 리그시뮬 0.10s)
[09-03 16:26:43] [PERF-DAY] 14주차 98일차 처리 0.129s (stype='휴식' | 그주마지막날=True | 경기있음=False | 부상=False)
[09-03 16:26:44] [AI리그] 15주차 5747경기, OVR캐시 11393→11393) 세부: 경기조회 0.013s | 시뮬루프 0.045s | executemany(5747건) 0.014s | teams반영+commit 0.039s
[09-03 16:26:44] [주 마무리] 15주차 0.14s (국제대회 0.00s | 챔스 0.02s | 클럽WC 0.00s | 국내컵 0.00s | 리그시뮬 0.11s)
[09-03 16:26:44] [PERF-DAY] 15주차 105일차 처리 0.140s (stype='휴식' | 그주마지막날=True | 경기있음=False | 부상=False)
[09-03 16:26:44] [AI리그] 16주차 5732경기, OVR캐시 11393→11393) 세부: 경기조회 0.013s | 시뮬루프 0.051s | executemany(5732건) 0.013s | teams반영+commit 0.038s
[09-03 16:26:44] [주 마무리] 16주차 0.17s (국제대회 0.00s | 챔스 0.05s | 클럽WC 0.00s | 국내컵 0.00s | 리그시뮬 0.12s)
[09-03 16:26:44] [PERF-DAY] 16주차 112일차 처리 0.167s (stype='휴식' | 그주마지막날=True | 경기있음=False | 부상=False)
[09-03 16:26:44] [AI리그] 17주차 5482경기, OVR캐시 11393→11393) 세부: 경기조회 0.015s | 시뮬루프 0.048s | executemany(5482건) 0.014s | teams반영+commit 0.036s
[09-03 16:26:44] [주 마무리] 17주차 0.12s (국제대회 0.00s | 챔스 0.00s | 클럽WC 0.00s | 국내컵 0.00s | 리그시뮬 0.12s)
[09-03 16:26:44] [PERF-DAY] 17주차 119일차 처리 0.120s (stype='휴식' | 그주마지막날=True | 경기있음=False | 부상=True)
[09-03 16:26:44] [AI리그] 18주차 5384경기, OVR캐시 11393→11393) 세부: 경기조회 0.012s | 시뮬루프 0.045s | executemany(5384건) 0.012s | teams반영+commit 0.036s
[09-03 16:26:44] [주 마무리] 18주차 0.14s (국제대회 0.00s | 챔스 0.03s | 클럽WC 0.00s | 국내컵 0.00s | 리그시뮬 0.11s)
[09-03 16:26:44] [PERF-DAY] 18주차 126일차 처리 0.137s (stype='휴식' | 그주마지막날=True | 경기있음=False | 부상=True)
[09-03 16:26:45] [AI리그] 19주차 3886경기, OVR캐시 11393→11393) 세부: 경기조회 0.011s | 시뮬루프 0.037s | executemany(3886건) 0.010s | teams반영+commit 0.026s
[09-03 16:26:45] [주 마무리] 19주차 0.09s (국제대회 0.00s | 챔스 0.00s | 클럽WC 0.00s | 국내컵 0.00s | 리그시뮬 0.08s)
[09-03 16:26:45] [PERF-DAY] 19주차 133일차 처리 0.090s (stype='휴식' | 그주마지막날=True | 경기있음=False | 부상=False)
[09-03 16:26:45] [AI리그] 20주차 3343경기, OVR캐시 11393→11393) 세부: 경기조회 0.010s | 시뮬루프 0.028s | executemany(3343건) 0.008s | teams반영+commit 0.023s
[09-03 16:26:45] [주 마무리] 20주차 0.09s (국제대회 0.00s | 챔스 0.02s | 클럽WC 0.00s | 국내컵 0.00s | 리그시뮬 0.07s)
[09-03 16:26:45] [PERF-DAY] 20주차 140일차 처리 0.092s (stype='휴식' | 그주마지막날=True | 경기있음=False | 부상=False)
[09-03 16:26:45] [AI리그] 21주차 2934경기, OVR캐시 11393→11393) 세부: 경기조회 0.009s | 시뮬루프 0.023s | executemany(2934건) 0.007s | teams반영+commit 0.019s
[09-03 16:26:45] [주 마무리] 21주차 0.08s (국제대회 0.00s | 챔스 0.01s | 클럽WC 0.00s | 국내컵 0.00s | 리그시뮬 0.06s)
[09-03 16:26:45] [PERF-DAY] 21주차 147일차 처리 0.076s (stype='휴식' | 그주마지막날=True | 경기있음=False | 부상=False)
[09-03 16:26:45] [AI리그] 22주차 2779경기, OVR캐시 11393→11393) 세부: 경기조회 0.009s | 시뮬루프 0.023s | executemany(2779건) 0.007s | teams반영+commit 0.018s
[09-03 16:26:45] [주 마무리] 22주차 0.07s (국제대회 0.00s | 챔스 0.01s | 클럽WC 0.00s | 국내컵 0.00s | 리그시뮬 0.06s)
[09-03 16:26:45] [PERF-DAY] 22주차 154일차 처리 0.071s (stype='휴식' | 그주마지막날=True | 경기있음=False | 부상=False)
[09-03 16:26:45] [주 마무리] 23주차 0.06s (국제대회 0.00s | 챔스 0.02s | 클럽WC 0.00s | 국내컵 0.00s | 리그시뮬 0.05s)
[09-03 16:26:45] [PERF-DAY] 23주차 161일차 처리 0.082s (stype='휴식' | 그주마지막날=True | 경기있음=False | 부상=False)
[09-03 16:26:46] [AI리그] 24주차 2602경기, OVR캐시 11393→11393) 세부: 경기조회 0.009s | 시뮬루프 0.024s | executemany(2602건) 0.006s | teams반영+commit 0.011s
[09-03 16:26:46] [주 마무리] 24주차 0.05s (국제대회 0.00s | 챔스 0.00s | 클럽WC 0.00s | 국내컵 0.00s | 리그시뮬 0.05s)
[09-03 16:26:46] [PERF-DAY] 24주차 168일차 처리 0.055s (stype='휴식' | 그주마지막날=True | 경기있음=False | 부상=False)
[09-03 16:26:47] [PERF-DAILYHOOK] 25주차 169일차: process_intl_week 1.173s | process_cwc_week 0.000s
[09-03 16:26:47] [PERF-DAY] 25주차 169일차 처리 1.175s (stype='고강도' | 그주마지막날=False | 경기있음=False | 부상=False)
[09-03 16:26:47] [진행 총계] 1.24초
[09-03 16:26:47] [PERF-DAILYHOOK] 27주차 189일차: process_intl_week 0.062s | process_cwc_week 0.000s
[09-03 16:26:47] [PERF-DAY] 27주차 189일차 처리 0.073s (stype='휴식' | 그주마지막날=True | 경기있음=False | 부상=False)
[09-03 16:26:50] [PERF-WEEKTAIL] 28주차: _pay_salary 0.000s | _advance_week 2.799s
[09-03 16:26:50] [PERF-DAY] 28주차 196일차 처리 2.810s (stype='휴식' | 그주마지막날=True | 경기있음=False | 부상=False)
[09-03 16:26:50] [진행 총계] 2.85초
[09-03 16:26:50] [AI리그] 29주차 4943경기, OVR캐시 11393→11393) 세부: 경기조회 0.010s | 시뮬루프 0.040s | executemany(4943건) 0.012s | teams반영+commit 0.034s
[09-03 16:26:50] [주 마무리] 29주차 0.10s (국제대회 0.00s | 챔스 0.00s | 클럽WC 0.00s | 국내컵 0.00s | 리그시뮬 0.10s)
[09-03 16:26:50] [PERF-DAY] 29주차 203일차 처리 0.102s (stype='휴식' | 그주마지막날=True | 경기있음=False | 부상=False)
[09-03 16:26:50] [AI리그] 30주차 6683경기, OVR캐시 11393→11393) 세부: 경기조회 0.011s | 시뮬루프 0.050s | executemany(6683건) 0.015s | teams반영+commit 0.035s
[09-03 16:26:50] [주 마무리] 30주차 0.19s (국제대회 0.00s | 챔스 0.00s | 클럽WC 0.00s | 국내컵 0.07s | 리그시뮬 0.11s)
[09-03 16:26:50] [PERF-DAY] 30주차 210일차 처리 0.187s (stype='휴식' | 그주마지막날=True | 경기있음=False | 부상=False)
[09-03 16:26:51] [AI리그] 31주차 6722경기, OVR캐시 11393→11393) 세부: 경기조회 0.011s | 시뮬루프 0.050s | executemany(6722건) 0.015s | teams반영+commit 0.035s
[09-03 16:26:51] [주 마무리] 31주차 0.12s (국제대회 0.00s | 챔스 0.00s | 클럽WC 0.00s | 국내컵 0.00s | 리그시뮬 0.11s)
[09-03 16:26:51] [PERF-DAY] 31주차 217일차 처리 0.117s (stype='휴식' | 그주마지막날=True | 경기있음=False | 부상=False)
[09-03 16:26:51] [AI리그] 32주차 6569경기, OVR캐시 11393→11393) 세부: 경기조회 0.010s | 시뮬루프 0.048s | executemany(6569건) 0.014s | teams반영+commit 0.036s
[09-03 16:26:51] [주 마무리] 32주차 0.18s (국제대회 0.00s | 챔스 0.00s | 클럽WC 0.00s | 국내컵 0.07s | 리그시뮬 0.11s)
[09-03 16:26:51] [PERF-DAY] 32주차 224일차 처리 0.178s (stype='휴식' | 그주마지막날=True | 경기있음=False | 부상=False)
[09-03 16:26:51] [AI리그] 33주차 6949경기, OVR캐시 11393→11393) 세부: 경기조회 0.010s | 시뮬루프 0.052s | executemany(6949건) 0.015s | teams반영+commit 0.037s
[09-03 16:26:51] [주 마무리] 33주차 0.12s (국제대회 0.00s | 챔스 0.00s | 클럽WC 0.00s | 국내컵 0.00s | 리그시뮬 0.12s)
[09-03 16:26:51] [PERF-DAY] 33주차 231일차 처리 0.120s (stype='휴식' | 그주마지막날=True | 경기있음=False | 부상=False)
[09-03 16:26:51] [AI리그] 34주차 6515경기, OVR캐시 11393→11393) 세부: 경기조회 0.009s | 시뮬루프 0.051s | executemany(6515건) 0.016s | teams반영+commit 0.041s
[09-03 16:26:51] [주 마무리] 34주차 0.17s (국제대회 0.00s | 챔스 0.00s | 클럽WC 0.00s | 국내컵 0.05s | 리그시뮬 0.12s)
[09-03 16:26:51] [PERF-DAY] 34주차 238일차 처리 0.168s (stype='휴식' | 그주마지막날=True | 경기있음=False | 부상=False)
[09-03 16:26:52] [AI리그] 35주차 6888경기, OVR캐시 11393→11393) 세부: 경기조회 0.009s | 시뮬루프 0.053s | executemany(6888건) 0.020s | teams반영+commit 0.038s
[09-03 16:26:52] [주 마무리] 35주차 0.12s (국제대회 0.00s | 챔스 0.00s | 클럽WC 0.00s | 국내컵 0.00s | 리그시뮬 0.12s)
[09-03 16:26:52] [PERF-DAY] 35주차 245일차 처리 0.125s (stype='휴식' | 그주마지막날=True | 경기있음=False | 부상=False)
[09-03 16:26:52] [AI리그] 36주차 7137경기, OVR캐시 11393→11393) 세부: 경기조회 0.008s | 시뮬루프 0.052s | executemany(7137건) 0.016s | teams반영+commit 0.038s
[09-03 16:26:52] [주 마무리] 36주차 0.16s (국제대회 0.00s | 챔스 0.00s | 클럽WC 0.00s | 국내컵 0.04s | 리그시뮬 0.12s)
[09-03 16:26:52] [PERF-DAY] 36주차 252일차 처리 0.164s (stype='휴식' | 그주마지막날=True | 경기있음=False | 부상=False)
[09-03 16:26:52] [AI리그] 37주차 6556경기, OVR캐시 11393→11393) 세부: 경기조회 0.007s | 시뮬루프 0.049s | executemany(6556건) 0.016s | teams반영+commit 0.040s
[09-03 16:26:52] [주 마무리] 37주차 0.12s (국제대회 0.00s | 챔스 0.00s | 클럽WC 0.00s | 국내컵 0.00s | 리그시뮬 0.11s)
[09-03 16:26:52] [PERF-DAY] 37주차 259일차 처리 0.117s (stype='휴식' | 그주마지막날=True | 경기있음=False | 부상=False)
[09-03 16:26:52] [AI리그] 38주차 6730경기, OVR캐시 11393→11393) 세부: 경기조회 0.007s | 시뮬루프 0.050s | executemany(6730건) 0.016s | teams반영+commit 0.041s
[09-03 16:26:52] [주 마무리] 38주차 0.18s (국제대회 0.00s | 챔스 0.00s | 클럽WC 0.00s | 국내컵 0.06s | 리그시뮬 0.12s)
[09-03 16:26:52] [PERF-DAY] 38주차 266일차 처리 0.182s (stype='휴식' | 그주마지막날=True | 경기있음=False | 부상=False)
[09-03 16:26:53] [AI리그] 39주차 6855경기, OVR캐시 11393→11393) 세부: 경기조회 0.008s | 시뮬루프 0.050s | executemany(6855건) 0.016s | teams반영+commit 0.038s
[09-03 16:26:53] [주 마무리] 39주차 0.11s (국제대회 0.00s | 챔스 0.00s | 클럽WC 0.00s | 국내컵 0.00s | 리그시뮬 0.11s)
[09-03 16:26:53] [PERF-DAY] 39주차 273일차 처리 0.115s (stype='휴식' | 그주마지막날=True | 경기있음=False | 부상=False)
[09-03 16:26:53] [AI리그] 40주차 6844경기, OVR캐시 11393→11393) 세부: 경기조회 0.007s | 시뮬루프 0.049s | executemany(6844건) 0.016s | teams반영+commit 0.038s
[09-03 16:26:53] [주 마무리] 40주차 0.14s (국제대회 0.00s | 챔스 0.00s | 클럽WC 0.00s | 국내컵 0.03s | 리그시뮬 0.11s)
[09-03 16:26:53] [PERF-DAY] 40주차 280일차 처리 0.141s (stype='휴식' | 그주마지막날=True | 경기있음=False | 부상=False)
[09-03 16:26:53] [AI리그] 41주차 6841경기, OVR캐시 11393→11393) 세부: 경기조회 0.006s | 시뮬루프 0.049s | executemany(6841건) 0.015s | teams반영+commit 0.036s
[09-03 16:26:53] [주 마무리] 41주차 0.11s (국제대회 0.00s | 챔스 0.00s | 클럽WC 0.00s | 국내컵 0.00s | 리그시뮬 0.11s)
[09-03 16:26:53] [PERF-DAY] 41주차 287일차 처리 0.109s (stype='휴식' | 그주마지막날=True | 경기있음=False | 부상=False)
[09-03 16:26:53] [AI리그] 42주차 6742경기, OVR캐시 11393→11393) 세부: 경기조회 0.005s | 시뮬루프 0.048s | executemany(6742건) 0.015s | teams반영+commit 0.033s
[09-03 16:26:53] [주 마무리] 42주차 0.11s (국제대회 0.00s | 챔스 0.00s | 클럽WC 0.00s | 국내컵 0.01s | 리그시뮬 0.10s)
[09-03 16:26:53] [PERF-DAY] 42주차 294일차 처리 0.110s (stype='휴식' | 그주마지막날=True | 경기있음=False | 부상=False)
[09-03 16:26:55] [PERF-PROMO] _process_promotion_relegation 세부: my_player/season조회 0.001s | teams+leagues조회 0.012s | standings계산(710개리그) 0.280s | ai_players OVR스캔 0.244s | 승강판정루프(211개국) 0.027s | executemany(1210건) 0.016s | 리스케일(1210건) 0.356s | commit/close 0.334s | 캐시무효화 0.000s
[09-03 16:26:55] [PERF-SEASON] finalize_club_season 세부: finish_incomplete_matches=0.047s | promotion_relegation=1.279s
[09-03 16:26:55] [PERF-YEAR] 43주차(CLUB_SEASON_END_DAY) 세부: finalize_club_season=1.326s | promotion_playoffs=0.024s | PRAGMA optimize=0.001s
[09-03 16:26:55] [PERF-DAY] 43주차 300일차 처리 1.364s (stype='휴식' | 그주마지막날=False | 경기있음=False | 부상=False)
[09-03 16:26:55] [진행 총계] 1.39초
[09-03 16:26:55] [PERF-DAILYHOOK] 44주차 302일차: process_po_week 0.053s
[09-03 16:26:55] [PERF-DAY] 44주차 302일차 처리 0.054s (stype='고강도' | 그주마지막날=False | 경기있음=False | 부상=False)
[09-03 16:26:55] [PERF-DAILYHOOK] 44주차 304일차: process_po_week 0.054s
[09-03 16:26:55] [PERF-DAY] 44주차 304일차 처리 0.055s (stype='고강도' | 그주마지막날=False | 경기있음=False | 부상=False)
[09-03 16:26:55] [PERF-DAILYHOOK] 44주차 306일차: process_po_week 0.076s
[09-03 16:26:55] [PERF-DAY] 44주차 306일차 처리 0.077s (stype='고강도' | 그주마지막날=False | 경기있음=False | 부상=False)
[09-03 16:27:34] [PERF]   _end_of_season 세부: AI생애주기 38.31s (승강제 타이밍은 43주 _finalize_club_season으로 이동 — 여기 안 잡힘)
[09-03 16:27:36] [PERF]   일정생성 세부: 아카이브이동 0.82s | 완비판정조회 0.01s | 기존경기dedup조회 0.00s | 일정계산 0.21s | INSERT+commit 0.40s | (대상리그 710개, 신규경기 201400건)
[09-03 16:27:36] [PERF]   인덱스재생성 0.36s
[09-03 16:27:38] [PERF] 연도전환 총 41.71s (커리어정리 0.00s | _end_of_season 38.32s | 일정생성 1.81s | 파워랭킹 1.59s | PRAGMA optimize 0.00s)
[09-03 16:27:38] [PERF-WEEKTAIL] 52주차: _pay_salary 0.000s | _advance_week 41.711s
[09-03 16:27:38] [PERF-DAY] 52주차 364일차 처리 41.713s (stype='휴식' | 그주마지막날=True | 경기있음=False | 부상=False)
[09-03 16:27:38] [진행 총계] 41.72초
[09-03 16:27:39] [AI리그] 4주차 4527경기, OVR캐시 0→9054) 세부: 경기조회 0.015s | 시뮬루프 0.355s | executemany(4527건) 0.010s | teams반영+commit 0.026s
[09-03 16:27:39] [주 마무리] 4주차 0.41s (국제대회 0.00s | 챔스 0.00s | 클럽WC 0.00s | 국내컵 0.00s | 리그시뮬 0.41s)
[09-03 16:27:39] [PERF-WEEKTAIL] 4주차: _pay_salary 0.000s | _advance_week 0.196s
[09-03 16:27:39] [PERF-DAY] 4주차 28일차 처리 0.608s (stype='휴식' | 그주마지막날=True | 경기있음=False | 부상=False)
[09-03 16:27:39] [진행 총계] 0.61초
[09-03 16:27:39] [AI리그] 5주차 5771경기, OVR캐시 11263→11393) 세부: 경기조회 0.017s | 시뮬루프 0.071s | executemany(5771건) 0.012s | teams반영+commit 0.039s
[09-03 16:27:39] [주 마무리] 5주차 0.27s (국제대회 0.00s | 챔스 0.00s | 클럽WC 0.00s | 국내컵 0.13s | 리그시뮬 0.14s)
[09-03 16:27:39] [PERF-DAY] 5주차 35일차 처리 0.275s (stype='휴식' | 그주마지막날=True | 경기있음=False | 부상=False)
[09-03 16:27:39] [AI리그] 6주차 5734경기, OVR캐시 11393→11393) 세부: 경기조회 0.015s | 시뮬루프 0.047s | executemany(5734건) 0.012s | teams반영+commit 0.041s
[09-03 16:27:39] [주 마무리] 6주차 0.25s (국제대회 0.00s | 챔스 0.00s | 클럽WC 0.00s | 국내컵 0.13s | 리그시뮬 0.12s)
[09-03 16:27:39] [PERF-DAY] 6주차 42일차 처리 0.249s (stype='휴식' | 그주마지막날=True | 경기있음=False | 부상=False)
[09-03 16:27:40] [AI리그] 7주차 5801경기, OVR캐시 11393→11393) 세부: 경기조회 0.015s | 시뮬루프 0.053s | executemany(5801건) 0.013s | teams반영+commit 0.044s
[09-03 16:27:40] [주 마무리] 7주차 0.23s (국제대회 0.00s | 챔스 0.00s | 클럽WC 0.00s | 국내컵 0.10s | 리그시뮬 0.13s)
[09-03 16:27:40] [PERF-DAY] 7주차 49일차 처리 0.316s (stype='휴식' | 그주마지막날=True | 경기있음=False | 부상=False)
[09-03 16:27:40] [진행 총계] 0.32초
[09-03 16:27:40] [AI리그] 8주차 5757경기, OVR캐시 11393→11393) 세부: 경기조회 0.015s | 시뮬루프 0.044s | executemany(5757건) 0.013s | teams반영+commit 0.040s
[09-03 16:27:40] [주 마무리] 8주차 0.12s (국제대회 0.00s | 챔스 0.00s | 클럽WC 0.00s | 국내컵 0.00s | 리그시뮬 0.11s)
[09-03 16:27:40] [PERF-DAY] 8주차 56일차 처리 0.119s (stype='휴식' | 그주마지막날=True | 경기있음=False | 부상=False)
[09-03 16:27:40] [AI리그] 9주차 5731경기, OVR캐시 11393→11393) 세부: 경기조회 0.015s | 시뮬루프 0.043s | executemany(5731건) 0.013s | teams반영+commit 0.043s
[09-03 16:27:40] [주 마무리] 9주차 0.15s (국제대회 0.00s | 챔스 0.03s | 클럽WC 0.00s | 국내컵 0.00s | 리그시뮬 0.12s)
[09-03 16:27:40] [PERF-DAY] 9주차 63일차 처리 0.150s (stype='휴식' | 그주마지막날=True | 경기있음=False | 부상=False)
[09-03 16:27:41] [AI리그] 10주차 5766경기, OVR캐시 11393→11393) 세부: 경기조회 0.015s | 시뮬루프 0.053s | executemany(5766건) 0.013s | teams반영+commit 0.040s
[09-03 16:27:41] [주 마무리] 10주차 0.15s (국제대회 0.00s | 챔스 0.03s | 클럽WC 0.00s | 국내컵 0.00s | 리그시뮬 0.12s)
[09-03 16:27:41] [PERF-DAY] 10주차 70일차 처리 0.153s (stype='휴식' | 그주마지막날=True | 경기있음=False | 부상=False)
[09-03 16:27:41] [AI리그] 11주차 5618경기, OVR캐시 11393→11393) 세부: 경기조회 0.014s | 시뮬루프 0.044s | executemany(5618건) 0.013s | teams반영+commit 0.037s
[09-03 16:27:41] [주 마무리] 11주차 0.14s (국제대회 0.00s | 챔스 0.02s | 클럽WC 0.00s | 국내컵 0.00s | 리그시뮬 0.11s)
[09-03 16:27:41] [PERF-DAY] 11주차 77일차 처리 0.137s (stype='휴식' | 그주마지막날=True | 경기있음=False | 부상=False)
[09-03 16:27:41] [AI리그] 12주차 5609경기, OVR캐시 11393→11393) 세부: 경기조회 0.014s | 시뮬루프 0.043s | executemany(5609건) 0.012s | teams반영+commit 0.036s
[09-03 16:27:41] [주 마무리] 12주차 0.13s (국제대회 0.00s | 챔스 0.02s | 클럽WC 0.00s | 국내컵 0.00s | 리그시뮬 0.11s)
[09-03 16:27:41] [PERF-DAY] 12주차 84일차 처리 0.134s (stype='휴식' | 그주마지막날=True | 경기있음=False | 부상=False)
[09-03 16:27:41] [AI리그] 13주차 5233경기, OVR캐시 11393→11393) 세부: 경기조회 0.014s | 시뮬루프 0.046s | executemany(5233건) 0.012s | teams반영+commit 0.036s
[09-03 16:27:41] [주 마무리] 13주차 0.14s (국제대회 0.00s | 챔스 0.02s | 클럽WC 0.00s | 국내컵 0.00s | 리그시뮬 0.11s)
[09-03 16:27:41] [PERF-DAY] 13주차 91일차 처리 0.137s (stype='휴식' | 그주마지막날=True | 경기있음=False | 부상=False)
[09-03 16:27:42] [AI리그] 14주차 5527경기, OVR캐시 11393→11393) 세부: 경기조회 0.014s | 시뮬루프 0.050s | executemany(5527건) 0.018s | teams반영+commit 0.040s
[09-03 16:27:42] [주 마무리] 14주차 0.15s (국제대회 0.00s | 챔스 0.02s | 클럽WC 0.00s | 국내컵 0.00s | 리그시뮬 0.12s)
[09-03 16:27:42] [PERF-DAY] 14주차 98일차 처리 0.152s (stype='휴식' | 그주마지막날=True | 경기있음=False | 부상=False)
[09-03 16:27:42] [AI리그] 15주차 5747경기, OVR캐시 11393→11393) 세부: 경기조회 0.013s | 시뮬루프 0.049s | executemany(5747건) 0.014s | teams반영+commit 0.040s
[09-03 16:27:42] [주 마무리] 15주차 0.14s (국제대회 0.00s | 챔스 0.02s | 클럽WC 0.00s | 국내컵 0.00s | 리그시뮬 0.12s)
[09-03 16:27:42] [PERF-DAY] 15주차 105일차 처리 0.145s (stype='휴식' | 그주마지막날=True | 경기있음=False | 부상=False)
[09-03 16:27:42] [AI리그] 16주차 5732경기, OVR캐시 11393→11393) 세부: 경기조회 0.014s | 시뮬루프 0.054s | executemany(5732건) 0.013s | teams반영+commit 0.037s
[09-03 16:27:42] [주 마무리] 16주차 0.17s (국제대회 0.00s | 챔스 0.05s | 클럽WC 0.00s | 국내컵 0.00s | 리그시뮬 0.12s)
[09-03 16:27:42] [PERF-DAY] 16주차 112일차 처리 0.173s (stype='휴식' | 그주마지막날=True | 경기있음=False | 부상=False)
[09-03 16:27:42] [AI리그] 17주차 5482경기, OVR캐시 11393→11393) 세부: 경기조회 0.012s | 시뮬루프 0.044s | executemany(5482건) 0.013s | teams반영+commit 0.037s
[09-03 16:27:42] [주 마무리] 17주차 0.11s (국제대회 0.00s | 챔스 0.00s | 클럽WC 0.00s | 국내컵 0.00s | 리그시뮬 0.11s)
[09-03 16:27:42] [PERF-DAY] 17주차 119일차 처리 0.114s (stype='휴식' | 그주마지막날=True | 경기있음=False | 부상=False)
[09-03 16:27:43] [AI리그] 18주차 5384경기, OVR캐시 11393→11393) 세부: 경기조회 0.012s | 시뮬루프 0.046s | executemany(5384건) 0.012s | teams반영+commit 0.035s
[09-03 16:27:43] [주 마무리] 18주차 0.13s (국제대회 0.00s | 챔스 0.03s | 클럽WC 0.00s | 국내컵 0.00s | 리그시뮬 0.11s)
[09-03 16:27:43] [PERF-DAY] 18주차 126일차 처리 0.136s (stype='휴식' | 그주마지막날=True | 경기있음=False | 부상=False)
[09-03 16:27:43] [AI리그] 19주차 3886경기, OVR캐시 11393→11393) 세부: 경기조회 0.011s | 시뮬루프 0.036s | executemany(3886건) 0.010s | teams반영+commit 0.026s
[09-03 16:27:43] [주 마무리] 19주차 0.09s (국제대회 0.00s | 챔스 0.00s | 클럽WC 0.00s | 국내컵 0.00s | 리그시뮬 0.08s)
[09-03 16:27:43] [PERF-DAY] 19주차 133일차 처리 0.090s (stype='휴식' | 그주마지막날=True | 경기있음=False | 부상=False)
[09-03 16:27:43] [AI리그] 20주차 3343경기, OVR캐시 11393→11393) 세부: 경기조회 0.010s | 시뮬루프 0.026s | executemany(3343건) 0.008s | teams반영+commit 0.021s
[09-03 16:27:43] [주 마무리] 20주차 0.09s (국제대회 0.00s | 챔스 0.02s | 클럽WC 0.00s | 국내컵 0.00s | 리그시뮬 0.07s)
[09-03 16:27:43] [PERF-DAY] 20주차 140일차 처리 0.087s (stype='휴식' | 그주마지막날=True | 경기있음=False | 부상=False)
[09-03 16:27:43] [AI리그] 21주차 2934경기, OVR캐시 11393→11393) 세부: 경기조회 0.009s | 시뮬루프 0.023s | executemany(2934건) 0.007s | teams반영+commit 0.021s
[09-03 16:27:43] [주 마무리] 21주차 0.08s (국제대회 0.00s | 챔스 0.01s | 클럽WC 0.00s | 국내컵 0.00s | 리그시뮬 0.06s)
[09-03 16:27:43] [PERF-DAY] 21주차 147일차 처리 0.079s (stype='휴식' | 그주마지막날=True | 경기있음=False | 부상=False)
[09-03 16:27:43] [AI리그] 22주차 2779경기, OVR캐시 11393→11393) 세부: 경기조회 0.009s | 시뮬루프 0.022s | executemany(2779건) 0.007s | teams반영+commit 0.018s
[09-03 16:27:43] [주 마무리] 22주차 0.07s (국제대회 0.00s | 챔스 0.01s | 클럽WC 0.00s | 국내컵 0.00s | 리그시뮬 0.06s)
[09-03 16:27:43] [PERF-DAY] 22주차 154일차 처리 0.071s (stype='휴식' | 그주마지막날=True | 경기있음=False | 부상=True)
[09-03 16:27:44] [AI리그] 23주차 2291경기, OVR캐시 11393→11393) 세부: 경기조회 0.009s | 시뮬루프 0.025s | executemany(2291건) 0.008s | teams반영+commit 0.018s
[09-03 16:27:44] [주 마무리] 23주차 0.08s (국제대회 0.00s | 챔스 0.01s | 클럽WC 0.00s | 국내컵 0.00s | 리그시뮬 0.06s)
[09-03 16:27:44] [PERF-DAY] 23주차 161일차 처리 0.079s (stype='휴식' | 그주마지막날=True | 경기있음=False | 부상=False)
[09-03 16:27:44] [AI리그] 24주차 2602경기, OVR캐시 11393→11393) 세부: 경기조회 0.009s | 시뮬루프 0.025s | executemany(2602건) 0.007s | teams반영+commit 0.013s
[09-03 16:27:44] [주 마무리] 24주차 0.06s (국제대회 0.00s | 챔스 0.00s | 클럽WC 0.00s | 국내컵 0.00s | 리그시뮬 0.06s)
[09-03 16:27:44] [PERF-DAY] 24주차 168일차 처리 0.058s (stype='휴식' | 그주마지막날=True | 경기있음=False | 부상=False)
[09-03 16:27:47] [PERF-WEEKTAIL] 28주차: _pay_salary 0.000s | _advance_week 2.783s
[09-03 16:27:47] [PERF-DAY] 28주차 196일차 처리 2.794s (stype='휴식' | 그주마지막날=True | 경기있음=False | 부상=False)
[09-03 16:27:47] [진행 총계] 2.80초
[09-03 16:27:47] [AI리그] 29주차 4943경기, OVR캐시 11393→11393) 세부: 경기조회 0.010s | 시뮬루프 0.039s | executemany(4943건) 0.011s | teams반영+commit 0.030s
[09-03 16:27:47] [주 마무리] 29주차 0.09s (국제대회 0.00s | 챔스 0.00s | 클럽WC 0.00s | 국내컵 0.00s | 리그시뮬 0.09s)
[09-03 16:27:47] [PERF-DAY] 29주차 203일차 처리 0.096s (stype='휴식' | 그주마지막날=True | 경기있음=False | 부상=False)
[09-03 16:27:47] [AI리그] 30주차 6683경기, OVR캐시 11393→11393) 세부: 경기조회 0.011s | 시뮬루프 0.050s | executemany(6683건) 0.015s | teams반영+commit 0.038s
[09-03 16:27:47] [주 마무리] 30주차 0.20s (국제대회 0.00s | 챔스 0.00s | 클럽WC 0.00s | 국내컵 0.08s | 리그시뮬 0.12s)
[09-03 16:27:47] [PERF-DAY] 30주차 210일차 처리 0.197s (stype='휴식' | 그주마지막날=True | 경기있음=False | 부상=False)
[09-03 16:27:48] [AI리그] 31주차 6722경기, OVR캐시 11393→11393) 세부: 경기조회 0.017s | 시뮬루프 0.064s | executemany(6722건) 0.016s | teams반영+commit 0.044s
[09-03 16:27:48] [주 마무리] 31주차 0.15s (국제대회 0.00s | 챔스 0.00s | 클럽WC 0.00s | 국내컵 0.00s | 리그시뮬 0.15s)
[09-03 16:27:48] [PERF-DAY] 31주차 217일차 처리 0.148s (stype='휴식' | 그주마지막날=True | 경기있음=False | 부상=False)
[09-03 16:27:48] [AI리그] 32주차 6569경기, OVR캐시 11393→11393) 세부: 경기조회 0.016s | 시뮬루프 0.082s | executemany(6569건) 0.020s | teams반영+commit 0.042s
[09-03 16:27:48] [주 마무리] 32주차 0.25s (국제대회 0.00s | 챔스 0.00s | 클럽WC 0.00s | 국내컵 0.08s | 리그시뮬 0.16s)
[09-03 16:27:48] [PERF-DAY] 32주차 224일차 처리 0.247s (stype='휴식' | 그주마지막날=True | 경기있음=False | 부상=False)
[09-03 16:27:48] [AI리그] 33주차 6949경기, OVR캐시 11393→11393) 세부: 경기조회 0.010s | 시뮬루프 0.068s | executemany(6949건) 0.021s | teams반영+commit 0.071s
[09-03 16:27:48] [주 마무리] 33주차 0.18s (국제대회 0.00s | 챔스 0.00s | 클럽WC 0.00s | 국내컵 0.00s | 리그시뮬 0.17s)
[09-03 16:27:48] [PERF-DAY] 33주차 231일차 처리 0.177s (stype='휴식' | 그주마지막날=True | 경기있음=False | 부상=False)
[09-03 16:27:49] [AI리그] 34주차 6515경기, OVR캐시 11393→11393) 세부: 경기조회 0.009s | 시뮬루프 0.051s | executemany(6515건) 0.015s | teams반영+commit 0.040s
[09-03 16:27:49] [주 마무리] 34주차 0.17s (국제대회 0.00s | 챔스 0.00s | 클럽WC 0.00s | 국내컵 0.05s | 리그시뮬 0.12s)
[09-03 16:27:49] [PERF-DAY] 34주차 238일차 처리 0.174s (stype='휴식' | 그주마지막날=True | 경기있음=False | 부상=False)
[09-03 16:27:49] [AI리그] 35주차 6888경기, OVR캐시 11393→11393) 세부: 경기조회 0.015s | 시뮬루프 0.053s | executemany(6888건) 0.017s | teams반영+commit 0.037s
[09-03 16:27:49] [주 마무리] 35주차 0.13s (국제대회 0.00s | 챔스 0.00s | 클럽WC 0.00s | 국내컵 0.00s | 리그시뮬 0.12s)
[09-03 16:27:49] [PERF-DAY] 35주차 245일차 처리 0.129s (stype='휴식' | 그주마지막날=True | 경기있음=False | 부상=False)
[09-03 16:27:49] [AI리그] 36주차 7137경기, OVR캐시 11393→11393) 세부: 경기조회 0.009s | 시뮬루프 0.050s | executemany(7137건) 0.015s | teams반영+commit 0.039s
[09-03 16:27:49] [주 마무리] 36주차 0.17s (국제대회 0.00s | 챔스 0.00s | 클럽WC 0.00s | 국내컵 0.05s | 리그시뮬 0.12s)
[09-03 16:27:49] [PERF-DAY] 36주차 252일차 처리 0.168s (stype='휴식' | 그주마지막날=True | 경기있음=False | 부상=False)
[09-03 16:27:49] [AI리그] 37주차 6556경기, OVR캐시 11393→11393) 세부: 경기조회 0.008s | 시뮬루프 0.052s | executemany(6556건) 0.015s | teams반영+commit 0.040s
[09-03 16:27:49] [주 마무리] 37주차 0.12s (국제대회 0.00s | 챔스 0.00s | 클럽WC 0.00s | 국내컵 0.00s | 리그시뮬 0.12s)
[09-03 16:27:49] [PERF-DAY] 37주차 259일차 처리 0.121s (stype='휴식' | 그주마지막날=True | 경기있음=False | 부상=False)
[09-03 16:27:50] [AI리그] 38주차 6730경기, OVR캐시 11393→11393) 세부: 경기조회 0.008s | 시뮬루프 0.058s | executemany(6730건) 0.015s | teams반영+commit 0.038s
[09-03 16:27:50] [주 마무리] 38주차 0.20s (국제대회 0.00s | 챔스 0.00s | 클럽WC 0.00s | 국내컵 0.07s | 리그시뮬 0.12s)
[09-03 16:27:50] [PERF-DAY] 38주차 266일차 처리 0.197s (stype='휴식' | 그주마지막날=True | 경기있음=False | 부상=False)
[09-03 16:27:50] [AI리그] 39주차 6855경기, OVR캐시 11393→11393) 세부: 경기조회 0.013s | 시뮬루프 0.051s | executemany(6855건) 0.015s | teams반영+commit 0.033s
[09-03 16:27:50] [주 마무리] 39주차 0.12s (국제대회 0.00s | 챔스 0.00s | 클럽WC 0.00s | 국내컵 0.00s | 리그시뮬 0.11s)
[09-03 16:27:50] [PERF-DAY] 39주차 273일차 처리 0.118s (stype='휴식' | 그주마지막날=True | 경기있음=False | 부상=False)
[09-03 16:27:50] [AI리그] 40주차 6844경기, OVR캐시 11393→11393) 세부: 경기조회 0.007s | 시뮬루프 0.057s | executemany(6844건) 0.019s | teams반영+commit 0.043s
[09-03 16:27:50] [주 마무리] 40주차 0.16s (국제대회 0.00s | 챔스 0.00s | 클럽WC 0.00s | 국내컵 0.03s | 리그시뮬 0.13s)
[09-03 16:27:50] [PERF-DAY] 40주차 280일차 처리 0.157s (stype='휴식' | 그주마지막날=True | 경기있음=False | 부상=False)
[09-03 16:27:51] [AI리그] 41주차 6841경기, OVR캐시 11393→11393) 세부: 경기조회 0.006s | 시뮬루프 0.054s | executemany(6841건) 0.016s | teams반영+commit 0.046s
[09-03 16:27:51] [주 마무리] 41주차 0.13s (국제대회 0.00s | 챔스 0.00s | 클럽WC 0.00s | 국내컵 0.00s | 리그시뮬 0.13s)
[09-03 16:27:51] [PERF-DAY] 41주차 287일차 처리 0.129s (stype='휴식' | 그주마지막날=True | 경기있음=False | 부상=False)
[09-03 16:27:51] [AI리그] 42주차 6742경기, OVR캐시 11393→11393) 세부: 경기조회 0.007s | 시뮬루프 0.068s | executemany(6742건) 0.024s | teams반영+commit 0.049s
[09-03 16:27:51] [주 마무리] 42주차 0.16s (국제대회 0.00s | 챔스 0.00s | 클럽WC 0.00s | 국내컵 0.01s | 리그시뮬 0.15s)
[09-03 16:27:51] [PERF-DAY] 42주차 294일차 처리 0.162s (stype='휴식' | 그주마지막날=True | 경기있음=False | 부상=False)
[09-03 16:27:53] [PERF-PROMO] _process_promotion_relegation 세부: my_player/season조회 0.001s | teams+leagues조회 0.013s | standings계산(710개리그) 0.321s | ai_players OVR스캔 0.253s | 승강판정루프(211개국) 0.026s | executemany(1212건) 0.018s | 리스케일(1212건) 0.345s | commit/close 0.413s | 캐시무효화 0.000s
[09-03 16:27:53] [PERF-SEASON] finalize_club_season 세부: finish_incomplete_matches=0.050s | promotion_relegation=1.399s
[09-03 16:27:53] [PERF-YEAR] 43주차(CLUB_SEASON_END_DAY) 세부: finalize_club_season=1.449s | promotion_playoffs=0.025s | PRAGMA optimize=0.000s
[09-03 16:27:53] [PERF-DAY] 43주차 300일차 처리 1.488s (stype='휴식' | 그주마지막날=False | 경기있음=False | 부상=False)
[09-03 16:27:53] [진행 총계] 1.52초
[09-03 16:27:53] [PERF-DAILYHOOK] 44주차 302일차: process_po_week 0.057s
[09-03 16:27:53] [PERF-DAY] 44주차 302일차 처리 0.058s (stype='고강도' | 그주마지막날=False | 경기있음=False | 부상=False)
[09-03 16:27:53] [PERF-DAILYHOOK] 44주차 304일차: process_po_week 0.056s
[09-03 16:27:53] [PERF-DAY] 44주차 304일차 처리 0.057s (stype='고강도' | 그주마지막날=False | 경기있음=False | 부상=False)
[09-03 16:27:53] [PERF-DAILYHOOK] 44주차 306일차: process_po_week 0.077s
[09-03 16:27:53] [PERF-DAY] 44주차 306일차 처리 0.078s (stype='고강도' | 그주마지막날=False | 경기있음=False | 부상=False)
[09-03 16:28:37] [PERF]   _end_of_season 세부: AI생애주기 43.51s (승강제 타이밍은 43주 _finalize_club_season으로 이동 — 여기 안 잡힘)
[09-03 16:28:43] [PERF]   일정생성 세부: 아카이브이동 4.68s | 완비판정조회 0.01s | 기존경기dedup조회 0.00s | 일정계산 0.27s | INSERT+commit 0.42s | (대상리그 710개, 신규경기 201400건)
[09-03 16:28:43] [PERF]   인덱스재생성 0.45s
[09-03 16:28:45] [PERF] 연도전환 총 51.04s (커리어정리 0.00s | _end_of_season 43.51s | 일정생성 5.85s | 파워랭킹 1.67s | PRAGMA optimize 0.00s)
[09-03 16:28:45] [PERF-WEEKTAIL] 52주차: _pay_salary 0.000s | _advance_week 51.036s
[09-03 16:28:45] [PERF-DAY] 52주차 364일차 처리 51.037s (stype='휴식' | 그주마지막날=True | 경기있음=False | 부상=False)
[09-03 16:28:45] [진행 총계] 51.04초
[09-03 16:42:18] [PERF]   일정생성 세부: 아카이브이동 0.00s | 완비판정조회 0.01s | 기존경기dedup조회 0.00s | 일정계산 0.21s | INSERT+commit 0.38s | (대상리그 710개, 신규경기 201400건)
[09-03 16:42:19] [PERF]   인덱스재생성 0.37s
[09-03 16:42:32] [AI리그] 4주차 4527경기, OVR캐시 0→9054) 세부: 경기조회 0.014s | 시뮬루프 0.360s | executemany(4527건) 0.010s | teams반영+commit 0.022s
[09-03 16:42:32] [주 마무리] 4주차 0.41s (국제대회 0.00s | 챔스 0.00s | 클럽WC 0.00s | 국내컵 0.00s | 리그시뮬 0.41s)
[09-03 16:42:33] [PERF-WEEKTAIL] 4주차: _pay_salary 0.000s | _advance_week 0.158s
[09-03 16:42:33] [PERF-DAY] 4주차 28일차 처리 0.568s (stype='휴식' | 그주마지막날=True | 경기있음=False | 부상=False)
[09-03 16:42:33] [진행 총계] 0.57초
[09-03 16:42:33] [AI리그] 5주차 5771경기, OVR캐시 11263→11393) 세부: 경기조회 0.015s | 시뮬루프 0.175s | executemany(5771건) 0.013s | teams반영+commit 0.040s
[09-03 16:42:33] [주 마무리] 5주차 0.36s (국제대회 0.00s | 챔스 0.00s | 클럽WC 0.00s | 국내컵 0.12s | 리그시뮬 0.24s)
[09-03 16:42:33] [PERF-DAY] 5주차 35일차 처리 0.364s (stype='휴식' | 그주마지막날=True | 경기있음=False | 부상=False)
[09-03 16:42:33] [진행 총계] 0.37초
[09-03 16:42:33] [AI리그] 6주차 5734경기, OVR캐시 11393→11393) 세부: 경기조회 0.014s | 시뮬루프 0.153s | executemany(5734건) 0.013s | teams반영+commit 0.041s
[09-03 16:42:33] [주 마무리] 6주차 0.35s (국제대회 0.00s | 챔스 0.00s | 클럽WC 0.00s | 국내컵 0.13s | 리그시뮬 0.22s)
[09-03 16:42:33] [PERF-DAY] 6주차 42일차 처리 0.351s (stype='휴식' | 그주마지막날=True | 경기있음=False | 부상=False)
[09-03 16:42:33] [진행 총계] 0.36초
[09-03 16:42:34] [AI리그] 7주차 5801경기, OVR캐시 11393→11393) 세부: 경기조회 0.014s | 시뮬루프 0.161s | executemany(5801건) 0.014s | teams반영+commit 0.044s
[09-03 16:42:34] [주 마무리] 7주차 0.33s (국제대회 0.00s | 챔스 0.00s | 클럽WC 0.00s | 국내컵 0.10s | 리그시뮬 0.23s)
[09-03 16:42:34] [PERF-DAY] 7주차 49일차 처리 0.376s (stype='휴식' | 그주마지막날=True | 경기있음=False | 부상=False)
[09-03 16:42:34] [진행 총계] 0.38초
[09-03 16:42:34] [AI리그] 8주차 5757경기, OVR캐시 11393→11393) 세부: 경기조회 0.014s | 시뮬루프 0.152s | executemany(5757건) 0.012s | teams반영+commit 0.037s
[09-03 16:42:34] [주 마무리] 8주차 0.22s (국제대회 0.00s | 챔스 0.00s | 클럽WC 0.00s | 국내컵 0.00s | 리그시뮬 0.22s)
[09-03 16:42:34] [PERF-DAY] 8주차 56일차 처리 0.222s (stype='휴식' | 그주마지막날=True | 경기있음=False | 부상=False)
[09-03 16:42:34] [AI리그] 9주차 5731경기, OVR캐시 11393→11393) 세부: 경기조회 0.015s | 시뮬루프 0.152s | executemany(5731건) 0.012s | teams반영+commit 0.039s
[09-03 16:42:34] [주 마무리] 9주차 0.25s (국제대회 0.00s | 챔스 0.03s | 클럽WC 0.00s | 국내컵 0.00s | 리그시뮬 0.22s)
[09-03 16:42:34] [PERF-DAY] 9주차 63일차 처리 0.250s (stype='휴식' | 그주마지막날=True | 경기있음=False | 부상=False)
[09-03 16:42:35] [AI리그] 10주차 5766경기, OVR캐시 11393→11393) 세부: 경기조회 0.013s | 시뮬루프 0.152s | executemany(5766건) 0.013s | teams반영+commit 0.039s
[09-03 16:42:35] [주 마무리] 10주차 0.24s (국제대회 0.00s | 챔스 0.02s | 클럽WC 0.00s | 국내컵 0.00s | 리그시뮬 0.22s)
[09-03 16:42:35] [PERF-DAY] 10주차 70일차 처리 0.245s (stype='휴식' | 그주마지막날=True | 경기있음=False | 부상=False)
[09-03 16:42:35] [AI리그] 11주차 5618경기, OVR캐시 11393→11393) 세부: 경기조회 0.013s | 시뮬루프 0.148s | executemany(5618건) 0.013s | teams반영+commit 0.039s
[09-03 16:42:35] [주 마무리] 11주차 0.24s (국제대회 0.00s | 챔스 0.02s | 클럽WC 0.00s | 국내컵 0.00s | 리그시뮬 0.21s)
[09-03 16:42:35] [PERF-DAY] 11주차 77일차 처리 0.240s (stype='휴식' | 그주마지막날=True | 경기있음=False | 부상=False)
[09-03 16:42:35] [AI리그] 12주차 5609경기, OVR캐시 11393→11393) 세부: 경기조회 0.014s | 시뮬루프 0.153s | executemany(5609건) 0.013s | teams반영+commit 0.039s
[09-03 16:42:35] [주 마무리] 12주차 0.25s (국제대회 0.00s | 챔스 0.02s | 클럽WC 0.00s | 국내컵 0.00s | 리그시뮬 0.22s)
[09-03 16:42:35] [PERF-DAY] 12주차 84일차 처리 0.247s (stype='휴식' | 그주마지막날=True | 경기있음=False | 부상=False)
[09-03 16:42:36] [AI리그] 13주차 5233경기, OVR캐시 11393→11393) 세부: 경기조회 0.012s | 시뮬루프 0.137s | executemany(5233건) 0.010s | teams반영+commit 0.029s
[09-03 16:42:36] [주 마무리] 13주차 0.21s (국제대회 0.00s | 챔스 0.02s | 클럽WC 0.00s | 국내컵 0.00s | 리그시뮬 0.19s)
[09-03 16:42:36] [PERF-DAY] 13주차 91일차 처리 0.215s (stype='휴식' | 그주마지막날=True | 경기있음=False | 부상=False)
[09-03 16:42:36] [AI리그] 14주차 5527경기, OVR캐시 11393→11393) 세부: 경기조회 0.012s | 시뮬루프 0.143s | executemany(5527건) 0.012s | teams반영+commit 0.034s
[09-03 16:42:36] [주 마무리] 14주차 0.23s (국제대회 0.00s | 챔스 0.02s | 클럽WC 0.00s | 국내컵 0.00s | 리그시뮬 0.20s)
[09-03 16:42:36] [PERF-DAY] 14주차 98일차 처리 0.229s (stype='휴식' | 그주마지막날=True | 경기있음=False | 부상=False)
[09-03 16:42:36] [AI리그] 15주차 5747경기, OVR캐시 11393→11393) 세부: 경기조회 0.012s | 시뮬루프 0.152s | executemany(5747건) 0.013s | teams반영+commit 0.038s
[09-03 16:42:36] [주 마무리] 15주차 0.24s (국제대회 0.00s | 챔스 0.02s | 클럽WC 0.00s | 국내컵 0.00s | 리그시뮬 0.22s)
[09-03 16:42:36] [PERF-DAY] 15주차 105일차 처리 0.242s (stype='휴식' | 그주마지막날=True | 경기있음=False | 부상=False)
[09-03 16:42:37] [AI리그] 16주차 5732경기, OVR캐시 11393→11393) 세부: 경기조회 0.012s | 시뮬루프 0.154s | executemany(5732건) 0.013s | teams반영+commit 0.039s
[09-03 16:42:37] [주 마무리] 16주차 0.27s (국제대회 0.00s | 챔스 0.05s | 클럽WC 0.00s | 국내컵 0.00s | 리그시뮬 0.22s)
[09-03 16:42:37] [PERF-DAY] 16주차 112일차 처리 0.268s (stype='휴식' | 그주마지막날=True | 경기있음=False | 부상=False)
[09-03 16:42:37] [AI리그] 17주차 5482경기, OVR캐시 11393→11393) 세부: 경기조회 0.012s | 시뮬루프 0.148s | executemany(5482건) 0.013s | teams반영+commit 0.036s
[09-03 16:42:37] [주 마무리] 17주차 0.21s (국제대회 0.00s | 챔스 0.00s | 클럽WC 0.00s | 국내컵 0.00s | 리그시뮬 0.21s)
[09-03 16:42:37] [PERF-DAY] 17주차 119일차 처리 0.216s (stype='휴식' | 그주마지막날=True | 경기있음=False | 부상=False)
[09-03 16:42:37] [AI리그] 18주차 5384경기, OVR캐시 11393→11393) 세부: 경기조회 0.011s | 시뮬루프 0.148s | executemany(5384건) 0.011s | teams반영+commit 0.027s
[09-03 16:42:37] [주 마무리] 18주차 0.22s (국제대회 0.00s | 챔스 0.03s | 클럽WC 0.00s | 국내컵 0.00s | 리그시뮬 0.20s)
[09-03 16:42:37] [PERF-DAY] 18주차 126일차 처리 0.226s (stype='휴식' | 그주마지막날=True | 경기있음=False | 부상=False)
[09-03 16:42:38] [AI리그] 19주차 3886경기, OVR캐시 11393→11393) 세부: 경기조회 0.010s | 시뮬루프 0.103s | executemany(3886건) 0.009s | teams반영+commit 0.020s
[09-03 16:42:38] [주 마무리] 19주차 0.15s (국제대회 0.00s | 챔스 0.00s | 클럽WC 0.00s | 국내컵 0.00s | 리그시뮬 0.14s)
[09-03 16:42:38] [PERF-DAY] 19주차 133일차 처리 0.148s (stype='휴식' | 그주마지막날=True | 경기있음=False | 부상=False)
[09-03 16:42:38] [AI리그] 20주차 3343경기, OVR캐시 11393→11393) 세부: 경기조회 0.010s | 시뮬루프 0.089s | executemany(3343건) 0.008s | teams반영+commit 0.022s
[09-03 16:42:38] [주 마무리] 20주차 0.15s (국제대회 0.00s | 챔스 0.02s | 클럽WC 0.00s | 국내컵 0.00s | 리그시뮬 0.13s)
[09-03 16:42:38] [PERF-DAY] 20주차 140일차 처리 0.150s (stype='휴식' | 그주마지막날=True | 경기있음=False | 부상=False)
[09-03 16:42:38] [AI리그] 21주차 2934경기, OVR캐시 11393→11393) 세부: 경기조회 0.009s | 시뮬루프 0.079s | executemany(2934건) 0.008s | teams반영+commit 0.021s
[09-03 16:42:38] [주 마무리] 21주차 0.13s (국제대회 0.00s | 챔스 0.01s | 클럽WC 0.00s | 국내컵 0.00s | 리그시뮬 0.12s)
[09-03 16:42:38] [PERF-DAY] 21주차 147일차 처리 0.134s (stype='휴식' | 그주마지막날=True | 경기있음=False | 부상=False)
[09-03 16:42:38] [AI리그] 22주차 2779경기, OVR캐시 11393→11393) 세부: 경기조회 0.010s | 시뮬루프 0.074s | executemany(2779건) 0.007s | teams반영+commit 0.018s
[09-03 16:42:38] [주 마무리] 22주차 0.12s (국제대회 0.00s | 챔스 0.01s | 클럽WC 0.00s | 국내컵 0.00s | 리그시뮬 0.11s)
[09-03 16:42:38] [PERF-DAY] 22주차 154일차 처리 0.124s (stype='휴식' | 그주마지막날=True | 경기있음=False | 부상=False)
[09-03 16:42:38] [AI리그] 23주차 2291경기, OVR캐시 11393→11393) 세부: 경기조회 0.008s | 시뮬루프 0.058s | executemany(2291건) 0.006s | teams반영+commit 0.014s
[09-03 16:42:38] [주 마무리] 23주차 0.10s (국제대회 0.00s | 챔스 0.01s | 클럽WC 0.00s | 국내컵 0.00s | 리그시뮬 0.09s)
[09-03 16:42:38] [PERF-DAY] 23주차 161일차 처리 0.106s (stype='휴식' | 그주마지막날=True | 경기있음=False | 부상=False)
[09-03 16:42:38] [AI리그] 24주차 2602경기, OVR캐시 11393→11393) 세부: 경기조회 0.009s | 시뮬루프 0.050s | executemany(2602건) 0.006s | teams반영+commit 0.009s
[09-03 16:42:38] [주 마무리] 24주차 0.08s (국제대회 0.00s | 챔스 0.00s | 클럽WC 0.00s | 국내컵 0.00s | 리그시뮬 0.07s)
[09-03 16:42:38] [PERF-DAY] 24주차 168일차 처리 0.077s (stype='휴식' | 그주마지막날=True | 경기있음=False | 부상=False)
[09-03 16:42:39] [PERF-DAILYHOOK] 25주차 169일차: process_intl_week 0.395s | process_cwc_week 0.000s
[09-03 16:42:39] [PERF-DAY] 25주차 169일차 처리 0.397s (stype='고강도' | 그주마지막날=False | 경기있음=False | 부상=False)
[09-03 16:42:39] [진행 총계] 0.43초
[09-03 16:42:42] [PERF-WEEKTAIL] 28주차: _pay_salary 0.000s | _advance_week 2.524s
[09-03 16:42:42] [PERF-DAY] 28주차 196일차 처리 2.534s (stype='휴식' | 그주마지막날=True | 경기있음=False | 부상=False)
[09-03 16:42:42] [진행 총계] 2.54초
[09-03 16:42:42] [AI리그] 29주차 4943경기, OVR캐시 11393→11393) 세부: 경기조회 0.010s | 시뮬루프 0.135s | executemany(4943건) 0.012s | teams반영+commit 0.034s
[09-03 16:42:42] [주 마무리] 29주차 0.19s (국제대회 0.00s | 챔스 0.00s | 클럽WC 0.00s | 국내컵 0.00s | 리그시뮬 0.19s)
[09-03 16:42:42] [PERF-DAY] 29주차 203일차 처리 0.196s (stype='휴식' | 그주마지막날=True | 경기있음=False | 부상=False)
[09-03 16:42:42] [AI리그] 30주차 6683경기, OVR캐시 11393→11393) 세부: 경기조회 0.010s | 시뮬루프 0.162s | executemany(6683건) 0.014s | teams반영+commit 0.034s
[09-03 16:42:42] [주 마무리] 30주차 0.30s (국제대회 0.00s | 챔스 0.00s | 클럽WC 0.00s | 국내컵 0.07s | 리그시뮬 0.22s)
[09-03 16:42:42] [PERF-DAY] 30주차 210일차 처리 0.297s (stype='휴식' | 그주마지막날=True | 경기있음=False | 부상=False)
[09-03 16:42:42] [진행 총계] 0.30초
[09-03 16:42:43] [AI리그] 31주차 6722경기, OVR캐시 11393→11393) 세부: 경기조회 0.010s | 시뮬루프 0.165s | executemany(6722건) 0.015s | teams반영+commit 0.038s
[09-03 16:42:43] [주 마무리] 31주차 0.23s (국제대회 0.00s | 챔스 0.00s | 클럽WC 0.00s | 국내컵 0.00s | 리그시뮬 0.23s)
[09-03 16:42:43] [PERF-DAY] 31주차 217일차 처리 0.232s (stype='휴식' | 그주마지막날=True | 경기있음=False | 부상=False)
[09-03 16:42:43] [AI리그] 32주차 6569경기, OVR캐시 11393→11393) 세부: 경기조회 0.009s | 시뮬루프 0.164s | executemany(6569건) 0.015s | teams반영+commit 0.036s
[09-03 16:42:43] [주 마무리] 32주차 0.30s (국제대회 0.00s | 챔스 0.00s | 클럽WC 0.00s | 국내컵 0.07s | 리그시뮬 0.23s)
[09-03 16:42:43] [PERF-DAY] 32주차 224일차 처리 0.299s (stype='휴식' | 그주마지막날=True | 경기있음=False | 부상=False)
[09-03 16:42:43] [진행 총계] 0.30초
[09-03 16:42:43] [AI리그] 33주차 6949경기, OVR캐시 11393→11393) 세부: 경기조회 0.009s | 시뮬루프 0.166s | executemany(6949건) 0.015s | teams반영+commit 0.035s
[09-03 16:42:43] [주 마무리] 33주차 0.23s (국제대회 0.00s | 챔스 0.00s | 클럽WC 0.00s | 국내컵 0.00s | 리그시뮬 0.23s)
[09-03 16:42:43] [PERF-DAY] 33주차 231일차 처리 0.228s (stype='휴식' | 그주마지막날=True | 경기있음=False | 부상=False)
[09-03 16:42:44] [AI리그] 34주차 6515경기, OVR캐시 11393→11393) 세부: 경기조회 0.008s | 시뮬루프 0.161s | executemany(6515건) 0.014s | teams반영+commit 0.037s
[09-03 16:42:44] [주 마무리] 34주차 0.27s (국제대회 0.00s | 챔스 0.00s | 클럽WC 0.00s | 국내컵 0.05s | 리그시뮬 0.22s)
[09-03 16:42:44] [PERF-DAY] 34주차 238일차 처리 0.272s (stype='휴식' | 그주마지막날=True | 경기있음=False | 부상=False)
[09-03 16:42:44] [AI리그] 35주차 6888경기, OVR캐시 11393→11393) 세부: 경기조회 0.008s | 시뮬루프 0.165s | executemany(6888건) 0.015s | teams반영+commit 0.036s
[09-03 16:42:44] [주 마무리] 35주차 0.23s (국제대회 0.00s | 챔스 0.00s | 클럽WC 0.00s | 국내컵 0.00s | 리그시뮬 0.23s)
[09-03 16:42:44] [PERF-DAY] 35주차 245일차 처리 0.230s (stype='휴식' | 그주마지막날=True | 경기있음=False | 부상=False)
[09-03 16:42:44] [AI리그] 36주차 7137경기, OVR캐시 11393→11393) 세부: 경기조회 0.008s | 시뮬루프 0.165s | executemany(7137건) 0.016s | teams반영+commit 0.037s
[09-03 16:42:44] [주 마무리] 36주차 0.27s (국제대회 0.00s | 챔스 0.00s | 클럽WC 0.00s | 국내컵 0.04s | 리그시뮬 0.23s)
[09-03 16:42:44] [PERF-DAY] 36주차 252일차 처리 0.273s (stype='휴식' | 그주마지막날=True | 경기있음=False | 부상=False)
[09-03 16:42:45] [AI리그] 37주차 6556경기, OVR캐시 11393→11393) 세부: 경기조회 0.007s | 시뮬루프 0.164s | executemany(6556건) 0.015s | teams반영+commit 0.037s
[09-03 16:42:45] [주 마무리] 37주차 0.23s (국제대회 0.00s | 챔스 0.00s | 클럽WC 0.00s | 국내컵 0.00s | 리그시뮬 0.22s)
[09-03 16:42:45] [PERF-DAY] 37주차 259일차 처리 0.227s (stype='휴식' | 그주마지막날=True | 경기있음=False | 부상=False)
[09-03 16:42:45] [AI리그] 38주차 6730경기, OVR캐시 11393→11393) 세부: 경기조회 0.008s | 시뮬루프 0.166s | executemany(6730건) 0.014s | teams반영+commit 0.034s
[09-03 16:42:45] [주 마무리] 38주차 0.30s (국제대회 0.00s | 챔스 0.00s | 클럽WC 0.00s | 국내컵 0.08s | 리그시뮬 0.22s)
[09-03 16:42:45] [PERF-DAY] 38주차 266일차 처리 0.302s (stype='휴식' | 그주마지막날=True | 경기있음=False | 부상=False)
[09-03 16:42:45] [진행 총계] 0.31초
[09-03 16:42:46] [AI리그] 39주차 6855경기, OVR캐시 11393→11393) 세부: 경기조회 0.007s | 시뮬루프 0.165s | executemany(6855건) 0.015s | teams반영+commit 0.035s
[09-03 16:42:46] [주 마무리] 39주차 0.22s (국제대회 0.00s | 챔스 0.00s | 클럽WC 0.00s | 국내컵 0.00s | 리그시뮬 0.22s)
[09-03 16:42:46] [PERF-DAY] 39주차 273일차 처리 0.225s (stype='휴식' | 그주마지막날=True | 경기있음=False | 부상=False)
[09-03 16:42:46] [AI리그] 40주차 6844경기, OVR캐시 11393→11393) 세부: 경기조회 0.006s | 시뮬루프 0.176s | executemany(6844건) 0.015s | teams반영+commit 0.035s
[09-03 16:42:46] [주 마무리] 40주차 0.26s (국제대회 0.00s | 챔스 0.00s | 클럽WC 0.00s | 국내컵 0.03s | 리그시뮬 0.23s)
[09-03 16:42:46] [PERF-DAY] 40주차 280일차 처리 0.262s (stype='휴식' | 그주마지막날=True | 경기있음=False | 부상=False)
[09-03 16:42:46] [AI리그] 41주차 6841경기, OVR캐시 11393→11393) 세부: 경기조회 0.005s | 시뮬루프 0.169s | executemany(6841건) 0.015s | teams반영+commit 0.041s
[09-03 16:42:46] [주 마무리] 41주차 0.23s (국제대회 0.00s | 챔스 0.00s | 클럽WC 0.00s | 국내컵 0.00s | 리그시뮬 0.23s)
[09-03 16:42:46] [PERF-DAY] 41주차 287일차 처리 0.234s (stype='휴식' | 그주마지막날=True | 경기있음=False | 부상=False)
[09-03 16:42:46] [AI리그] 42주차 6742경기, OVR캐시 11393→11393) 세부: 경기조회 0.005s | 시뮬루프 0.155s | executemany(6742건) 0.015s | teams반영+commit 0.033s
[09-03 16:42:46] [주 마무리] 42주차 0.22s (국제대회 0.00s | 챔스 0.00s | 클럽WC 0.00s | 국내컵 0.01s | 리그시뮬 0.21s)
[09-03 16:42:46] [PERF-DAY] 42주차 294일차 처리 0.217s (stype='휴식' | 그주마지막날=True | 경기있음=False | 부상=False)
[09-03 16:42:48] [PERF-PROMO] _process_promotion_relegation 세부: my_player/season조회 0.001s | teams+leagues조회 0.012s | standings계산(710개리그) 0.276s | ai_players OVR스캔 0.203s | 승강판정루프(211개국) 0.026s | executemany(1212건) 0.016s | 리스케일(1212건) 0.326s | commit/close 0.324s | 캐시무효화 0.000s
[09-03 16:42:48] [PERF-SEASON] finalize_club_season 세부: finish_incomplete_matches=0.043s | promotion_relegation=1.191s
[09-03 16:42:48] [PERF-YEAR] 43주차(CLUB_SEASON_END_DAY) 세부: finalize_club_season=1.235s | promotion_playoffs=0.025s | PRAGMA optimize=0.005s
[09-03 16:42:48] [PERF-DAY] 43주차 300일차 처리 1.279s (stype='휴식' | 그주마지막날=False | 경기있음=False | 부상=False)
[09-03 16:42:48] [진행 총계] 1.30초
[09-03 16:42:48] [PERF-DAILYHOOK] 44주차 306일차: process_po_week 0.065s
[09-03 16:42:48] [PERF-DAY] 44주차 306일차 처리 0.066s (stype='고강도' | 그주마지막날=False | 경기있음=False | 부상=False)
[09-03 16:42:48] [PERF-DAILYHOOK] 46주차 316일차: process_intl_week 0.138s | process_cwc_week 0.000s
[09-03 16:42:48] [PERF-DAY] 46주차 316일차 처리 0.140s (stype='고강도' | 그주마지막날=False | 경기있음=False | 부상=False)
[09-03 16:42:48] [PERF-DAILYHOOK] 46주차 317일차: process_intl_week 0.121s | process_cwc_week 0.000s
[09-03 16:42:48] [PERF-DAY] 46주차 317일차 처리 0.122s (stype='휴식' | 그주마지막날=False | 경기있음=False | 부상=False)
[09-03 16:42:48] [PERF-DAILYHOOK] 46주차 318일차: process_intl_week 0.129s | process_cwc_week 0.000s
[09-03 16:42:48] [PERF-DAY] 46주차 318일차 처리 0.130s (stype='고강도' | 그주마지막날=False | 경기있음=False | 부상=False)
[09-03 16:42:48] [PERF-DAILYHOOK] 46주차 319일차: process_intl_week 0.116s | process_cwc_week 0.000s
[09-03 16:42:48] [PERF-DAY] 46주차 319일차 처리 0.117s (stype='휴식' | 그주마지막날=False | 경기있음=False | 부상=False)
[09-03 16:42:49] [진행 총계] 0.54초
[09-03 16:43:22] [PERF]   _end_of_season 세부: AI생애주기 33.05s (승강제 타이밍은 43주 _finalize_club_season으로 이동 — 여기 안 잡힘)
[09-03 16:43:23] [PERF]   일정생성 세부: 아카이브이동 0.74s | 완비판정조회 0.01s | 기존경기dedup조회 0.00s | 일정계산 0.21s | INSERT+commit 0.38s | (대상리그 710개, 신규경기 201400건)
[09-03 16:43:24] [PERF]   인덱스재생성 0.38s
[09-03 16:43:26] [PERF] 연도전환 총 36.69s (커리어정리 0.00s | _end_of_season 33.06s | 일정생성 1.73s | 파워랭킹 1.90s | PRAGMA optimize 0.01s)
[09-03 16:43:26] [PERF-WEEKTAIL] 52주차: _pay_salary 0.000s | _advance_week 36.695s
[09-03 16:43:26] [PERF-DAY] 52주차 364일차 처리 36.696s (stype='휴식' | 그주마지막날=True | 경기있음=False | 부상=False)
[09-03 16:43:26] [진행 총계] 36.70초
[09-03 17:11:53] [PERF]   일정생성 세부: 아카이브이동 0.00s | 완비판정조회 0.01s | 기존경기dedup조회 0.00s | 일정계산 0.21s | INSERT+commit 0.35s | (대상리그 710개, 신규경기 201400건)
[09-03 17:11:54] [PERF]   인덱스재생성 0.35s
[09-03 17:11:57] [AI리그] 4주차 4527경기, OVR캐시 0→9054) 세부: 경기조회 0.017s | 시뮬루프 0.372s | executemany(4527건) 0.010s | teams반영+commit 0.024s
[09-03 17:11:57] [주 마무리] 4주차 0.42s (국제대회 0.00s | 챔스 0.00s | 클럽WC 0.00s | 국내컵 0.00s | 리그시뮬 0.42s)
[09-03 17:11:57] [PERF-WEEKTAIL] 4주차: _pay_salary 0.000s | _advance_week 0.161s
[09-03 17:11:57] [PERF-DAY] 4주차 28일차 처리 0.588s (stype='휴식' | 그주마지막날=True | 경기있음=False | 부상=False)
[09-03 17:11:57] [진행 총계] 0.60초
[09-03 17:11:57] [AI리그] 5주차 5771경기, OVR캐시 11263→11393) 세부: 경기조회 0.015s | 시뮬루프 0.173s | executemany(5771건) 0.013s | teams반영+commit 0.040s
[09-03 17:11:57] [주 마무리] 5주차 0.36s (국제대회 0.00s | 챔스 0.00s | 클럽WC 0.00s | 국내컵 0.11s | 리그시뮬 0.24s)
[09-03 17:11:57] [PERF-DAY] 5주차 35일차 처리 0.358s (stype='휴식' | 그주마지막날=True | 경기있음=False | 부상=False)
[09-03 17:11:57] [진행 총계] 0.36초
[09-03 17:11:58] [AI리그] 6주차 5734경기, OVR캐시 11393→11393) 세부: 경기조회 0.015s | 시뮬루프 0.154s | executemany(5734건) 0.013s | teams반영+commit 0.042s
[09-03 17:11:58] [주 마무리] 6주차 0.34s (국제대회 0.00s | 챔스 0.00s | 클럽WC 0.00s | 국내컵 0.12s | 리그시뮬 0.22s)
[09-03 17:11:58] [PERF-DAY] 6주차 42일차 처리 0.345s (stype='휴식' | 그주마지막날=True | 경기있음=False | 부상=False)
[09-03 17:11:58] [진행 총계] 0.35초
[09-03 17:11:58] [AI리그] 7주차 5801경기, OVR캐시 11393→11393) 세부: 경기조회 0.014s | 시뮬루프 0.155s | executemany(5801건) 0.013s | teams반영+commit 0.040s
[09-03 17:11:58] [주 마무리] 7주차 0.32s (국제대회 0.00s | 챔스 0.00s | 클럽WC 0.00s | 국내컵 0.09s | 리그시뮬 0.22s)
[09-03 17:11:58] [PERF-DAY] 7주차 49일차 처리 0.363s (stype='휴식' | 그주마지막날=True | 경기있음=False | 부상=False)
[09-03 17:11:58] [진행 총계] 0.37초
[09-03 17:11:59] [AI리그] 8주차 5757경기, OVR캐시 11393→11393) 세부: 경기조회 0.014s | 시뮬루프 0.151s | executemany(5757건) 0.012s | teams반영+commit 0.039s
[09-03 17:11:59] [주 마무리] 8주차 0.22s (국제대회 0.00s | 챔스 0.00s | 클럽WC 0.00s | 국내컵 0.00s | 리그시뮬 0.22s)
[09-03 17:11:59] [PERF-DAY] 8주차 56일차 처리 0.223s (stype='휴식' | 그주마지막날=True | 경기있음=False | 부상=True)
[09-03 17:11:59] [AI리그] 9주차 5731경기, OVR캐시 11393→11393) 세부: 경기조회 0.014s | 시뮬루프 0.154s | executemany(5731건) 0.013s | teams반영+commit 0.040s
[09-03 17:11:59] [주 마무리] 9주차 0.25s (국제대회 0.00s | 챔스 0.03s | 클럽WC 0.00s | 국내컵 0.00s | 리그시뮬 0.22s)
[09-03 17:11:59] [PERF-DAY] 9주차 63일차 처리 0.254s (stype='휴식' | 그주마지막날=True | 경기있음=False | 부상=True)
[09-03 17:11:59] [AI리그] 10주차 5766경기, OVR캐시 11393→11393) 세부: 경기조회 0.014s | 시뮬루프 0.155s | executemany(5766건) 0.013s | teams반영+commit 0.038s
[09-03 17:11:59] [주 마무리] 10주차 0.25s (국제대회 0.00s | 챔스 0.02s | 클럽WC 0.00s | 국내컵 0.00s | 리그시뮬 0.22s)
[09-03 17:11:59] [PERF-DAY] 10주차 70일차 처리 0.249s (stype='휴식' | 그주마지막날=True | 경기있음=False | 부상=False)
[09-03 17:12:00] [AI리그] 11주차 5618경기, OVR캐시 11393→11393) 세부: 경기조회 0.014s | 시뮬루프 0.153s | executemany(5618건) 0.013s | teams반영+commit 0.040s
[09-03 17:12:00] [주 마무리] 11주차 0.25s (국제대회 0.00s | 챔스 0.02s | 클럽WC 0.00s | 국내컵 0.00s | 리그시뮬 0.22s)
[09-03 17:12:00] [PERF-DAY] 11주차 77일차 처리 0.247s (stype='휴식' | 그주마지막날=True | 경기있음=False | 부상=False)
[09-03 17:12:00] [AI리그] 12주차 5609경기, OVR캐시 11393→11393) 세부: 경기조회 0.014s | 시뮬루프 0.158s | executemany(5609건) 0.014s | teams반영+commit 0.045s
[09-03 17:12:00] [주 마무리] 12주차 0.26s (국제대회 0.00s | 챔스 0.03s | 클럽WC 0.00s | 국내컵 0.00s | 리그시뮬 0.23s)
[09-03 17:12:00] [PERF-DAY] 12주차 84일차 처리 0.261s (stype='휴식' | 그주마지막날=True | 경기있음=False | 부상=False)
[09-03 17:12:00] [AI리그] 13주차 5233경기, OVR캐시 11393→11393) 세부: 경기조회 0.012s | 시뮬루프 0.141s | executemany(5233건) 0.012s | teams반영+commit 0.033s
[09-03 17:12:00] [주 마무리] 13주차 0.22s (국제대회 0.00s | 챔스 0.02s | 클럽WC 0.00s | 국내컵 0.00s | 리그시뮬 0.20s)
[09-03 17:12:00] [PERF-DAY] 13주차 91일차 처리 0.226s (stype='휴식' | 그주마지막날=True | 경기있음=False | 부상=False)
[09-03 17:12:00] [AI리그] 14주차 5527경기, OVR캐시 11393→11393) 세부: 경기조회 0.012s | 시뮬루프 0.145s | executemany(5527건) 0.013s | teams반영+commit 0.035s
[09-03 17:12:00] [주 마무리] 14주차 0.23s (국제대회 0.00s | 챔스 0.02s | 클럽WC 0.00s | 국내컵 0.00s | 리그시뮬 0.21s)
[09-03 17:12:00] [PERF-DAY] 14주차 98일차 처리 0.233s (stype='휴식' | 그주마지막날=True | 경기있음=False | 부상=False)
[09-03 17:12:01] [AI리그] 15주차 5747경기, OVR캐시 11393→11393) 세부: 경기조회 0.012s | 시뮬루프 0.156s | executemany(5747건) 0.013s | teams반영+commit 0.037s
[09-03 17:12:01] [주 마무리] 15주차 0.25s (국제대회 0.00s | 챔스 0.03s | 클럽WC 0.00s | 국내컵 0.00s | 리그시뮬 0.22s)
[09-03 17:12:01] [PERF-DAY] 15주차 105일차 처리 0.247s (stype='휴식' | 그주마지막날=True | 경기있음=False | 부상=False)
[09-03 17:12:01] [AI리그] 16주차 5732경기, OVR캐시 11393→11393) 세부: 경기조회 0.012s | 시뮬루프 0.155s | executemany(5732건) 0.013s | teams반영+commit 0.037s
[09-03 17:12:01] [주 마무리] 16주차 0.27s (국제대회 0.00s | 챔스 0.05s | 클럽WC 0.00s | 국내컵 0.00s | 리그시뮬 0.22s)
[09-03 17:12:01] [PERF-DAY] 16주차 112일차 처리 0.268s (stype='휴식' | 그주마지막날=True | 경기있음=False | 부상=False)
[09-03 17:12:01] [AI리그] 17주차 5482경기, OVR캐시 11393→11393) 세부: 경기조회 0.011s | 시뮬루프 0.147s | executemany(5482건) 0.013s | teams반영+commit 0.036s
[09-03 17:12:01] [주 마무리] 17주차 0.21s (국제대회 0.00s | 챔스 0.00s | 클럽WC 0.00s | 국내컵 0.00s | 리그시뮬 0.21s)
[09-03 17:12:01] [PERF-DAY] 17주차 119일차 처리 0.212s (stype='휴식' | 그주마지막날=True | 경기있음=False | 부상=False)
[09-03 17:12:02] [AI리그] 18주차 5384경기, OVR캐시 11393→11393) 세부: 경기조회 0.011s | 시뮬루프 0.152s | executemany(5384건) 0.012s | teams반영+commit 0.031s
[09-03 17:12:02] [주 마무리] 18주차 0.23s (국제대회 0.00s | 챔스 0.02s | 클럽WC 0.00s | 국내컵 0.00s | 리그시뮬 0.21s)
[09-03 17:12:02] [PERF-DAY] 18주차 126일차 처리 0.235s (stype='휴식' | 그주마지막날=True | 경기있음=False | 부상=False)
[09-03 17:12:02] [AI리그] 19주차 3886경기, OVR캐시 11393→11393) 세부: 경기조회 0.010s | 시뮬루프 0.105s | executemany(3886건) 0.009s | teams반영+commit 0.024s
[09-03 17:12:02] [주 마무리] 19주차 0.15s (국제대회 0.00s | 챔스 0.00s | 클럽WC 0.00s | 국내컵 0.00s | 리그시뮬 0.15s)
[09-03 17:12:02] [PERF-DAY] 19주차 133일차 처리 0.155s (stype='휴식' | 그주마지막날=True | 경기있음=False | 부상=False)
[09-03 17:12:02] [AI리그] 20주차 3343경기, OVR캐시 11393→11393) 세부: 경기조회 0.010s | 시뮬루프 0.090s | executemany(3343건) 0.008s | teams반영+commit 0.022s
[09-03 17:12:02] [주 마무리] 20주차 0.15s (국제대회 0.00s | 챔스 0.02s | 클럽WC 0.00s | 국내컵 0.00s | 리그시뮬 0.13s)
[09-03 17:12:02] [PERF-DAY] 20주차 140일차 처리 0.152s (stype='휴식' | 그주마지막날=True | 경기있음=False | 부상=False)
[09-03 17:12:02] [AI리그] 21주차 2934경기, OVR캐시 11393→11393) 세부: 경기조회 0.009s | 시뮬루프 0.093s | executemany(2934건) 0.008s | teams반영+commit 0.025s
[09-03 17:12:02] [주 마무리] 21주차 0.15s (국제대회 0.00s | 챔스 0.01s | 클럽WC 0.00s | 국내컵 0.00s | 리그시뮬 0.14s)
[09-03 17:12:02] [PERF-DAY] 21주차 147일차 처리 0.152s (stype='휴식' | 그주마지막날=True | 경기있음=False | 부상=False)
[09-03 17:12:02] [AI리그] 22주차 2779경기, OVR캐시 11393→11393) 세부: 경기조회 0.009s | 시뮬루프 0.076s | executemany(2779건) 0.007s | teams반영+commit 0.019s
[09-03 17:12:02] [주 마무리] 22주차 0.12s (국제대회 0.00s | 챔스 0.01s | 클럽WC 0.00s | 국내컵 0.00s | 리그시뮬 0.11s)
[09-03 17:12:02] [PERF-DAY] 22주차 154일차 처리 0.124s (stype='휴식' | 그주마지막날=True | 경기있음=False | 부상=False)
[09-03 17:12:03] [AI리그] 23주차 2291경기, OVR캐시 11393→11393) 세부: 경기조회 0.009s | 시뮬루프 0.060s | executemany(2291건) 0.006s | teams반영+commit 0.014s
[09-03 17:12:03] [주 마무리] 23주차 0.10s (국제대회 0.00s | 챔스 0.01s | 클럽WC 0.00s | 국내컵 0.00s | 리그시뮬 0.09s)
[09-03 17:12:03] [PERF-DAY] 23주차 161일차 처리 0.109s (stype='휴식' | 그주마지막날=True | 경기있음=False | 부상=False)
[09-03 17:12:03] [AI리그] 24주차 2602경기, OVR캐시 11393→11393) 세부: 경기조회 0.008s | 시뮬루프 0.050s | executemany(2602건) 0.005s | teams반영+commit 0.009s
[09-03 17:12:03] [주 마무리] 24주차 0.08s (국제대회 0.00s | 챔스 0.00s | 클럽WC 0.00s | 국내컵 0.00s | 리그시뮬 0.07s)
[09-03 17:12:03] [PERF-DAY] 24주차 168일차 처리 0.077s (stype='휴식' | 그주마지막날=True | 경기있음=False | 부상=False)
[09-03 17:12:03] [PERF-DAILYHOOK] 25주차 169일차: process_intl_week 0.389s | process_cwc_week 0.000s
[09-03 17:12:03] [PERF-DAY] 25주차 169일차 처리 0.391s (stype='고강도' | 그주마지막날=False | 경기있음=False | 부상=False)
[09-03 17:12:03] [진행 총계] 0.42초
[09-03 17:12:06] [PERF-WEEKTAIL] 28주차: _pay_salary 0.000s | _advance_week 2.535s
[09-03 17:12:06] [PERF-DAY] 28주차 196일차 처리 2.545s (stype='휴식' | 그주마지막날=True | 경기있음=False | 부상=False)
[09-03 17:12:06] [진행 총계] 2.55초
[09-03 17:12:06] [AI리그] 29주차 4943경기, OVR캐시 11393→11393) 세부: 경기조회 0.010s | 시뮬루프 0.132s | executemany(4943건) 0.011s | teams반영+commit 0.027s
[09-03 17:12:06] [주 마무리] 29주차 0.18s (국제대회 0.00s | 챔스 0.00s | 클럽WC 0.00s | 국내컵 0.00s | 리그시뮬 0.18s)
[09-03 17:12:06] [PERF-DAY] 29주차 203일차 처리 0.184s (stype='휴식' | 그주마지막날=True | 경기있음=False | 부상=False)
[09-03 17:12:07] [AI리그] 30주차 6683경기, OVR캐시 11393→11393) 세부: 경기조회 0.010s | 시뮬루프 0.165s | executemany(6683건) 0.016s | teams반영+commit 0.039s
[09-03 17:12:07] [주 마무리] 30주차 0.30s (국제대회 0.00s | 챔스 0.00s | 클럽WC 0.00s | 국내컵 0.07s | 리그시뮬 0.23s)
[09-03 17:12:07] [PERF-DAY] 30주차 210일차 처리 0.298s (stype='휴식' | 그주마지막날=True | 경기있음=False | 부상=False)
[09-03 17:12:07] [진행 총계] 0.30초
[09-03 17:12:07] [AI리그] 31주차 6722경기, OVR캐시 11393→11393) 세부: 경기조회 0.013s | 시뮬루프 0.172s | executemany(6722건) 0.023s | teams반영+commit 0.042s
[09-03 17:12:07] [주 마무리] 31주차 0.25s (국제대회 0.00s | 챔스 0.00s | 클럽WC 0.00s | 국내컵 0.00s | 리그시뮬 0.25s)
[09-03 17:12:07] [PERF-DAY] 31주차 217일차 처리 0.255s (stype='휴식' | 그주마지막날=True | 경기있음=False | 부상=False)
[09-03 17:12:08] [AI리그] 32주차 6569경기, OVR캐시 11393→11393) 세부: 경기조회 0.009s | 시뮬루프 0.165s | executemany(6569건) 0.015s | teams반영+commit 0.038s
[09-03 17:12:08] [주 마무리] 32주차 0.29s (국제대회 0.00s | 챔스 0.00s | 클럽WC 0.00s | 국내컵 0.06s | 리그시뮬 0.23s)
[09-03 17:12:08] [PERF-DAY] 32주차 224일차 처리 0.294s (stype='휴식' | 그주마지막날=True | 경기있음=False | 부상=False)
[09-03 17:12:08] [AI리그] 33주차 6949경기, OVR캐시 11393→11393) 세부: 경기조회 0.009s | 시뮬루프 0.166s | executemany(6949건) 0.015s | teams반영+commit 0.035s
[09-03 17:12:08] [주 마무리] 33주차 0.23s (국제대회 0.00s | 챔스 0.00s | 클럽WC 0.00s | 국내컵 0.00s | 리그시뮬 0.23s)
[09-03 17:12:08] [PERF-DAY] 33주차 231일차 처리 0.229s (stype='휴식' | 그주마지막날=True | 경기있음=False | 부상=False)
[09-03 17:12:08] [AI리그] 34주차 6515경기, OVR캐시 11393→11393) 세부: 경기조회 0.008s | 시뮬루프 0.165s | executemany(6515건) 0.014s | teams반영+commit 0.035s
[09-03 17:12:08] [주 마무리] 34주차 0.27s (국제대회 0.00s | 챔스 0.00s | 클럽WC 0.00s | 국내컵 0.05s | 리그시뮬 0.23s)
[09-03 17:12:08] [PERF-DAY] 34주차 238일차 처리 0.273s (stype='휴식' | 그주마지막날=True | 경기있음=False | 부상=False)
[09-03 17:12:09] [AI리그] 35주차 6888경기, OVR캐시 11393→11393) 세부: 경기조회 0.009s | 시뮬루프 0.167s | executemany(6888건) 0.015s | teams반영+commit 0.036s
[09-03 17:12:09] [주 마무리] 35주차 0.23s (국제대회 0.00s | 챔스 0.00s | 클럽WC 0.00s | 국내컵 0.00s | 리그시뮬 0.23s)
[09-03 17:12:09] [PERF-DAY] 35주차 245일차 처리 0.232s (stype='휴식' | 그주마지막날=True | 경기있음=False | 부상=False)
[09-03 17:12:09] [AI리그] 36주차 7137경기, OVR캐시 11393→11393) 세부: 경기조회 0.008s | 시뮬루프 0.166s | executemany(7137건) 0.016s | teams반영+commit 0.038s
[09-03 17:12:09] [주 마무리] 36주차 0.27s (국제대회 0.00s | 챔스 0.00s | 클럽WC 0.00s | 국내컵 0.04s | 리그시뮬 0.23s)
[09-03 17:12:09] [PERF-DAY] 36주차 252일차 처리 0.276s (stype='휴식' | 그주마지막날=True | 경기있음=False | 부상=False)
[09-03 17:12:09] [AI리그] 37주차 6556경기, OVR캐시 11393→11393) 세부: 경기조회 0.007s | 시뮬루프 0.165s | executemany(6556건) 0.014s | teams반영+commit 0.043s
[09-03 17:12:09] [주 마무리] 37주차 0.23s (국제대회 0.00s | 챔스 0.00s | 클럽WC 0.00s | 국내컵 0.00s | 리그시뮬 0.23s)
[09-03 17:12:09] [PERF-DAY] 37주차 259일차 처리 0.235s (stype='휴식' | 그주마지막날=True | 경기있음=False | 부상=False)
[09-03 17:12:09] [AI리그] 38주차 6730경기, OVR캐시 11393→11393) 세부: 경기조회 0.007s | 시뮬루프 0.165s | executemany(6730건) 0.015s | teams반영+commit 0.036s
[09-03 17:12:09] [주 마무리] 38주차 0.29s (국제대회 0.00s | 챔스 0.00s | 클럽WC 0.00s | 국내컵 0.07s | 리그시뮬 0.23s)
[09-03 17:12:09] [PERF-DAY] 38주차 266일차 처리 0.294s (stype='휴식' | 그주마지막날=True | 경기있음=False | 부상=False)
[09-03 17:12:10] [AI리그] 39주차 6855경기, OVR캐시 11393→11393) 세부: 경기조회 0.007s | 시뮬루프 0.174s | executemany(6855건) 0.016s | teams반영+commit 0.040s
[09-03 17:12:10] [주 마무리] 39주차 0.24s (국제대회 0.00s | 챔스 0.00s | 클럽WC 0.00s | 국내컵 0.00s | 리그시뮬 0.24s)
[09-03 17:12:10] [PERF-DAY] 39주차 273일차 처리 0.243s (stype='휴식' | 그주마지막날=True | 경기있음=False | 부상=False)
[09-03 17:12:10] [AI리그] 40주차 6844경기, OVR캐시 11393→11393) 세부: 경기조회 0.006s | 시뮬루프 0.168s | executemany(6844건) 0.016s | teams반영+commit 0.039s
[09-03 17:12:10] [주 마무리] 40주차 0.25s (국제대회 0.00s | 챔스 0.00s | 클럽WC 0.00s | 국내컵 0.02s | 리그시뮬 0.23s)
[09-03 17:12:10] [PERF-DAY] 40주차 280일차 처리 0.255s (stype='휴식' | 그주마지막날=True | 경기있음=False | 부상=False)
[09-03 17:12:11] [AI리그] 41주차 6841경기, OVR캐시 11393→11393) 세부: 경기조회 0.005s | 시뮬루프 0.166s | executemany(6841건) 0.015s | teams반영+commit 0.036s
[09-03 17:12:11] [주 마무리] 41주차 0.22s (국제대회 0.00s | 챔스 0.00s | 클럽WC 0.00s | 국내컵 0.00s | 리그시뮬 0.22s)
[09-03 17:12:11] [PERF-DAY] 41주차 287일차 처리 0.225s (stype='휴식' | 그주마지막날=True | 경기있음=False | 부상=False)
[09-03 17:12:11] [AI리그] 42주차 6742경기, OVR캐시 11393→11393) 세부: 경기조회 0.005s | 시뮬루프 0.167s | executemany(6742건) 0.015s | teams반영+commit 0.033s
[09-03 17:12:11] [주 마무리] 42주차 0.23s (국제대회 0.00s | 챔스 0.00s | 클럽WC 0.00s | 국내컵 0.01s | 리그시뮬 0.22s)
[09-03 17:12:11] [PERF-DAY] 42주차 294일차 처리 0.230s (stype='휴식' | 그주마지막날=True | 경기있음=False | 부상=False)
[09-03 17:12:12] [PERF-PROMO] _process_promotion_relegation 세부: my_player/season조회 0.001s | teams+leagues조회 0.012s | standings계산(710개리그) 0.279s | ai_players OVR스캔 0.208s | 승강판정루프(211개국) 0.026s | executemany(1212건) 0.017s | 리스케일(1212건) 0.339s | commit/close 0.312s | 캐시무효화 0.000s
[09-03 17:12:12] [PERF-SEASON] finalize_club_season 세부: finish_incomplete_matches=0.044s | promotion_relegation=1.202s
[09-03 17:12:12] [PERF-YEAR] 43주차(CLUB_SEASON_END_DAY) 세부: finalize_club_season=1.246s | promotion_playoffs=0.023s | PRAGMA optimize=0.006s
[09-03 17:12:12] [PERF-DAY] 43주차 300일차 처리 1.288s (stype='휴식' | 그주마지막날=False | 경기있음=False | 부상=False)
[09-03 17:12:12] [진행 총계] 1.31초
[09-03 17:12:12] [PERF-DAILYHOOK] 44주차 306일차: process_po_week 0.064s
[09-03 17:12:12] [PERF-DAY] 44주차 306일차 처리 0.065s (stype='고강도' | 그주마지막날=False | 경기있음=False | 부상=False)
[09-03 17:12:13] [PERF-DAILYHOOK] 46주차 316일차: process_intl_week 0.143s | process_cwc_week 0.000s
[09-03 17:12:13] [PERF-DAY] 46주차 316일차 처리 0.144s (stype='고강도' | 그주마지막날=False | 경기있음=False | 부상=False)
[09-03 17:12:13] [PERF-DAILYHOOK] 46주차 317일차: process_intl_week 0.111s | process_cwc_week 0.000s
[09-03 17:12:13] [PERF-DAY] 46주차 317일차 처리 0.112s (stype='휴식' | 그주마지막날=False | 경기있음=False | 부상=False)
[09-03 17:12:13] [PERF-DAILYHOOK] 46주차 318일차: process_intl_week 0.128s | process_cwc_week 0.000s
[09-03 17:12:13] [PERF-DAY] 46주차 318일차 처리 0.130s (stype='고강도' | 그주마지막날=False | 경기있음=False | 부상=False)
[09-03 17:12:13] [PERF-DAILYHOOK] 46주차 319일차: process_intl_week 0.120s | process_cwc_week 0.000s
[09-03 17:12:13] [PERF-DAY] 46주차 319일차 처리 0.121s (stype='휴식' | 그주마지막날=False | 경기있음=False | 부상=False)
[09-03 17:12:13] [진행 총계] 0.53초
[09-03 17:12:47] [PERF]   _end_of_season 세부: AI생애주기 32.97s (승강제 타이밍은 43주 _finalize_club_season으로 이동 — 여기 안 잡힘)
[09-03 17:12:48] [PERF]   일정생성 세부: 아카이브이동 0.74s | 완비판정조회 0.01s | 기존경기dedup조회 0.00s | 일정계산 0.21s | INSERT+commit 0.36s | (대상리그 710개, 신규경기 201400건)
[09-03 17:12:48] [PERF]   인덱스재생성 0.38s
[09-03 17:12:50] [PERF] 연도전환 총 36.66s (커리어정리 0.00s | _end_of_season 32.98s | 일정생성 1.71s | 파워랭킹 1.96s | PRAGMA optimize 0.01s)
[09-03 17:12:50] [PERF-WEEKTAIL] 52주차: _pay_salary 0.000s | _advance_week 36.665s
[09-03 17:12:50] [PERF-DAY] 52주차 364일차 처리 36.667s (stype='휴식' | 그주마지막날=True | 경기있음=False | 부상=False)
[09-03 17:12:50] [진행 총계] 36.67초
[09-03 17:13:10] [AI리그] 4주차 4527경기, OVR캐시 0→9054) 세부: 경기조회 0.015s | 시뮬루프 0.319s | executemany(4527건) 0.011s | teams반영+commit 0.034s
[09-03 17:13:10] [주 마무리] 4주차 0.38s (국제대회 0.00s | 챔스 0.00s | 클럽WC 0.00s | 국내컵 0.00s | 리그시뮬 0.38s)
[09-03 17:13:10] [PERF-WEEKTAIL] 4주차: _pay_salary 0.000s | _advance_week 0.187s
[09-03 17:13:10] [PERF-DAY] 4주차 28일차 처리 0.571s (stype='휴식' | 그주마지막날=True | 경기있음=False | 부상=False)
[09-03 17:13:10] [진행 총계] 0.58초
[09-03 17:13:11] [AI리그] 5주차 5770경기, OVR캐시 11263→11393) 세부: 경기조회 0.015s | 시뮬루프 0.067s | executemany(5770건) 0.012s | teams반영+commit 0.037s
[09-03 17:13:11] [주 마무리] 5주차 0.26s (국제대회 0.00s | 챔스 0.00s | 클럽WC 0.00s | 국내컵 0.12s | 리그시뮬 0.13s)
[09-03 17:13:11] [PERF-DAY] 5주차 35일차 처리 0.258s (stype='휴식' | 그주마지막날=True | 경기있음=False | 부상=True)
[09-03 17:13:12] [AI리그] 6주차 5733경기, OVR캐시 11393→11393) 세부: 경기조회 0.016s | 시뮬루프 0.052s | executemany(5733건) 0.013s | teams반영+commit 0.047s
[09-03 17:13:12] [주 마무리] 6주차 0.25s (국제대회 0.00s | 챔스 0.00s | 클럽WC 0.00s | 국내컵 0.12s | 리그시뮬 0.13s)
[09-03 17:13:12] [PERF-DAY] 6주차 42일차 처리 0.256s (stype='휴식' | 그주마지막날=True | 경기있음=False | 부상=False)
[09-03 17:13:13] [AI리그] 7주차 5800경기, OVR캐시 11393→11393) 세부: 경기조회 0.014s | 시뮬루프 0.043s | executemany(5800건) 0.013s | teams반영+commit 0.042s
[09-03 17:13:13] [주 마무리] 7주차 0.21s (국제대회 0.00s | 챔스 0.00s | 클럽WC 0.00s | 국내컵 0.09s | 리그시뮬 0.11s)
[09-03 17:13:13] [PERF-DAY] 7주차 49일차 처리 0.272s (stype='휴식' | 그주마지막날=True | 경기있음=False | 부상=False)
[09-03 17:13:14] [AI리그] 8주차 5756경기, OVR캐시 11393→11393) 세부: 경기조회 0.016s | 시뮬루프 0.051s | executemany(5756건) 0.012s | teams반영+commit 0.037s
[09-03 17:13:14] [주 마무리] 8주차 0.12s (국제대회 0.00s | 챔스 0.00s | 클럽WC 0.00s | 국내컵 0.00s | 리그시뮬 0.12s)
[09-03 17:13:14] [PERF-DAY] 8주차 56일차 처리 0.124s (stype='휴식' | 그주마지막날=True | 경기있음=False | 부상=True)
[09-03 17:13:26] [AI리그] 9주차 5730경기, OVR캐시 11393→11393) 세부: 경기조회 0.014s | 시뮬루프 0.043s | executemany(5730건) 0.012s | teams반영+commit 0.038s
[09-03 17:13:26] [주 마무리] 9주차 0.14s (국제대회 0.00s | 챔스 0.03s | 클럽WC 0.00s | 국내컵 0.00s | 리그시뮬 0.11s)
[09-03 17:13:26] [PERF-DAY] 9주차 63일차 처리 0.142s (stype='휴식' | 그주마지막날=True | 경기있음=False | 부상=False)
[09-03 17:13:27] [AI리그] 10주차 5765경기, OVR캐시 11393→11393) 세부: 경기조회 0.014s | 시뮬루프 0.052s | executemany(5765건) 0.013s | teams반영+commit 0.040s
[09-03 17:13:27] [주 마무리] 10주차 0.15s (국제대회 0.00s | 챔스 0.02s | 클럽WC 0.00s | 국내컵 0.00s | 리그시뮬 0.12s)
[09-03 17:13:27] [PERF-DAY] 10주차 70일차 처리 0.148s (stype='휴식' | 그주마지막날=True | 경기있음=False | 부상=False)
[09-03 17:13:28] [AI리그] 11주차 5617경기, OVR캐시 11393→11393) 세부: 경기조회 0.014s | 시뮬루프 0.044s | executemany(5617건) 0.013s | teams반영+commit 0.045s
[09-03 17:13:28] [주 마무리] 11주차 0.14s (국제대회 0.00s | 챔스 0.02s | 클럽WC 0.00s | 국내컵 0.00s | 리그시뮬 0.12s)
[09-03 17:13:28] [PERF-DAY] 11주차 77일차 처리 0.145s (stype='휴식' | 그주마지막날=True | 경기있음=False | 부상=False)
[09-03 17:13:33] [AI리그] 12주차 5608경기, OVR캐시 11393→11393) 세부: 경기조회 0.013s | 시뮬루프 0.042s | executemany(5608건) 0.013s | teams반영+commit 0.040s
[09-03 17:13:33] [주 마무리] 12주차 0.14s (국제대회 0.00s | 챔스 0.02s | 클럽WC 0.00s | 국내컵 0.00s | 리그시뮬 0.11s)
[09-03 17:13:33] [PERF-DAY] 12주차 84일차 처리 0.137s (stype='휴식' | 그주마지막날=True | 경기있음=False | 부상=False)
[09-03 17:13:33] [AI리그] 13주차 5232경기, OVR캐시 11393→11393) 세부: 경기조회 0.013s | 시뮬루프 0.042s | executemany(5232건) 0.012s | teams반영+commit 0.036s
[09-03 17:13:33] [주 마무리] 13주차 0.13s (국제대회 0.00s | 챔스 0.02s | 클럽WC 0.00s | 국내컵 0.00s | 리그시뮬 0.10s)
[09-03 17:13:33] [PERF-DAY] 13주차 91일차 처리 0.131s (stype='휴식' | 그주마지막날=True | 경기있음=False | 부상=False)
[09-03 17:13:33] [AI리그] 14주차 5525경기, OVR캐시 11393→11393) 세부: 경기조회 0.013s | 시뮬루프 0.046s | executemany(5525건) 0.013s | teams반영+commit 0.036s
[09-03 17:13:33] [주 마무리] 14주차 0.13s (국제대회 0.00s | 챔스 0.02s | 클럽WC 0.00s | 국내컵 0.00s | 리그시뮬 0.11s)
[09-03 17:13:34] [PERF-DAY] 14주차 98일차 처리 0.469s (stype='경기' | 그주마지막날=True | 경기있음=True | 부상=False)
[09-03 17:13:34] [진행 총계] 0.49초
[09-03 17:13:34] [AI리그] 15주차 5746경기, OVR캐시 11393→11393) 세부: 경기조회 0.013s | 시뮬루프 0.044s | executemany(5746건) 0.013s | teams반영+commit 0.039s
[09-03 17:13:34] [주 마무리] 15주차 0.14s (국제대회 0.00s | 챔스 0.02s | 클럽WC 0.00s | 국내컵 0.00s | 리그시뮬 0.11s)
[09-03 17:13:34] [PERF-DAY] 15주차 105일차 처리 0.142s (stype='경기' | 그주마지막날=True | 경기있음=True | 부상=False)
[09-03 17:13:34] [AI리그] 16주차 5731경기, OVR캐시 11393→11393) 세부: 경기조회 0.012s | 시뮬루프 0.046s | executemany(5731건) 0.013s | teams반영+commit 0.036s
[09-03 17:13:34] [주 마무리] 16주차 0.16s (국제대회 0.00s | 챔스 0.05s | 클럽WC 0.00s | 국내컵 0.00s | 리그시뮬 0.11s)
[09-03 17:13:34] [PERF-DAY] 16주차 112일차 처리 0.163s (stype='경기' | 그주마지막날=True | 경기있음=True | 부상=False)
[09-03 17:13:35] [AI리그] 17주차 5481경기, OVR캐시 11393→11393) 세부: 경기조회 0.014s | 시뮬루프 0.047s | executemany(5481건) 0.012s | teams반영+commit 0.032s
[09-03 17:13:35] [주 마무리] 17주차 0.11s (국제대회 0.00s | 챔스 0.00s | 클럽WC 0.00s | 국내컵 0.00s | 리그시뮬 0.11s)
[09-03 17:13:35] [PERF-DAY] 17주차 119일차 처리 0.117s (stype='경기' | 그주마지막날=True | 경기있음=True | 부상=False)
[09-03 17:13:35] [AI리그] 18주차 5383경기, OVR캐시 11393→11393) 세부: 경기조회 0.011s | 시뮬루프 0.040s | executemany(5383건) 0.013s | teams반영+commit 0.036s
[09-03 17:13:35] [주 마무리] 18주차 0.13s (국제대회 0.00s | 챔스 0.03s | 클럽WC 0.00s | 국내컵 0.00s | 리그시뮬 0.10s)
[09-03 17:13:35] [PERF-DAY] 18주차 126일차 처리 0.427s (stype='경기' | 그주마지막날=True | 경기있음=True | 부상=False)
[09-03 17:13:35] [진행 총계] 0.44초
[09-03 17:13:36] [AI리그] 19주차 3886경기, OVR캐시 11393→11393) 세부: 경기조회 0.015s | 시뮬루프 0.031s | executemany(3886건) 0.010s | teams반영+commit 0.026s
[09-03 17:13:36] [주 마무리] 19주차 0.09s (국제대회 0.00s | 챔스 0.00s | 클럽WC 0.00s | 국내컵 0.00s | 리그시뮬 0.08s)
[09-03 17:13:36] [PERF-DAY] 19주차 133일차 처리 0.091s (stype='휴식' | 그주마지막날=True | 경기있음=False | 부상=False)
[09-03 17:13:36] [AI리그] 20주차 3342경기, OVR캐시 11393→11393) 세부: 경기조회 0.011s | 시뮬루프 0.034s | executemany(3342건) 0.009s | teams반영+commit 0.023s
[09-03 17:13:36] [주 마무리] 20주차 0.10s (국제대회 0.00s | 챔스 0.02s | 클럽WC 0.00s | 국내컵 0.00s | 리그시뮬 0.08s)
[09-03 17:13:36] [PERF-DAY] 20주차 140일차 처리 0.100s (stype='휴식' | 그주마지막날=True | 경기있음=False | 부상=False)
[09-03 17:13:37] [AI리그] 21주차 2933경기, OVR캐시 11393→11393) 세부: 경기조회 0.010s | 시뮬루프 0.026s | executemany(2933건) 0.007s | teams반영+commit 0.022s
[09-03 17:13:37] [주 마무리] 21주차 0.08s (국제대회 0.00s | 챔스 0.01s | 클럽WC 0.00s | 국내컵 0.00s | 리그시뮬 0.07s)
[09-03 17:13:37] [PERF-DAY] 21주차 147일차 처리 0.083s (stype='휴식' | 그주마지막날=True | 경기있음=False | 부상=False)
[09-03 17:13:38] [AI리그] 22주차 2778경기, OVR캐시 11393→11393) 세부: 경기조회 0.011s | 시뮬루프 0.023s | executemany(2778건) 0.007s | teams반영+commit 0.017s
[09-03 17:13:38] [주 마무리] 22주차 0.07s (국제대회 0.00s | 챔스 0.01s | 클럽WC 0.00s | 국내컵 0.00s | 리그시뮬 0.06s)
[09-03 17:13:38] [PERF-DAY] 22주차 154일차 처리 0.075s (stype='휴식' | 그주마지막날=True | 경기있음=False | 부상=False)
[09-03 17:13:39] [주 마무리] 23주차 0.07s (국제대회 0.00s | 챔스 0.02s | 클럽WC 0.00s | 국내컵 0.00s | 리그시뮬 0.05s)
[09-03 17:13:39] [PERF-DAY] 23주차 161일차 처리 0.071s (stype='휴식' | 그주마지막날=True | 경기있음=False | 부상=False)
[09-03 17:13:42] [PERF-DAILYHOOK] 25주차 169일차: process_intl_week 0.824s | process_cwc_week 0.000s
[09-03 17:13:42] [PERF-DAY] 25주차 169일차 처리 0.825s (stype='고강도' | 그주마지막날=False | 경기있음=False | 부상=False)
[09-03 17:13:43] [진행 총계] 0.86초
[09-03 17:13:52] [PERF-DAILYHOOK] 27주차 189일차: process_intl_week 0.066s | process_cwc_week 0.000s
[09-03 17:13:52] [PERF-DAY] 27주차 189일차 처리 0.077s (stype='휴식' | 그주마지막날=True | 경기있음=False | 부상=False)
[09-03 17:13:55] [PERF-WEEKTAIL] 28주차: _pay_salary 0.000s | _advance_week 2.682s
[09-03 17:13:55] [PERF-DAY] 28주차 196일차 처리 2.692s (stype='휴식' | 그주마지막날=True | 경기있음=False | 부상=False)
[09-03 17:13:55] [진행 총계] 2.70초
[09-03 17:13:56] [AI리그] 29주차 4943경기, OVR캐시 11393→11393) 세부: 경기조회 0.011s | 시뮬루프 0.040s | executemany(4943건) 0.013s | teams반영+commit 0.032s
[09-03 17:13:56] [주 마무리] 29주차 0.10s (국제대회 0.00s | 챔스 0.00s | 클럽WC 0.00s | 국내컵 0.00s | 리그시뮬 0.10s)
[09-03 17:13:56] [PERF-DAY] 29주차 203일차 처리 0.102s (stype='휴식' | 그주마지막날=True | 경기있음=False | 부상=False)
[09-03 17:13:57] [AI리그] 30주차 6682경기, OVR캐시 11393→11393) 세부: 경기조회 0.011s | 시뮬루프 0.047s | executemany(6682건) 0.014s | teams반영+commit 0.036s
[09-03 17:13:57] [주 마무리] 30주차 0.18s (국제대회 0.00s | 챔스 0.00s | 클럽WC 0.00s | 국내컵 0.07s | 리그시뮬 0.11s)
[09-03 17:13:57] [PERF-DAY] 30주차 210일차 처리 0.180s (stype='휴식' | 그주마지막날=True | 경기있음=False | 부상=False)
[09-03 17:13:58] [AI리그] 31주차 6720경기, OVR캐시 11393→11393) 세부: 경기조회 0.011s | 시뮬루프 0.052s | executemany(6720건) 0.014s | teams반영+commit 0.038s
[09-03 17:13:58] [주 마무리] 31주차 0.12s (국제대회 0.00s | 챔스 0.00s | 클럽WC 0.00s | 국내컵 0.00s | 리그시뮬 0.12s)
[09-03 17:13:58] [PERF-DAY] 31주차 217일차 처리 0.126s (stype='경기' | 그주마지막날=True | 경기있음=True | 부상=False)
[09-03 17:13:58] [AI리그] 32주차 6568경기, OVR캐시 11393→11393) 세부: 경기조회 0.010s | 시뮬루프 0.047s | executemany(6568건) 0.015s | teams반영+commit 0.038s
[09-03 17:13:58] [주 마무리] 32주차 0.18s (국제대회 0.00s | 챔스 0.00s | 클럽WC 0.00s | 국내컵 0.06s | 리그시뮬 0.11s)
[09-03 17:13:58] [PERF-DAY] 32주차 224일차 처리 0.177s (stype='휴식' | 그주마지막날=True | 경기있음=False | 부상=False)
[09-03 17:13:59] [AI리그] 33주차 6948경기, OVR캐시 11393→11393) 세부: 경기조회 0.010s | 시뮬루프 0.051s | executemany(6948건) 0.016s | teams반영+commit 0.038s
[09-03 17:13:59] [주 마무리] 33주차 0.12s (국제대회 0.00s | 챔스 0.00s | 클럽WC 0.00s | 국내컵 0.00s | 리그시뮬 0.12s)
[09-03 17:13:59] [PERF-DAY] 33주차 231일차 처리 0.120s (stype='휴식' | 그주마지막날=True | 경기있음=False | 부상=False)
[09-03 17:14:00] [AI리그] 34주차 6513경기, OVR캐시 11393→11393) 세부: 경기조회 0.010s | 시뮬루프 0.052s | executemany(6513건) 0.015s | teams반영+commit 0.038s
[09-03 17:14:00] [주 마무리] 34주차 0.17s (국제대회 0.00s | 챔스 0.00s | 클럽WC 0.00s | 국내컵 0.05s | 리그시뮬 0.12s)
[09-03 17:14:00] [PERF-DAY] 34주차 238일차 처리 0.170s (stype='휴식' | 그주마지막날=True | 경기있음=False | 부상=True)
[09-03 17:14:00] [AI리그] 35주차 6887경기, OVR캐시 11393→11393) 세부: 경기조회 0.009s | 시뮬루프 0.050s | executemany(6887건) 0.015s | teams반영+commit 0.039s
[09-03 17:14:00] [주 마무리] 35주차 0.12s (국제대회 0.00s | 챔스 0.00s | 클럽WC 0.00s | 국내컵 0.00s | 리그시뮬 0.12s)
[09-03 17:14:00] [PERF-DAY] 35주차 245일차 처리 0.121s (stype='휴식' | 그주마지막날=True | 경기있음=False | 부상=False)
[09-03 17:14:01] [AI리그] 36주차 7135경기, OVR캐시 11393→11393) 세부: 경기조회 0.010s | 시뮬루프 0.056s | executemany(7135건) 0.017s | teams반영+commit 0.040s
[09-03 17:14:01] [주 마무리] 36주차 0.17s (국제대회 0.00s | 챔스 0.00s | 클럽WC 0.00s | 국내컵 0.05s | 리그시뮬 0.13s)
[09-03 17:14:01] [PERF-DAY] 36주차 252일차 처리 0.181s (stype='경기' | 그주마지막날=True | 경기있음=True | 부상=False)
[09-03 17:14:02] [AI리그] 37주차 6555경기, OVR캐시 11393→11393) 세부: 경기조회 0.008s | 시뮬루프 0.050s | executemany(6555건) 0.016s | teams반영+commit 0.045s
[09-03 17:14:02] [주 마무리] 37주차 0.12s (국제대회 0.00s | 챔스 0.00s | 클럽WC 0.00s | 국내컵 0.00s | 리그시뮬 0.12s)
[09-03 17:14:02] [PERF-DAY] 37주차 259일차 처리 0.126s (stype='휴식' | 그주마지막날=True | 경기있음=False | 부상=False)
[09-03 17:14:03] [AI리그] 38주차 6729경기, OVR캐시 11393→11393) 세부: 경기조회 0.007s | 시뮬루프 0.048s | executemany(6729건) 0.015s | teams반영+commit 0.036s
[09-03 17:14:03] [주 마무리] 38주차 0.17s (국제대회 0.00s | 챔스 0.00s | 클럽WC 0.00s | 국내컵 0.06s | 리그시뮬 0.11s)
[09-03 17:14:03] [PERF-DAY] 38주차 266일차 처리 0.170s (stype='휴식' | 그주마지막날=True | 경기있음=False | 부상=False)
[09-03 17:14:05] [AI리그] 39주차 6853경기, OVR캐시 11393→11393) 세부: 경기조회 0.007s | 시뮬루프 0.049s | executemany(6853건) 0.015s | teams반영+commit 0.034s
[09-03 17:14:05] [주 마무리] 39주차 0.11s (국제대회 0.00s | 챔스 0.00s | 클럽WC 0.00s | 국내컵 0.00s | 리그시뮬 0.11s)
[09-03 17:14:05] [PERF-DAY] 39주차 273일차 처리 0.114s (stype='경기' | 그주마지막날=True | 경기있음=True | 부상=False)
[09-03 17:14:06] [AI리그] 40주차 6843경기, OVR캐시 11393→11393) 세부: 경기조회 0.007s | 시뮬루프 0.047s | executemany(6843건) 0.015s | teams반영+commit 0.038s
[09-03 17:14:06] [주 마무리] 40주차 0.13s (국제대회 0.00s | 챔스 0.00s | 클럽WC 0.00s | 국내컵 0.02s | 리그시뮬 0.11s)
[09-03 17:14:06] [PERF-DAY] 40주차 280일차 처리 0.134s (stype='휴식' | 그주마지막날=True | 경기있음=False | 부상=False)
[09-03 17:14:07] [AI리그] 41주차 6840경기, OVR캐시 11393→11393) 세부: 경기조회 0.006s | 시뮬루프 0.051s | executemany(6840건) 0.016s | teams반영+commit 0.038s
[09-03 17:14:07] [주 마무리] 41주차 0.11s (국제대회 0.00s | 챔스 0.00s | 클럽WC 0.00s | 국내컵 0.00s | 리그시뮬 0.11s)
[09-03 17:14:07] [PERF-DAY] 41주차 287일차 처리 0.116s (stype='휴식' | 그주마지막날=True | 경기있음=False | 부상=False)
[09-03 17:14:08] [AI리그] 42주차 6741경기, OVR캐시 11393→11393) 세부: 경기조회 0.006s | 시뮬루프 0.048s | executemany(6741건) 0.016s | teams반영+commit 0.036s
[09-03 17:14:08] [주 마무리] 42주차 0.11s (국제대회 0.00s | 챔스 0.00s | 클럽WC 0.00s | 국내컵 0.01s | 리그시뮬 0.11s)
[09-03 17:14:08] [PERF-DAY] 42주차 294일차 처리 0.117s (stype='휴식' | 그주마지막날=True | 경기있음=False | 부상=False)
[09-03 17:14:10] [PERF-PROMO] _process_promotion_relegation 세부: my_player/season조회 0.001s | teams+leagues조회 0.012s | standings계산(710개리그) 0.270s | ai_players OVR스캔 0.226s | 승강판정루프(211개국) 0.026s | executemany(1212건) 0.017s | 리스케일(1212건) 0.342s | commit/close 0.319s | 캐시무효화 0.000s
[09-03 17:14:10] [PERF-SEASON] finalize_club_season 세부: finish_incomplete_matches=0.046s | promotion_relegation=1.222s
[09-03 17:14:10] [PERF-YEAR] 43주차(CLUB_SEASON_END_DAY) 세부: finalize_club_season=1.268s | promotion_playoffs=0.023s | PRAGMA optimize=0.000s
[09-03 17:14:10] [PERF-DAY] 43주차 300일차 처리 1.309s (stype='경기' | 그주마지막날=False | 경기있음=True | 부상=False)
[09-03 17:14:10] [진행 총계] 1.34초
[09-03 17:14:14] [PERF-DAILYHOOK] 44주차 302일차: process_po_week 0.050s
[09-03 17:14:14] [PERF-DAY] 44주차 302일차 처리 0.054s (stype='고강도' | 그주마지막날=False | 경기있음=False | 부상=False)
[09-03 17:14:14] [PERF-DAILYHOOK] 44주차 306일차: process_po_week 0.074s
[09-03 17:14:14] [PERF-DAY] 44주차 306일차 처리 0.076s (stype='고강도' | 그주마지막날=False | 경기있음=False | 부상=False)
[09-03 17:14:16] [PERF-DAILYHOOK] 46주차 316일차: process_intl_week 0.486s | process_cwc_week 0.000s
[09-03 17:14:16] [PERF-DAY] 46주차 316일차 처리 0.487s (stype='고강도' | 그주마지막날=False | 경기있음=False | 부상=False)
[09-03 17:14:16] [PERF-DAILYHOOK] 46주차 317일차: process_intl_week 0.103s | process_cwc_week 0.000s
[09-03 17:14:16] [PERF-DAY] 46주차 317일차 처리 0.104s (stype='휴식' | 그주마지막날=False | 경기있음=False | 부상=False)
[09-03 17:14:16] [PERF-DAILYHOOK] 46주차 320일차: process_intl_week 0.076s | process_cwc_week 0.000s
[09-03 17:14:16] [PERF-DAY] 46주차 320일차 처리 0.084s (stype='경기' | 그주마지막날=False | 경기있음=True | 부상=False)
[09-03 17:14:16] [진행 총계] 0.71초
[09-03 17:14:26] [PERF-DAILYHOOK] 50주차 347일차: process_intl_week 0.069s | process_cwc_week 0.000s
[09-03 17:14:26] [PERF-DAY] 50주차 347일차 처리 0.075s (stype='경기' | 그주마지막날=False | 경기있음=True | 부상=False)
[09-03 17:32:22] [PERF]   _end_of_season 세부: AI생애주기 39.58s (승강제 타이밍은 43주 _finalize_club_season으로 이동 — 여기 안 잡힘)
[09-03 17:32:25] [PERF]   일정생성 세부: 아카이브이동 3.19s | 완비판정조회 0.02s | 기존경기dedup조회 0.00s | 일정계산 0.25s | INSERT+commit 0.43s | (대상리그 710개, 신규경기 201400건)
[09-03 17:32:26] [PERF]   인덱스재생성 0.46s
[09-03 17:32:28] [PERF] 연도전환 총 45.75s (커리어정리 0.00s | _end_of_season 39.62s | 일정생성 4.35s | 파워랭킹 1.77s | PRAGMA optimize 0.00s)
[09-03 17:32:28] [PERF-WEEKTAIL] 52주차: _pay_salary 0.000s | _advance_week 45.755s
[09-03 17:32:28] [PERF-DAY] 52주차 364일차 처리 45.757s (stype='휴식' | 그주마지막날=True | 경기있음=False | 부상=False)
[09-03 17:32:28] [진행 총계] 45.76초
[09-03 17:32:30] [AI리그] 4주차 4527경기, OVR캐시 1→9055) 세부: 경기조회 0.015s | 시뮬루프 0.324s | executemany(4527건) 0.011s | teams반영+commit 0.026s
[09-03 17:32:30] [주 마무리] 4주차 0.38s (국제대회 0.00s | 챔스 0.00s | 클럽WC 0.00s | 국내컵 0.00s | 리그시뮬 0.38s)
[09-03 17:32:30] [PERF-WEEKTAIL] 4주차: _pay_salary 0.000s | _advance_week 0.178s
[09-03 17:32:30] [PERF-DAY] 4주차 28일차 처리 0.559s (stype='휴식' | 그주마지막날=True | 경기있음=False | 부상=False)
[09-03 17:32:30] [진행 총계] 0.57초
[09-03 17:32:31] [AI리그] 5주차 5770경기, OVR캐시 11263→11393) 세부: 경기조회 0.017s | 시뮬루프 0.071s | executemany(5770건) 0.013s | teams반영+commit 0.040s
[09-03 17:32:31] [주 마무리] 5주차 0.26s (국제대회 0.00s | 챔스 0.00s | 클럽WC 0.00s | 국내컵 0.12s | 리그시뮬 0.14s)
[09-03 17:32:31] [PERF-DAY] 5주차 35일차 처리 0.264s (stype='휴식' | 그주마지막날=True | 경기있음=False | 부상=False)
[09-03 19:00:23] [PERF]   일정생성 세부: 아카이브이동 0.00s | 완비판정조회 0.01s | 기존경기dedup조회 0.00s | 일정계산 0.25s | INSERT+commit 0.48s | (대상리그 710개, 신규경기 201400건)
[09-03 19:00:24] [PERF]   인덱스재생성 0.48s
[09-03 19:18:23] [PERF]   일정생성 세부: 아카이브이동 0.00s | 완비판정조회 0.01s | 기존경기dedup조회 0.00s | 일정계산 0.25s | INSERT+commit 0.49s | (대상리그 710개, 신규경기 201400건)
[09-03 19:18:23] [PERF]   인덱스재생성 0.40s
[09-03 19:18:28] [AI리그] 4주차 4527경기, OVR캐시 0→9054) 세부: 경기조회 0.014s | 시뮬루프 0.383s | executemany(4527건) 0.010s | teams반영+commit 0.024s
[09-03 19:18:28] [주 마무리] 4주차 0.43s (국제대회 0.00s | 챔스 0.00s | 클럽WC 0.00s | 국내컵 0.00s | 리그시뮬 0.43s)
[09-03 19:18:28] [PERF-WEEKTAIL] 4주차: _pay_salary 0.000s | _advance_week 0.155s
[09-03 19:18:28] [PERF-DAY] 4주차 28일차 처리 0.589s (stype='휴식' | 그주마지막날=True | 경기있음=False | 부상=False)
[09-03 19:18:28] [진행 총계] 0.59초
[09-03 19:18:29] [AI리그] 5주차 5771경기, OVR캐시 11263→11393) 세부: 경기조회 0.015s | 시뮬루프 0.171s | executemany(5771건) 0.013s | teams반영+commit 0.039s
[09-03 19:18:29] [주 마무리] 5주차 0.35s (국제대회 0.00s | 챔스 0.00s | 클럽WC 0.00s | 국내컵 0.11s | 리그시뮬 0.24s)
[09-03 19:18:29] [PERF-DAY] 5주차 35일차 처리 0.354s (stype='휴식' | 그주마지막날=True | 경기있음=False | 부상=False)
[09-03 19:18:29] [진행 총계] 0.36초
[09-03 19:18:29] [AI리그] 6주차 5734경기, OVR캐시 11393→11393) 세부: 경기조회 0.014s | 시뮬루프 0.150s | executemany(5734건) 0.013s | teams반영+commit 0.040s
[09-03 19:18:29] [주 마무리] 6주차 0.34s (국제대회 0.00s | 챔스 0.00s | 클럽WC 0.00s | 국내컵 0.12s | 리그시뮬 0.22s)
[09-03 19:18:29] [PERF-DAY] 6주차 42일차 처리 0.340s (stype='휴식' | 그주마지막날=True | 경기있음=False | 부상=False)
[09-03 19:18:29] [진행 총계] 0.35초
[09-03 19:18:30] [AI리그] 7주차 5801경기, OVR캐시 11393→11393) 세부: 경기조회 0.014s | 시뮬루프 0.154s | executemany(5801건) 0.014s | teams반영+commit 0.044s
[09-03 19:18:30] [주 마무리] 7주차 0.32s (국제대회 0.00s | 챔스 0.00s | 클럽WC 0.00s | 국내컵 0.09s | 리그시뮬 0.23s)
[09-03 19:18:30] [PERF-DAY] 7주차 49일차 처리 0.371s (stype='휴식' | 그주마지막날=True | 경기있음=False | 부상=False)
[09-03 19:18:30] [진행 총계] 0.38초
[09-03 19:18:30] [AI리그] 8주차 5757경기, OVR캐시 11393→11393) 세부: 경기조회 0.014s | 시뮬루프 0.149s | executemany(5757건) 0.011s | teams반영+commit 0.031s
[09-03 19:18:30] [주 마무리] 8주차 0.21s (국제대회 0.00s | 챔스 0.00s | 클럽WC 0.00s | 국내컵 0.00s | 리그시뮬 0.21s)
[09-03 19:18:30] [PERF-DAY] 8주차 56일차 처리 0.212s (stype='휴식' | 그주마지막날=True | 경기있음=False | 부상=False)
[09-03 19:18:30] [AI리그] 9주차 5731경기, OVR캐시 11393→11393) 세부: 경기조회 0.014s | 시뮬루프 0.150s | executemany(5731건) 0.012s | teams반영+commit 0.034s
[09-03 19:18:30] [주 마무리] 9주차 0.24s (국제대회 0.00s | 챔스 0.03s | 클럽WC 0.00s | 국내컵 0.00s | 리그시뮬 0.21s)
[09-03 19:18:30] [PERF-DAY] 9주차 63일차 처리 0.244s (stype='휴식' | 그주마지막날=True | 경기있음=False | 부상=False)
[09-03 19:18:30] [AI리그] 10주차 5766경기, OVR캐시 11393→11393) 세부: 경기조회 0.013s | 시뮬루프 0.153s | executemany(5766건) 0.012s | teams반영+commit 0.034s
[09-03 19:18:30] [주 마무리] 10주차 0.24s (국제대회 0.00s | 챔스 0.02s | 클럽WC 0.00s | 국내컵 0.00s | 리그시뮬 0.21s)
[09-03 19:18:30] [PERF-DAY] 10주차 70일차 처리 0.241s (stype='휴식' | 그주마지막날=True | 경기있음=False | 부상=True)
[09-03 19:18:31] [AI리그] 11주차 5618경기, OVR캐시 11393→11393) 세부: 경기조회 0.013s | 시뮬루프 0.147s | executemany(5618건) 0.012s | teams반영+commit 0.032s
[09-03 19:18:31] [주 마무리] 11주차 0.23s (국제대회 0.00s | 챔스 0.02s | 클럽WC 0.00s | 국내컵 0.00s | 리그시뮬 0.21s)
[09-03 19:18:31] [PERF-DAY] 11주차 77일차 처리 0.232s (stype='휴식' | 그주마지막날=True | 경기있음=False | 부상=True)
[09-03 19:18:31] [AI리그] 12주차 5609경기, OVR캐시 11393→11393) 세부: 경기조회 0.013s | 시뮬루프 0.147s | executemany(5609건) 0.012s | teams반영+commit 0.035s
[09-03 19:18:31] [주 마무리] 12주차 0.23s (국제대회 0.00s | 챔스 0.02s | 클럽WC 0.00s | 국내컵 0.00s | 리그시뮬 0.21s)
[09-03 19:18:31] [PERF-DAY] 12주차 84일차 처리 0.235s (stype='휴식' | 그주마지막날=True | 경기있음=False | 부상=True)
[09-03 19:18:31] [AI리그] 13주차 5233경기, OVR캐시 11393→11393) 세부: 경기조회 0.013s | 시뮬루프 0.139s | executemany(5233건) 0.012s | teams반영+commit 0.035s
[09-03 19:18:31] [주 마무리] 13주차 0.23s (국제대회 0.00s | 챔스 0.02s | 클럽WC 0.00s | 국내컵 0.00s | 리그시뮬 0.20s)
[09-03 19:18:31] [PERF-DAY] 13주차 91일차 처리 0.228s (stype='휴식' | 그주마지막날=True | 경기있음=False | 부상=False)
[09-03 19:18:31] [AI리그] 14주차 5527경기, OVR캐시 11393→11393) 세부: 경기조회 0.012s | 시뮬루프 0.150s | executemany(5527건) 0.011s | teams반영+commit 0.028s
[09-03 19:18:31] [주 마무리] 14주차 0.23s (국제대회 0.00s | 챔스 0.02s | 클럽WC 0.00s | 국내컵 0.00s | 리그시뮬 0.20s)
[09-03 19:18:31] [PERF-DAY] 14주차 98일차 처리 0.229s (stype='휴식' | 그주마지막날=True | 경기있음=False | 부상=False)
[09-03 19:18:32] [AI리그] 15주차 5747경기, OVR캐시 11393→11393) 세부: 경기조회 0.012s | 시뮬루프 0.161s | executemany(5747건) 0.016s | teams반영+commit 0.029s
[09-03 19:18:32] [주 마무리] 15주차 0.24s (국제대회 0.00s | 챔스 0.02s | 클럽WC 0.00s | 국내컵 0.00s | 리그시뮬 0.22s)
[09-03 19:18:32] [PERF-DAY] 15주차 105일차 처리 0.246s (stype='휴식' | 그주마지막날=True | 경기있음=False | 부상=False)
[09-03 19:18:32] [AI리그] 16주차 5732경기, OVR캐시 11393→11393) 세부: 경기조회 0.012s | 시뮬루프 0.159s | executemany(5732건) 0.013s | teams반영+commit 0.038s
[09-03 19:18:32] [주 마무리] 16주차 0.27s (국제대회 0.00s | 챔스 0.05s | 클럽WC 0.00s | 국내컵 0.00s | 리그시뮬 0.22s)
[09-03 19:18:32] [PERF-DAY] 16주차 112일차 처리 0.272s (stype='휴식' | 그주마지막날=True | 경기있음=False | 부상=False)
[09-03 19:18:32] [AI리그] 17주차 5482경기, OVR캐시 11393→11393) 세부: 경기조회 0.011s | 시뮬루프 0.144s | executemany(5482건) 0.012s | teams반영+commit 0.033s
[09-03 19:18:32] [주 마무리] 17주차 0.20s (국제대회 0.00s | 챔스 0.00s | 클럽WC 0.00s | 국내컵 0.00s | 리그시뮬 0.20s)
[09-03 19:18:32] [PERF-DAY] 17주차 119일차 처리 0.206s (stype='휴식' | 그주마지막날=True | 경기있음=False | 부상=False)
[09-03 19:18:33] [AI리그] 18주차 5384경기, OVR캐시 11393→11393) 세부: 경기조회 0.011s | 시뮬루프 0.147s | executemany(5384건) 0.012s | teams반영+commit 0.031s
[09-03 19:18:33] [주 마무리] 18주차 0.23s (국제대회 0.00s | 챔스 0.03s | 클럽WC 0.00s | 국내컵 0.00s | 리그시뮬 0.20s)
[09-03 19:18:33] [PERF-DAY] 18주차 126일차 처리 0.230s (stype='휴식' | 그주마지막날=True | 경기있음=False | 부상=False)
[09-03 19:18:33] [AI리그] 19주차 3886경기, OVR캐시 11393→11393) 세부: 경기조회 0.010s | 시뮬루프 0.102s | executemany(3886건) 0.009s | teams반영+commit 0.023s
[09-03 19:18:33] [주 마무리] 19주차 0.15s (국제대회 0.00s | 챔스 0.00s | 클럽WC 0.00s | 국내컵 0.00s | 리그시뮬 0.15s)
[09-03 19:18:33] [PERF-DAY] 19주차 133일차 처리 0.150s (stype='휴식' | 그주마지막날=True | 경기있음=False | 부상=False)
[09-03 19:18:33] [AI리그] 20주차 3343경기, OVR캐시 11393→11393) 세부: 경기조회 0.010s | 시뮬루프 0.089s | executemany(3343건) 0.008s | teams반영+commit 0.023s
[09-03 19:18:33] [주 마무리] 20주차 0.15s (국제대회 0.00s | 챔스 0.02s | 클럽WC 0.00s | 국내컵 0.00s | 리그시뮬 0.13s)
[09-03 19:18:33] [PERF-DAY] 20주차 140일차 처리 0.153s (stype='휴식' | 그주마지막날=True | 경기있음=False | 부상=False)
[09-03 19:18:33] [AI리그] 21주차 2934경기, OVR캐시 11393→11393) 세부: 경기조회 0.009s | 시뮬루프 0.079s | executemany(2934건) 0.007s | teams반영+commit 0.018s
[09-03 19:18:33] [주 마무리] 21주차 0.13s (국제대회 0.00s | 챔스 0.01s | 클럽WC 0.00s | 국내컵 0.00s | 리그시뮬 0.12s)
[09-03 19:18:33] [PERF-DAY] 21주차 147일차 처리 0.131s (stype='휴식' | 그주마지막날=True | 경기있음=False | 부상=False)
[09-03 19:18:34] [AI리그] 22주차 2779경기, OVR캐시 11393→11393) 세부: 경기조회 0.009s | 시뮬루프 0.072s | executemany(2779건) 0.006s | teams반영+commit 0.014s
[09-03 19:18:34] [주 마무리] 22주차 0.11s (국제대회 0.00s | 챔스 0.01s | 클럽WC 0.00s | 국내컵 0.00s | 리그시뮬 0.10s)
[09-03 19:18:34] [PERF-DAY] 22주차 154일차 처리 0.115s (stype='휴식' | 그주마지막날=True | 경기있음=False | 부상=False)
[09-03 19:18:34] [AI리그] 23주차 2291경기, OVR캐시 11393→11393) 세부: 경기조회 0.008s | 시뮬루프 0.060s | executemany(2291건) 0.006s | teams반영+commit 0.013s
[09-03 19:18:34] [주 마무리] 23주차 0.10s (국제대회 0.00s | 챔스 0.01s | 클럽WC 0.00s | 국내컵 0.00s | 리그시뮬 0.09s)
[09-03 19:18:34] [PERF-DAY] 23주차 161일차 처리 0.109s (stype='휴식' | 그주마지막날=True | 경기있음=False | 부상=False)
[09-03 19:18:34] [AI리그] 24주차 2602경기, OVR캐시 11393→11393) 세부: 경기조회 0.009s | 시뮬루프 0.051s | executemany(2602건) 0.006s | teams반영+commit 0.012s
[09-03 19:18:34] [주 마무리] 24주차 0.08s (국제대회 0.00s | 챔스 0.00s | 클럽WC 0.00s | 국내컵 0.00s | 리그시뮬 0.08s)
[09-03 19:18:34] [PERF-DAY] 24주차 168일차 처리 0.082s (stype='휴식' | 그주마지막날=True | 경기있음=False | 부상=False)
[09-03 19:18:34] [PERF-DAILYHOOK] 25주차 169일차: process_intl_week 0.438s | process_cwc_week 0.000s
[09-03 19:18:34] [PERF-DAY] 25주차 169일차 처리 0.441s (stype='고강도' | 그주마지막날=False | 경기있음=False | 부상=False)
[09-03 19:18:34] [진행 총계] 0.47초
[09-03 19:18:38] [PERF-WEEKTAIL] 28주차: _pay_salary 0.000s | _advance_week 2.768s
[09-03 19:18:38] [PERF-DAY] 28주차 196일차 처리 2.778s (stype='휴식' | 그주마지막날=True | 경기있음=False | 부상=True)
[09-03 19:18:38] [진행 총계] 2.78초
[09-03 19:18:38] [AI리그] 29주차 4943경기, OVR캐시 11393→11393) 세부: 경기조회 0.010s | 시뮬루프 0.134s | executemany(4943건) 0.012s | teams반영+commit 0.030s
[09-03 19:18:38] [주 마무리] 29주차 0.19s (국제대회 0.00s | 챔스 0.00s | 클럽WC 0.00s | 국내컵 0.00s | 리그시뮬 0.19s)
[09-03 19:18:38] [PERF-DAY] 29주차 203일차 처리 0.190s (stype='휴식' | 그주마지막날=True | 경기있음=False | 부상=True)
[09-03 19:18:38] [AI리그] 30주차 6683경기, OVR캐시 11393→11393) 세부: 경기조회 0.011s | 시뮬루프 0.163s | executemany(6683건) 0.014s | teams반영+commit 0.034s
[09-03 19:18:38] [주 마무리] 30주차 0.29s (국제대회 0.00s | 챔스 0.00s | 클럽WC 0.00s | 국내컵 0.07s | 리그시뮬 0.22s)
[09-03 19:18:38] [PERF-DAY] 30주차 210일차 처리 0.292s (stype='휴식' | 그주마지막날=True | 경기있음=False | 부상=True)
[09-03 19:18:39] [AI리그] 31주차 6722경기, OVR캐시 11393→11393) 세부: 경기조회 0.010s | 시뮬루프 0.163s | executemany(6722건) 0.015s | teams반영+commit 0.031s
[09-03 19:18:39] [주 마무리] 31주차 0.22s (국제대회 0.00s | 챔스 0.00s | 클럽WC 0.00s | 국내컵 0.00s | 리그시뮬 0.22s)
[09-03 19:18:39] [PERF-DAY] 31주차 217일차 처리 0.224s (stype='휴식' | 그주마지막날=True | 경기있음=False | 부상=False)
[09-03 19:18:39] [AI리그] 32주차 6569경기, OVR캐시 11393→11393) 세부: 경기조회 0.009s | 시뮬루프 0.164s | executemany(6569건) 0.015s | teams반영+commit 0.034s
[09-03 19:18:39] [주 마무리] 32주차 0.29s (국제대회 0.00s | 챔스 0.00s | 클럽WC 0.00s | 국내컵 0.07s | 리그시뮬 0.22s)
[09-03 19:18:39] [PERF-DAY] 32주차 224일차 처리 0.292s (stype='휴식' | 그주마지막날=True | 경기있음=False | 부상=False)
[09-03 19:18:39] [AI리그] 33주차 6949경기, OVR캐시 11393→11393) 세부: 경기조회 0.009s | 시뮬루프 0.166s | executemany(6949건) 0.015s | teams반영+commit 0.035s
[09-03 19:18:39] [주 마무리] 33주차 0.23s (국제대회 0.00s | 챔스 0.00s | 클럽WC 0.00s | 국내컵 0.00s | 리그시뮬 0.23s)
[09-03 19:18:39] [PERF-DAY] 33주차 231일차 처리 0.229s (stype='휴식' | 그주마지막날=True | 경기있음=False | 부상=False)
[09-03 19:18:39] [AI리그] 34주차 6515경기, OVR캐시 11393→11393) 세부: 경기조회 0.008s | 시뮬루프 0.165s | executemany(6515건) 0.014s | teams반영+commit 0.035s
[09-03 19:18:39] [주 마무리] 34주차 0.27s (국제대회 0.00s | 챔스 0.00s | 클럽WC 0.00s | 국내컵 0.05s | 리그시뮬 0.22s)
[09-03 19:18:39] [PERF-DAY] 34주차 238일차 처리 0.272s (stype='휴식' | 그주마지막날=True | 경기있음=False | 부상=False)
[09-03 19:18:40] [AI리그] 35주차 6888경기, OVR캐시 11393→11393) 세부: 경기조회 0.009s | 시뮬루프 0.166s | executemany(6888건) 0.015s | teams반영+commit 0.034s
[09-03 19:18:40] [주 마무리] 35주차 0.23s (국제대회 0.00s | 챔스 0.00s | 클럽WC 0.00s | 국내컵 0.00s | 리그시뮬 0.23s)
[09-03 19:18:40] [PERF-DAY] 35주차 245일차 처리 0.228s (stype='휴식' | 그주마지막날=True | 경기있음=False | 부상=False)
[09-03 19:18:40] [AI리그] 36주차 7137경기, OVR캐시 11393→11393) 세부: 경기조회 0.008s | 시뮬루프 0.164s | executemany(7137건) 0.014s | teams반영+commit 0.029s
[09-03 19:18:40] [주 마무리] 36주차 0.26s (국제대회 0.00s | 챔스 0.00s | 클럽WC 0.00s | 국내컵 0.04s | 리그시뮬 0.22s)
[09-03 19:18:40] [PERF-DAY] 36주차 252일차 처리 0.261s (stype='휴식' | 그주마지막날=True | 경기있음=False | 부상=False)
[09-03 19:18:40] [AI리그] 37주차 6556경기, OVR캐시 11393→11393) 세부: 경기조회 0.007s | 시뮬루프 0.163s | executemany(6556건) 0.014s | teams반영+commit 0.033s
[09-03 19:18:40] [주 마무리] 37주차 0.22s (국제대회 0.00s | 챔스 0.00s | 클럽WC 0.00s | 국내컵 0.00s | 리그시뮬 0.22s)
[09-03 19:18:40] [PERF-DAY] 37주차 259일차 처리 0.220s (stype='휴식' | 그주마지막날=True | 경기있음=False | 부상=False)
[09-03 19:18:41] [AI리그] 38주차 6730경기, OVR캐시 11393→11393) 세부: 경기조회 0.007s | 시뮬루프 0.165s | executemany(6730건) 0.014s | teams반영+commit 0.034s
[09-03 19:18:41] [주 마무리] 38주차 0.28s (국제대회 0.00s | 챔스 0.00s | 클럽WC 0.00s | 국내컵 0.06s | 리그시뮬 0.22s)
[09-03 19:18:41] [PERF-DAY] 38주차 266일차 처리 0.283s (stype='휴식' | 그주마지막날=True | 경기있음=False | 부상=False)
[09-03 19:18:41] [AI리그] 39주차 6855경기, OVR캐시 11393→11393) 세부: 경기조회 0.007s | 시뮬루프 0.165s | executemany(6855건) 0.014s | teams반영+commit 0.033s
[09-03 19:18:41] [주 마무리] 39주차 0.22s (국제대회 0.00s | 챔스 0.00s | 클럽WC 0.00s | 국내컵 0.00s | 리그시뮬 0.22s)
[09-03 19:18:41] [PERF-DAY] 39주차 273일차 처리 0.223s (stype='휴식' | 그주마지막날=True | 경기있음=False | 부상=False)
[09-03 19:18:42] [AI리그] 40주차 6844경기, OVR캐시 11393→11393) 세부: 경기조회 0.006s | 시뮬루프 0.174s | executemany(6844건) 0.015s | teams반영+commit 0.033s
[09-03 19:18:42] [주 마무리] 40주차 0.26s (국제대회 0.00s | 챔스 0.00s | 클럽WC 0.00s | 국내컵 0.02s | 리그시뮬 0.23s)
[09-03 19:18:42] [PERF-DAY] 40주차 280일차 처리 0.257s (stype='휴식' | 그주마지막날=True | 경기있음=False | 부상=False)
[09-03 19:18:42] [AI리그] 41주차 6841경기, OVR캐시 11393→11393) 세부: 경기조회 0.006s | 시뮬루프 0.167s | executemany(6841건) 0.015s | teams반영+commit 0.031s
[09-03 19:18:42] [주 마무리] 41주차 0.22s (국제대회 0.00s | 챔스 0.00s | 클럽WC 0.00s | 국내컵 0.00s | 리그시뮬 0.22s)
[09-03 19:18:42] [PERF-DAY] 41주차 287일차 처리 0.223s (stype='휴식' | 그주마지막날=True | 경기있음=False | 부상=False)
[09-03 19:18:42] [AI리그] 42주차 6742경기, OVR캐시 11393→11393) 세부: 경기조회 0.005s | 시뮬루프 0.158s | executemany(6742건) 0.013s | teams반영+commit 0.029s
[09-03 19:18:42] [주 마무리] 42주차 0.21s (국제대회 0.00s | 챔스 0.00s | 클럽WC 0.00s | 국내컵 0.01s | 리그시뮬 0.21s)
[09-03 19:18:42] [PERF-DAY] 42주차 294일차 처리 0.215s (stype='휴식' | 그주마지막날=True | 경기있음=False | 부상=False)
[09-03 19:18:43] [PERF-PROMO] _process_promotion_relegation 세부: my_player/season조회 0.001s | teams+leagues조회 0.012s | standings계산(710개리그) 0.279s | ai_players OVR스캔 0.210s | 승강판정루프(211개국) 0.026s | executemany(1212건) 0.017s | 리스케일(1212건) 0.337s | commit/close 0.326s | 캐시무효화 0.000s
[09-03 19:18:44] [PERF-SEASON] finalize_club_season 세부: finish_incomplete_matches=0.044s | promotion_relegation=1.216s
[09-03 19:18:44] [PERF-YEAR] 43주차(CLUB_SEASON_END_DAY) 세부: finalize_club_season=1.261s | promotion_playoffs=0.022s | PRAGMA optimize=0.006s
[09-03 19:18:44] [PERF-DAY] 43주차 300일차 처리 1.300s (stype='휴식' | 그주마지막날=False | 경기있음=False | 부상=False)
[09-03 19:18:44] [진행 총계] 1.32초
[09-03 19:18:44] [PERF-DAILYHOOK] 44주차 306일차: process_po_week 0.066s
[09-03 19:18:44] [PERF-DAY] 44주차 306일차 처리 0.067s (stype='고강도' | 그주마지막날=False | 경기있음=False | 부상=False)
[09-03 19:18:44] [PERF-DAILYHOOK] 46주차 316일차: process_intl_week 0.165s | process_cwc_week 0.000s
[09-03 19:18:44] [PERF-DAY] 46주차 316일차 처리 0.166s (stype='고강도' | 그주마지막날=False | 경기있음=False | 부상=False)
[09-03 19:18:44] [PERF-DAILYHOOK] 46주차 317일차: process_intl_week 0.145s | process_cwc_week 0.000s
[09-03 19:18:44] [PERF-DAY] 46주차 317일차 처리 0.146s (stype='휴식' | 그주마지막날=False | 경기있음=False | 부상=False)
[09-03 19:18:44] [PERF-DAILYHOOK] 46주차 318일차: process_intl_week 0.148s | process_cwc_week 0.000s
[09-03 19:18:44] [PERF-DAY] 46주차 318일차 처리 0.150s (stype='고강도' | 그주마지막날=False | 경기있음=False | 부상=False)
[09-03 19:18:44] [PERF-DAILYHOOK] 46주차 319일차: process_intl_week 0.134s | process_cwc_week 0.000s
[09-03 19:18:44] [PERF-DAY] 46주차 319일차 처리 0.135s (stype='휴식' | 그주마지막날=False | 경기있음=False | 부상=False)
[09-03 19:18:44] [진행 총계] 0.62초
[09-03 19:19:22] [PERF]   _end_of_season 세부: AI생애주기 36.69s (승강제 타이밍은 43주 _finalize_club_season으로 이동 — 여기 안 잡힘)
[09-03 19:19:23] [PERF]   일정생성 세부: 아카이브이동 0.76s | 완비판정조회 0.01s | 기존경기dedup조회 0.00s | 일정계산 0.21s | INSERT+commit 0.35s | (대상리그 710개, 신규경기 201400건)
[09-03 19:19:23] [PERF]   인덱스재생성 0.37s
[09-03 19:19:25] [PERF] 연도전환 총 40.30s (커리어정리 0.00s | _end_of_season 36.70s | 일정생성 1.71s | 파워랭킹 1.89s | PRAGMA optimize 0.01s)
[09-03 19:19:25] [PERF-WEEKTAIL] 52주차: _pay_salary 0.000s | _advance_week 40.305s
[09-03 19:19:25] [PERF-DAY] 52주차 364일차 처리 40.306s (stype='휴식' | 그주마지막날=True | 경기있음=False | 부상=False)
[09-03 19:19:25] [진행 총계] 40.31초
[09-03 19:20:27] [AI리그] 4주차 4526경기, OVR캐시 2→9054) 세부: 경기조회 0.015s | 시뮬루프 0.316s | executemany(4526건) 0.011s | teams반영+commit 0.028s
[09-03 19:20:27] [주 마무리] 4주차 0.37s (국제대회 0.00s | 챔스 0.00s | 클럽WC 0.00s | 국내컵 0.00s | 리그시뮬 0.37s)
[09-03 19:20:27] [PERF-WEEKTAIL] 4주차: _pay_salary 0.000s | _advance_week 0.204s
[09-03 19:20:27] [PERF-DAY] 4주차 28일차 처리 0.579s (stype='휴식' | 그주마지막날=True | 경기있음=False | 부상=False)
[09-03 19:20:27] [진행 총계] 0.59초
[09-03 19:27:56] [PERF]   일정생성 세부: 아카이브이동 0.00s | 완비판정조회 0.01s | 기존경기dedup조회 0.00s | 일정계산 0.20s | INSERT+commit 0.35s | (대상리그 710개, 신규경기 201400건)
[09-03 19:27:57] [PERF]   인덱스재생성 0.37s
[09-03 19:28:29] [AI리그] 4주차 4527경기, OVR캐시 0→9054) 세부: 경기조회 0.016s | 시뮬루프 0.394s | executemany(4527건) 0.011s | teams반영+commit 0.029s
[09-03 19:28:29] [주 마무리] 4주차 0.45s (국제대회 0.00s | 챔스 0.00s | 클럽WC 0.00s | 국내컵 0.00s | 리그시뮬 0.45s)
[09-03 19:28:29] [PERF-WEEKTAIL] 4주차: _pay_salary 0.000s | _advance_week 0.157s
[09-03 19:28:29] [PERF-DAY] 4주차 28일차 처리 0.610s (stype='휴식' | 그주마지막날=True | 경기있음=False | 부상=False)
[09-03 19:28:29] [진행 총계] 0.62초
[09-03 19:28:30] [AI리그] 5주차 5771경기, OVR캐시 11263→11393) 세부: 경기조회 0.015s | 시뮬루프 0.173s | executemany(5771건) 0.014s | teams반영+commit 0.040s
[09-03 19:28:30] [주 마무리] 5주차 0.37s (국제대회 0.00s | 챔스 0.00s | 클럽WC 0.00s | 국내컵 0.13s | 리그시뮬 0.24s)
[09-03 19:28:30] [PERF-DAY] 5주차 35일차 처리 0.373s (stype='휴식' | 그주마지막날=True | 경기있음=False | 부상=False)
[09-03 19:28:30] [진행 총계] 0.38초
[09-03 19:28:30] [AI리그] 6주차 5734경기, OVR캐시 11393→11393) 세부: 경기조회 0.015s | 시뮬루프 0.153s | executemany(5734건) 0.014s | teams반영+commit 0.041s
[09-03 19:28:30] [주 마무리] 6주차 0.35s (국제대회 0.00s | 챔스 0.00s | 클럽WC 0.00s | 국내컵 0.12s | 리그시뮬 0.22s)
[09-03 19:28:30] [PERF-DAY] 6주차 42일차 처리 0.350s (stype='휴식' | 그주마지막날=True | 경기있음=False | 부상=False)
[09-03 19:28:30] [진행 총계] 0.35초
[09-03 19:28:31] [AI리그] 7주차 5801경기, OVR캐시 11393→11393) 세부: 경기조회 0.015s | 시뮬루프 0.156s | executemany(5801건) 0.013s | teams반영+commit 0.034s
[09-03 19:28:31] [주 마무리] 7주차 0.31s (국제대회 0.00s | 챔스 0.00s | 클럽WC 0.00s | 국내컵 0.09s | 리그시뮬 0.22s)
[09-03 19:28:31] [PERF-DAY] 7주차 49일차 처리 0.357s (stype='휴식' | 그주마지막날=True | 경기있음=False | 부상=False)
[09-03 19:28:31] [진행 총계] 0.36초
[09-03 19:28:31] [AI리그] 8주차 5757경기, OVR캐시 11393→11393) 세부: 경기조회 0.014s | 시뮬루프 0.156s | executemany(5757건) 0.013s | teams반영+commit 0.035s
[09-03 19:28:31] [주 마무리] 8주차 0.22s (국제대회 0.00s | 챔스 0.00s | 클럽WC 0.00s | 국내컵 0.00s | 리그시뮬 0.22s)
[09-03 19:28:31] [PERF-DAY] 8주차 56일차 처리 0.225s (stype='휴식' | 그주마지막날=True | 경기있음=False | 부상=False)
[09-03 19:28:31] [AI리그] 9주차 5731경기, OVR캐시 11393→11393) 세부: 경기조회 0.014s | 시뮬루프 0.150s | executemany(5731건) 0.013s | teams반영+commit 0.040s
[09-03 19:28:31] [주 마무리] 9주차 0.25s (국제대회 0.00s | 챔스 0.03s | 클럽WC 0.00s | 국내컵 0.00s | 리그시뮬 0.22s)
[09-03 19:28:31] [PERF-DAY] 9주차 63일차 처리 0.253s (stype='휴식' | 그주마지막날=True | 경기있음=False | 부상=False)
[09-03 19:28:31] [AI리그] 10주차 5766경기, OVR캐시 11393→11393) 세부: 경기조회 0.013s | 시뮬루프 0.161s | executemany(5766건) 0.013s | teams반영+commit 0.040s
[09-03 19:28:31] [주 마무리] 10주차 0.26s (국제대회 0.00s | 챔스 0.02s | 클럽WC 0.00s | 국내컵 0.00s | 리그시뮬 0.23s)
[09-03 19:28:31] [PERF-DAY] 10주차 70일차 처리 0.257s (stype='휴식' | 그주마지막날=True | 경기있음=False | 부상=False)
[09-03 19:28:32] [AI리그] 11주차 5618경기, OVR캐시 11393→11393) 세부: 경기조회 0.015s | 시뮬루프 0.167s | executemany(5618건) 0.014s | teams반영+commit 0.039s
[09-03 19:28:32] [주 마무리] 11주차 0.26s (국제대회 0.00s | 챔스 0.03s | 클럽WC 0.00s | 국내컵 0.00s | 리그시뮬 0.24s)
[09-03 19:28:32] [PERF-DAY] 11주차 77일차 처리 0.265s (stype='휴식' | 그주마지막날=True | 경기있음=False | 부상=True)
[09-03 19:28:32] [AI리그] 12주차 5609경기, OVR캐시 11393→11393) 세부: 경기조회 0.013s | 시뮬루프 0.148s | executemany(5609건) 0.013s | teams반영+commit 0.038s
[09-03 19:28:32] [주 마무리] 12주차 0.24s (국제대회 0.00s | 챔스 0.02s | 클럽WC 0.00s | 국내컵 0.00s | 리그시뮬 0.21s)
[09-03 19:28:32] [PERF-DAY] 12주차 84일차 처리 0.241s (stype='휴식' | 그주마지막날=True | 경기있음=False | 부상=True)
[09-03 19:28:32] [AI리그] 13주차 5233경기, OVR캐시 11393→11393) 세부: 경기조회 0.013s | 시뮬루프 0.141s | executemany(5233건) 0.013s | teams반영+commit 0.036s
[09-03 19:28:32] [주 마무리] 13주차 0.23s (국제대회 0.00s | 챔스 0.03s | 클럽WC 0.00s | 국내컵 0.00s | 리그시뮬 0.20s)
[09-03 19:28:32] [PERF-DAY] 13주차 91일차 처리 0.232s (stype='휴식' | 그주마지막날=True | 경기있음=False | 부상=True)
[09-03 19:28:33] [AI리그] 14주차 5527경기, OVR캐시 11393→11393) 세부: 경기조회 0.012s | 시뮬루프 0.145s | executemany(5527건) 0.013s | teams반영+commit 0.035s
[09-03 19:28:33] [주 마무리] 14주차 0.23s (국제대회 0.00s | 챔스 0.02s | 클럽WC 0.00s | 국내컵 0.00s | 리그시뮬 0.21s)
[09-03 19:28:33] [PERF-DAY] 14주차 98일차 처리 0.234s (stype='휴식' | 그주마지막날=True | 경기있음=False | 부상=True)
[09-03 19:28:33] [AI리그] 15주차 5747경기, OVR캐시 11393→11393) 세부: 경기조회 0.014s | 시뮬루프 0.162s | executemany(5747건) 0.014s | teams반영+commit 0.038s
[09-03 19:28:33] [주 마무리] 15주차 0.26s (국제대회 0.00s | 챔스 0.03s | 클럽WC 0.00s | 국내컵 0.00s | 리그시뮬 0.23s)
[09-03 19:28:33] [PERF-DAY] 15주차 105일차 처리 0.260s (stype='휴식' | 그주마지막날=True | 경기있음=False | 부상=True)
[09-03 19:28:33] [AI리그] 16주차 5732경기, OVR캐시 11393→11393) 세부: 경기조회 0.012s | 시뮬루프 0.154s | executemany(5732건) 0.013s | teams반영+commit 0.037s
[09-03 19:28:33] [주 마무리] 16주차 0.27s (국제대회 0.00s | 챔스 0.05s | 클럽WC 0.00s | 국내컵 0.00s | 리그시뮬 0.22s)
[09-03 19:28:33] [PERF-DAY] 16주차 112일차 처리 0.267s (stype='휴식' | 그주마지막날=True | 경기있음=False | 부상=False)
[09-03 19:28:34] [AI리그] 17주차 5482경기, OVR캐시 11393→11393) 세부: 경기조회 0.012s | 시뮬루프 0.146s | executemany(5482건) 0.013s | teams반영+commit 0.036s
[09-03 19:28:34] [주 마무리] 17주차 0.21s (국제대회 0.00s | 챔스 0.00s | 클럽WC 0.00s | 국내컵 0.00s | 리그시뮬 0.21s)
[09-03 19:28:34] [PERF-DAY] 17주차 119일차 처리 0.212s (stype='휴식' | 그주마지막날=True | 경기있음=False | 부상=False)
[09-03 19:28:34] [AI리그] 18주차 5384경기, OVR캐시 11393→11393) 세부: 경기조회 0.013s | 시뮬루프 0.148s | executemany(5384건) 0.012s | teams반영+commit 0.030s
[09-03 19:28:34] [주 마무리] 18주차 0.23s (국제대회 0.00s | 챔스 0.03s | 클럽WC 0.00s | 국내컵 0.00s | 리그시뮬 0.21s)
[09-03 19:28:34] [PERF-DAY] 18주차 126일차 처리 0.234s (stype='휴식' | 그주마지막날=True | 경기있음=False | 부상=False)
[09-03 19:28:34] [AI리그] 19주차 3886경기, OVR캐시 11393→11393) 세부: 경기조회 0.010s | 시뮬루프 0.103s | executemany(3886건) 0.009s | teams반영+commit 0.023s
[09-03 19:28:34] [주 마무리] 19주차 0.15s (국제대회 0.00s | 챔스 0.00s | 클럽WC 0.00s | 국내컵 0.00s | 리그시뮬 0.15s)
[09-03 19:28:34] [PERF-DAY] 19주차 133일차 처리 0.152s (stype='휴식' | 그주마지막날=True | 경기있음=False | 부상=False)
[09-03 19:28:34] [AI리그] 20주차 3343경기, OVR캐시 11393→11393) 세부: 경기조회 0.010s | 시뮬루프 0.090s | executemany(3343건) 0.008s | teams반영+commit 0.023s
[09-03 19:28:34] [주 마무리] 20주차 0.15s (국제대회 0.00s | 챔스 0.02s | 클럽WC 0.00s | 국내컵 0.00s | 리그시뮬 0.13s)
[09-03 19:28:34] [PERF-DAY] 20주차 140일차 처리 0.155s (stype='휴식' | 그주마지막날=True | 경기있음=False | 부상=False)
[09-03 19:28:35] [AI리그] 21주차 2934경기, OVR캐시 11393→11393) 세부: 경기조회 0.009s | 시뮬루프 0.080s | executemany(2934건) 0.007s | teams반영+commit 0.020s
[09-03 19:28:35] [주 마무리] 21주차 0.13s (국제대회 0.00s | 챔스 0.01s | 클럽WC 0.00s | 국내컵 0.00s | 리그시뮬 0.12s)
[09-03 19:28:35] [PERF-DAY] 21주차 147일차 처리 0.133s (stype='휴식' | 그주마지막날=True | 경기있음=False | 부상=False)
[09-03 19:28:35] [AI리그] 22주차 2779경기, OVR캐시 11393→11393) 세부: 경기조회 0.009s | 시뮬루프 0.088s | executemany(2779건) 0.007s | teams반영+commit 0.018s
[09-03 19:28:35] [주 마무리] 22주차 0.14s (국제대회 0.00s | 챔스 0.01s | 클럽WC 0.00s | 국내컵 0.00s | 리그시뮬 0.12s)
[09-03 19:28:35] [PERF-DAY] 22주차 154일차 처리 0.138s (stype='휴식' | 그주마지막날=True | 경기있음=False | 부상=False)
[09-03 19:28:35] [AI리그] 23주차 2291경기, OVR캐시 11393→11393) 세부: 경기조회 0.009s | 시뮬루프 0.064s | executemany(2291건) 0.006s | teams반영+commit 0.016s
[09-03 19:28:35] [주 마무리] 23주차 0.11s (국제대회 0.00s | 챔스 0.01s | 클럽WC 0.00s | 국내컵 0.00s | 리그시뮬 0.10s)
[09-03 19:28:35] [PERF-DAY] 23주차 161일차 처리 0.116s (stype='휴식' | 그주마지막날=True | 경기있음=False | 부상=False)
[09-03 19:28:35] [AI리그] 24주차 2602경기, OVR캐시 11393→11393) 세부: 경기조회 0.011s | 시뮬루프 0.060s | executemany(2602건) 0.006s | teams반영+commit 0.009s
[09-03 19:28:35] [주 마무리] 24주차 0.09s (국제대회 0.00s | 챔스 0.00s | 클럽WC 0.00s | 국내컵 0.00s | 리그시뮬 0.09s)
[09-03 19:28:35] [PERF-DAY] 24주차 168일차 처리 0.089s (stype='휴식' | 그주마지막날=True | 경기있음=False | 부상=False)
[09-03 19:28:36] [PERF-DAILYHOOK] 25주차 169일차: process_intl_week 0.453s | process_cwc_week 0.000s
[09-03 19:28:36] [PERF-DAY] 25주차 169일차 처리 0.455s (stype='고강도' | 그주마지막날=False | 경기있음=False | 부상=False)
[09-03 19:28:36] [진행 총계] 0.48초
[09-03 19:28:39] [PERF-WEEKTAIL] 28주차: _pay_salary 0.000s | _advance_week 2.718s
[09-03 19:28:39] [PERF-DAY] 28주차 196일차 처리 2.730s (stype='휴식' | 그주마지막날=True | 경기있음=False | 부상=False)
[09-03 19:28:39] [진행 총계] 2.74초
[09-03 19:28:39] [AI리그] 29주차 4943경기, OVR캐시 11393→11393) 세부: 경기조회 0.010s | 시뮬루프 0.133s | executemany(4943건) 0.012s | teams반영+commit 0.031s
[09-03 19:28:39] [주 마무리] 29주차 0.19s (국제대회 0.00s | 챔스 0.00s | 클럽WC 0.00s | 국내컵 0.00s | 리그시뮬 0.19s)
[09-03 19:28:39] [PERF-DAY] 29주차 203일차 처리 0.190s (stype='휴식' | 그주마지막날=True | 경기있음=False | 부상=False)
[09-03 19:28:39] [AI리그] 30주차 6683경기, OVR캐시 11393→11393) 세부: 경기조회 0.012s | 시뮬루프 0.165s | executemany(6683건) 0.015s | teams반영+commit 0.036s
[09-03 19:28:39] [주 마무리] 30주차 0.30s (국제대회 0.00s | 챔스 0.00s | 클럽WC 0.00s | 국내컵 0.07s | 리그시뮬 0.23s)
[09-03 19:28:39] [PERF-DAY] 30주차 210일차 처리 0.302s (stype='휴식' | 그주마지막날=True | 경기있음=False | 부상=False)
[09-03 19:28:39] [진행 총계] 0.31초
[09-03 19:28:40] [AI리그] 31주차 6722경기, OVR캐시 11393→11393) 세부: 경기조회 0.010s | 시뮬루프 0.163s | executemany(6722건) 0.015s | teams반영+commit 0.037s
[09-03 19:28:40] [주 마무리] 31주차 0.23s (국제대회 0.00s | 챔스 0.00s | 클럽WC 0.00s | 국내컵 0.00s | 리그시뮬 0.23s)
[09-03 19:28:40] [PERF-DAY] 31주차 217일차 처리 0.230s (stype='휴식' | 그주마지막날=True | 경기있음=False | 부상=False)
[09-03 19:28:40] [AI리그] 32주차 6569경기, OVR캐시 11393→11393) 세부: 경기조회 0.010s | 시뮬루프 0.173s | executemany(6569건) 0.015s | teams반영+commit 0.038s
[09-03 19:28:40] [주 마무리] 32주차 0.30s (국제대회 0.00s | 챔스 0.00s | 클럽WC 0.00s | 국내컵 0.06s | 리그시뮬 0.24s)
[09-03 19:28:40] [PERF-DAY] 32주차 224일차 처리 0.304s (stype='휴식' | 그주마지막날=True | 경기있음=False | 부상=False)
[09-03 19:28:40] [진행 총계] 0.31초
[09-03 19:28:40] [AI리그] 33주차 6949경기, OVR캐시 11393→11393) 세부: 경기조회 0.009s | 시뮬루프 0.164s | executemany(6949건) 0.016s | teams반영+commit 0.038s
[09-03 19:28:40] [주 마무리] 33주차 0.23s (국제대회 0.00s | 챔스 0.00s | 클럽WC 0.00s | 국내컵 0.00s | 리그시뮬 0.23s)
[09-03 19:28:40] [PERF-DAY] 33주차 231일차 처리 0.232s (stype='휴식' | 그주마지막날=True | 경기있음=False | 부상=False)
[09-03 19:28:41] [AI리그] 34주차 6515경기, OVR캐시 11393→11393) 세부: 경기조회 0.008s | 시뮬루프 0.167s | executemany(6515건) 0.015s | teams반영+commit 0.038s
[09-03 19:28:41] [주 마무리] 34주차 0.28s (국제대회 0.00s | 챔스 0.00s | 클럽WC 0.00s | 국내컵 0.05s | 리그시뮬 0.23s)
[09-03 19:28:41] [PERF-DAY] 34주차 238일차 처리 0.279s (stype='휴식' | 그주마지막날=True | 경기있음=False | 부상=False)
[09-03 19:28:41] [AI리그] 35주차 6888경기, OVR캐시 11393→11393) 세부: 경기조회 0.009s | 시뮬루프 0.164s | executemany(6888건) 0.015s | teams반영+commit 0.037s
[09-03 19:28:41] [주 마무리] 35주차 0.23s (국제대회 0.00s | 챔스 0.00s | 클럽WC 0.00s | 국내컵 0.00s | 리그시뮬 0.23s)
[09-03 19:28:41] [PERF-DAY] 35주차 245일차 처리 0.229s (stype='휴식' | 그주마지막날=True | 경기있음=False | 부상=False)
[09-03 19:28:41] [AI리그] 36주차 7137경기, OVR캐시 11393→11393) 세부: 경기조회 0.008s | 시뮬루프 0.172s | executemany(7137건) 0.016s | teams반영+commit 0.035s
[09-03 19:28:41] [주 마무리] 36주차 0.28s (국제대회 0.00s | 챔스 0.00s | 클럽WC 0.00s | 국내컵 0.05s | 리그시뮬 0.23s)
[09-03 19:28:41] [PERF-DAY] 36주차 252일차 처리 0.278s (stype='휴식' | 그주마지막날=True | 경기있음=False | 부상=False)
[09-03 19:28:42] [AI리그] 37주차 6556경기, OVR캐시 11393→11393) 세부: 경기조회 0.007s | 시뮬루프 0.160s | executemany(6556건) 0.013s | teams반영+commit 0.028s
[09-03 19:28:42] [주 마무리] 37주차 0.21s (국제대회 0.00s | 챔스 0.00s | 클럽WC 0.00s | 국내컵 0.00s | 리그시뮬 0.21s)
[09-03 19:28:42] [PERF-DAY] 37주차 259일차 처리 0.213s (stype='휴식' | 그주마지막날=True | 경기있음=False | 부상=False)
[09-03 19:28:42] [AI리그] 38주차 6730경기, OVR캐시 11393→11393) 세부: 경기조회 0.007s | 시뮬루프 0.162s | executemany(6730건) 0.014s | teams반영+commit 0.029s
[09-03 19:28:42] [주 마무리] 38주차 0.27s (국제대회 0.00s | 챔스 0.00s | 클럽WC 0.00s | 국내컵 0.06s | 리그시뮬 0.21s)
[09-03 19:28:42] [PERF-DAY] 38주차 266일차 처리 0.274s (stype='휴식' | 그주마지막날=True | 경기있음=False | 부상=False)
[09-03 19:28:42] [AI리그] 39주차 6855경기, OVR캐시 11393→11393) 세부: 경기조회 0.007s | 시뮬루프 0.170s | executemany(6855건) 0.015s | teams반영+commit 0.031s
[09-03 19:28:42] [주 마무리] 39주차 0.23s (국제대회 0.00s | 챔스 0.00s | 클럽WC 0.00s | 국내컵 0.00s | 리그시뮬 0.22s)
[09-03 19:28:42] [PERF-DAY] 39주차 273일차 처리 0.228s (stype='휴식' | 그주마지막날=True | 경기있음=False | 부상=False)
[09-03 19:28:43] [AI리그] 40주차 6844경기, OVR캐시 11393→11393) 세부: 경기조회 0.006s | 시뮬루프 0.164s | executemany(6844건) 0.014s | teams반영+commit 0.035s
[09-03 19:28:43] [주 마무리] 40주차 0.25s (국제대회 0.00s | 챔스 0.00s | 클럽WC 0.00s | 국내컵 0.02s | 리그시뮬 0.22s)
[09-03 19:28:43] [PERF-DAY] 40주차 280일차 처리 0.247s (stype='휴식' | 그주마지막날=True | 경기있음=False | 부상=False)
[09-03 19:28:43] [AI리그] 41주차 6841경기, OVR캐시 11393→11393) 세부: 경기조회 0.005s | 시뮬루프 0.164s | executemany(6841건) 0.015s | teams반영+commit 0.035s
[09-03 19:28:43] [주 마무리] 41주차 0.22s (국제대회 0.00s | 챔스 0.00s | 클럽WC 0.00s | 국내컵 0.00s | 리그시뮬 0.22s)
[09-03 19:28:43] [PERF-DAY] 41주차 287일차 처리 0.225s (stype='휴식' | 그주마지막날=True | 경기있음=False | 부상=False)
[09-03 19:28:43] [AI리그] 42주차 6742경기, OVR캐시 11393→11393) 세부: 경기조회 0.005s | 시뮬루프 0.158s | executemany(6742건) 0.014s | teams반영+commit 0.032s
[09-03 19:28:43] [주 마무리] 42주차 0.22s (국제대회 0.00s | 챔스 0.00s | 클럽WC 0.00s | 국내컵 0.01s | 리그시뮬 0.21s)
[09-03 19:28:43] [PERF-DAY] 42주차 294일차 처리 0.220s (stype='휴식' | 그주마지막날=True | 경기있음=False | 부상=False)
[09-03 19:28:45] [PERF-PROMO] _process_promotion_relegation 세부: my_player/season조회 0.001s | teams+leagues조회 0.012s | standings계산(710개리그) 0.284s | ai_players OVR스캔 0.210s | 승강판정루프(211개국) 0.025s | executemany(1210건) 0.014s | 리스케일(1210건) 0.330s | commit/close 0.315s | 캐시무효화 0.000s
[09-03 19:28:45] [PERF-SEASON] finalize_club_season 세부: finish_incomplete_matches=0.049s | promotion_relegation=1.199s
[09-03 19:28:45] [PERF-YEAR] 43주차(CLUB_SEASON_END_DAY) 세부: finalize_club_season=1.247s | promotion_playoffs=0.023s | PRAGMA optimize=0.025s
[09-03 19:28:45] [PERF-DAY] 43주차 300일차 처리 1.308s (stype='휴식' | 그주마지막날=False | 경기있음=False | 부상=False)
[09-03 19:28:45] [진행 총계] 1.33초
[09-03 19:28:45] [PERF-DAILYHOOK] 44주차 306일차: process_po_week 0.064s
[09-03 19:28:45] [PERF-DAY] 44주차 306일차 처리 0.065s (stype='고강도' | 그주마지막날=False | 경기있음=False | 부상=False)
[09-03 19:28:45] [PERF-DAILYHOOK] 46주차 316일차: process_intl_week 0.153s | process_cwc_week 0.000s
[09-03 19:28:45] [PERF-DAY] 46주차 316일차 처리 0.154s (stype='고강도' | 그주마지막날=False | 경기있음=False | 부상=False)
[09-03 19:28:45] [PERF-DAILYHOOK] 46주차 317일차: process_intl_week 0.135s | process_cwc_week 0.000s
[09-03 19:28:45] [PERF-DAY] 46주차 317일차 처리 0.136s (stype='휴식' | 그주마지막날=False | 경기있음=False | 부상=False)
[09-03 19:28:45] [PERF-DAILYHOOK] 46주차 318일차: process_intl_week 0.153s | process_cwc_week 0.000s
[09-03 19:28:45] [PERF-DAY] 46주차 318일차 처리 0.154s (stype='고강도' | 그주마지막날=False | 경기있음=False | 부상=False)
[09-03 19:28:45] [PERF-DAILYHOOK] 46주차 319일차: process_intl_week 0.147s | process_cwc_week 0.000s
[09-03 19:28:45] [PERF-DAY] 46주차 319일차 처리 0.149s (stype='휴식' | 그주마지막날=False | 경기있음=False | 부상=False)
[09-03 19:28:45] [진행 총계] 0.62초
[09-03 19:29:20] [PERF]   _end_of_season 세부: AI생애주기 34.04s (승강제 타이밍은 43주 _finalize_club_season으로 이동 — 여기 안 잡힘)
[09-03 19:29:21] [PERF]   일정생성 세부: 아카이브이동 0.74s | 완비판정조회 0.01s | 기존경기dedup조회 0.00s | 일정계산 0.20s | INSERT+commit 0.37s | (대상리그 710개, 신규경기 201400건)
[09-03 19:29:22] [PERF]   인덱스재생성 0.35s
[09-03 19:29:24] [PERF] 연도전환 총 37.62s (커리어정리 0.00s | _end_of_season 34.05s | 일정생성 1.67s | 파워랭킹 1.88s | PRAGMA optimize 0.02s)
[09-03 19:29:24] [PERF-WEEKTAIL] 52주차: _pay_salary 0.000s | _advance_week 37.621s
[09-03 19:29:24] [PERF-DAY] 52주차 364일차 처리 37.623s (stype='휴식' | 그주마지막날=True | 경기있음=False | 부상=False)
[09-03 19:29:24] [진행 총계] 37.63초
[09-03 19:29:24] [AI리그] 4주차 4527경기, OVR캐시 0→9054) 세부: 경기조회 0.015s | 시뮬루프 0.316s | executemany(4527건) 0.010s | teams반영+commit 0.025s
[09-03 19:29:24] [주 마무리] 4주차 0.37s (국제대회 0.00s | 챔스 0.00s | 클럽WC 0.00s | 국내컵 0.00s | 리그시뮬 0.37s)
[09-03 19:29:25] [PERF-WEEKTAIL] 4주차: _pay_salary 0.000s | _advance_week 0.176s
[09-03 19:29:25] [PERF-DAY] 4주차 28일차 처리 0.546s (stype='휴식' | 그주마지막날=True | 경기있음=False | 부상=False)
[09-03 19:29:25] [진행 총계] 0.55초
[09-03 19:29:25] [AI리그] 5주차 5771경기, OVR캐시 11263→11393) 세부: 경기조회 0.016s | 시뮬루프 0.068s | executemany(5771건) 0.013s | teams반영+commit 0.038s
[09-03 19:29:25] [주 마무리] 5주차 0.26s (국제대회 0.00s | 챔스 0.00s | 클럽WC 0.00s | 국내컵 0.12s | 리그시뮬 0.14s)
[09-03 19:29:25] [PERF-DAY] 5주차 35일차 처리 0.262s (stype='휴식' | 그주마지막날=True | 경기있음=False | 부상=False)
[09-03 19:29:25] [AI리그] 6주차 5734경기, OVR캐시 11393→11393) 세부: 경기조회 0.015s | 시뮬루프 0.043s | executemany(5734건) 0.012s | teams반영+commit 0.040s
[09-03 19:29:25] [주 마무리] 6주차 0.23s (국제대회 0.00s | 챔스 0.00s | 클럽WC 0.00s | 국내컵 0.12s | 리그시뮬 0.11s)
[09-03 19:29:25] [PERF-DAY] 6주차 42일차 처리 0.232s (stype='휴식' | 그주마지막날=True | 경기있음=False | 부상=False)
[09-03 19:29:26] [AI리그] 7주차 5801경기, OVR캐시 11393→11393) 세부: 경기조회 0.014s | 시뮬루프 0.050s | executemany(5801건) 0.013s | teams반영+commit 0.041s
[09-03 19:29:26] [주 마무리] 7주차 0.21s (국제대회 0.00s | 챔스 0.00s | 클럽WC 0.00s | 국내컵 0.09s | 리그시뮬 0.12s)
[09-03 19:29:26] [PERF-DAY] 7주차 49일차 처리 0.278s (stype='휴식' | 그주마지막날=True | 경기있음=False | 부상=False)
[09-03 19:29:26] [AI리그] 8주차 5757경기, OVR캐시 11393→11393) 세부: 경기조회 0.016s | 시뮬루프 0.057s | executemany(5757건) 0.013s | teams반영+commit 0.041s
[09-03 19:29:26] [주 마무리] 8주차 0.13s (국제대회 0.00s | 챔스 0.00s | 클럽WC 0.00s | 국내컵 0.00s | 리그시뮬 0.13s)
[09-03 19:29:26] [PERF-DAY] 8주차 56일차 처리 0.133s (stype='휴식' | 그주마지막날=True | 경기있음=False | 부상=False)
[09-03 19:29:26] [AI리그] 9주차 5731경기, OVR캐시 11393→11393) 세부: 경기조회 0.014s | 시뮬루프 0.044s | executemany(5731건) 0.011s | teams반영+commit 0.032s
[09-03 19:29:26] [주 마무리] 9주차 0.13s (국제대회 0.00s | 챔스 0.03s | 클럽WC 0.00s | 국내컵 0.00s | 리그시뮬 0.10s)
[09-03 19:29:26] [PERF-DAY] 9주차 63일차 처리 0.135s (stype='휴식' | 그주마지막날=True | 경기있음=False | 부상=False)
[09-03 19:29:26] [AI리그] 10주차 5766경기, OVR캐시 11393→11393) 세부: 경기조회 0.015s | 시뮬루프 0.048s | executemany(5766건) 0.012s | teams반영+commit 0.033s
[09-03 19:29:26] [주 마무리] 10주차 0.14s (국제대회 0.00s | 챔스 0.02s | 클럽WC 0.00s | 국내컵 0.00s | 리그시뮬 0.11s)
[09-03 19:29:26] [PERF-DAY] 10주차 70일차 처리 0.137s (stype='휴식' | 그주마지막날=True | 경기있음=False | 부상=False)
[09-03 19:29:27] [AI리그] 11주차 5618경기, OVR캐시 11393→11393) 세부: 경기조회 0.014s | 시뮬루프 0.043s | executemany(5618건) 0.012s | teams반영+commit 0.033s
[09-03 19:29:27] [주 마무리] 11주차 0.13s (국제대회 0.00s | 챔스 0.02s | 클럽WC 0.00s | 국내컵 0.00s | 리그시뮬 0.10s)
[09-03 19:29:27] [PERF-DAY] 11주차 77일차 처리 0.131s (stype='휴식' | 그주마지막날=True | 경기있음=False | 부상=False)
[09-03 19:29:27] [AI리그] 12주차 5609경기, OVR캐시 11393→11393) 세부: 경기조회 0.013s | 시뮬루프 0.044s | executemany(5609건) 0.012s | teams반영+commit 0.034s
[09-03 19:29:27] [주 마무리] 12주차 0.13s (국제대회 0.00s | 챔스 0.02s | 클럽WC 0.00s | 국내컵 0.00s | 리그시뮬 0.10s)
[09-03 19:29:27] [PERF-DAY] 12주차 84일차 처리 0.131s (stype='휴식' | 그주마지막날=True | 경기있음=False | 부상=False)
[09-03 19:29:27] [AI리그] 13주차 5233경기, OVR캐시 11393→11393) 세부: 경기조회 0.018s | 시뮬루프 0.042s | executemany(5233건) 0.012s | teams반영+commit 0.036s
[09-03 19:29:27] [주 마무리] 13주차 0.14s (국제대회 0.00s | 챔스 0.02s | 클럽WC 0.00s | 국내컵 0.00s | 리그시뮬 0.11s)
[09-03 19:29:27] [PERF-DAY] 13주차 91일차 처리 0.136s (stype='휴식' | 그주마지막날=True | 경기있음=False | 부상=False)
[09-03 19:29:27] [AI리그] 14주차 5527경기, OVR캐시 11393→11393) 세부: 경기조회 0.012s | 시뮬루프 0.041s | executemany(5527건) 0.012s | teams반영+commit 0.034s
[09-03 19:29:27] [주 마무리] 14주차 0.13s (국제대회 0.00s | 챔스 0.02s | 클럽WC 0.00s | 국내컵 0.00s | 리그시뮬 0.10s)
[09-03 19:29:27] [PERF-DAY] 14주차 98일차 처리 0.129s (stype='휴식' | 그주마지막날=True | 경기있음=False | 부상=False)
[09-03 19:29:27] [AI리그] 15주차 5747경기, OVR캐시 11393→11393) 세부: 경기조회 0.013s | 시뮬루프 0.050s | executemany(5747건) 0.012s | teams반영+commit 0.033s
[09-03 19:29:27] [주 마무리] 15주차 0.14s (국제대회 0.00s | 챔스 0.03s | 클럽WC 0.00s | 국내컵 0.00s | 리그시뮬 0.11s)
[09-03 19:29:27] [PERF-DAY] 15주차 105일차 처리 0.140s (stype='휴식' | 그주마지막날=True | 경기있음=False | 부상=False)
[09-03 19:29:28] [AI리그] 16주차 5732경기, OVR캐시 11393→11393) 세부: 경기조회 0.013s | 시뮬루프 0.051s | executemany(5732건) 0.013s | teams반영+commit 0.040s
[09-03 19:29:28] [주 마무리] 16주차 0.17s (국제대회 0.00s | 챔스 0.05s | 클럽WC 0.00s | 국내컵 0.00s | 리그시뮬 0.12s)
[09-03 19:29:28] [PERF-DAY] 16주차 112일차 처리 0.173s (stype='휴식' | 그주마지막날=True | 경기있음=False | 부상=False)
[09-03 19:29:28] [AI리그] 17주차 5482경기, OVR캐시 11393→11393) 세부: 경기조회 0.012s | 시뮬루프 0.053s | executemany(5482건) 0.013s | teams반영+commit 0.037s
[09-03 19:29:28] [주 마무리] 17주차 0.12s (국제대회 0.00s | 챔스 0.00s | 클럽WC 0.00s | 국내컵 0.00s | 리그시뮬 0.12s)
[09-03 19:29:28] [PERF-DAY] 17주차 119일차 처리 0.122s (stype='휴식' | 그주마지막날=True | 경기있음=False | 부상=False)
[09-03 19:29:28] [AI리그] 18주차 5384경기, OVR캐시 11393→11393) 세부: 경기조회 0.011s | 시뮬루프 0.041s | executemany(5384건) 0.013s | teams반영+commit 0.036s
[09-03 19:29:28] [주 마무리] 18주차 0.13s (국제대회 0.00s | 챔스 0.03s | 클럽WC 0.00s | 국내컵 0.00s | 리그시뮬 0.10s)
[09-03 19:29:28] [PERF-DAY] 18주차 126일차 처리 0.131s (stype='휴식' | 그주마지막날=True | 경기있음=False | 부상=False)
[09-03 19:29:28] [AI리그] 19주차 3886경기, OVR캐시 11393→11393) 세부: 경기조회 0.010s | 시뮬루프 0.032s | executemany(3886건) 0.011s | teams반영+commit 0.033s
[09-03 19:29:28] [주 마무리] 19주차 0.09s (국제대회 0.00s | 챔스 0.00s | 클럽WC 0.00s | 국내컵 0.00s | 리그시뮬 0.09s)
[09-03 19:29:28] [PERF-DAY] 19주차 133일차 처리 0.095s (stype='휴식' | 그주마지막날=True | 경기있음=False | 부상=False)
[09-03 19:29:28] [AI리그] 20주차 3343경기, OVR캐시 11393→11393) 세부: 경기조회 0.010s | 시뮬루프 0.026s | executemany(3343건) 0.007s | teams반영+commit 0.021s
[09-03 19:29:28] [주 마무리] 20주차 0.09s (국제대회 0.00s | 챔스 0.02s | 클럽WC 0.00s | 국내컵 0.00s | 리그시뮬 0.07s)
[09-03 19:29:28] [PERF-DAY] 20주차 140일차 처리 0.088s (stype='휴식' | 그주마지막날=True | 경기있음=False | 부상=False)
[09-03 19:29:29] [AI리그] 21주차 2934경기, OVR캐시 11393→11393) 세부: 경기조회 0.014s | 시뮬루프 0.035s | executemany(2934건) 0.007s | teams반영+commit 0.018s
[09-03 19:29:29] [주 마무리] 21주차 0.09s (국제대회 0.00s | 챔스 0.01s | 클럽WC 0.00s | 국내컵 0.00s | 리그시뮬 0.08s)
[09-03 19:29:29] [PERF-DAY] 21주차 147일차 처리 0.092s (stype='휴식' | 그주마지막날=True | 경기있음=False | 부상=False)
[09-03 19:29:29] [AI리그] 22주차 2779경기, OVR캐시 11393→11393) 세부: 경기조회 0.009s | 시뮬루프 0.022s | executemany(2779건) 0.007s | teams반영+commit 0.018s
[09-03 19:29:29] [주 마무리] 22주차 0.07s (국제대회 0.00s | 챔스 0.01s | 클럽WC 0.00s | 국내컵 0.00s | 리그시뮬 0.06s)
[09-03 19:29:29] [PERF-DAY] 22주차 154일차 처리 0.069s (stype='휴식' | 그주마지막날=True | 경기있음=False | 부상=False)
[09-03 19:29:29] [주 마무리] 23주차 0.06s (국제대회 0.00s | 챔스 0.01s | 클럽WC 0.00s | 국내컵 0.00s | 리그시뮬 0.05s)
[09-03 19:29:29] [PERF-DAY] 23주차 161일차 처리 0.071s (stype='휴식' | 그주마지막날=True | 경기있음=False | 부상=False)
[09-03 19:29:30] [PERF-DAILYHOOK] 25주차 169일차: process_intl_week 0.589s | process_cwc_week 0.000s
[09-03 19:29:30] [PERF-DAY] 25주차 169일차 처리 0.591s (stype='고강도' | 그주마지막날=False | 경기있음=False | 부상=False)
[09-03 19:29:30] [진행 총계] 0.63초
[09-03 19:29:30] [PERF-DAILYHOOK] 27주차 189일차: process_intl_week 0.055s | process_cwc_week 0.000s
[09-03 19:29:30] [PERF-DAY] 27주차 189일차 처리 0.065s (stype='휴식' | 그주마지막날=True | 경기있음=False | 부상=False)
[09-03 19:29:33] [PERF-WEEKTAIL] 28주차: _pay_salary 0.000s | _advance_week 2.797s
[09-03 19:29:33] [PERF-DAY] 28주차 196일차 처리 2.806s (stype='휴식' | 그주마지막날=True | 경기있음=False | 부상=False)
[09-03 19:29:33] [진행 총계] 2.81초
[09-03 19:29:33] [AI리그] 29주차 4943경기, OVR캐시 11393→11393) 세부: 경기조회 0.011s | 시뮬루프 0.040s | executemany(4943건) 0.012s | teams반영+commit 0.030s
[09-03 19:29:33] [주 마무리] 29주차 0.10s (국제대회 0.00s | 챔스 0.00s | 클럽WC 0.00s | 국내컵 0.00s | 리그시뮬 0.09s)
[09-03 19:29:33] [PERF-DAY] 29주차 203일차 처리 0.096s (stype='휴식' | 그주마지막날=True | 경기있음=False | 부상=False)
[09-03 19:29:33] [AI리그] 30주차 6683경기, OVR캐시 11393→11393) 세부: 경기조회 0.011s | 시뮬루프 0.048s | executemany(6683건) 0.015s | teams반영+commit 0.035s
[09-03 19:29:33] [주 마무리] 30주차 0.18s (국제대회 0.00s | 챔스 0.00s | 클럽WC 0.00s | 국내컵 0.07s | 리그시뮬 0.11s)
[09-03 19:29:33] [PERF-DAY] 30주차 210일차 처리 0.180s (stype='휴식' | 그주마지막날=True | 경기있음=False | 부상=False)
[09-03 19:29:34] [AI리그] 31주차 6722경기, OVR캐시 11393→11393) 세부: 경기조회 0.011s | 시뮬루프 0.060s | executemany(6722건) 0.016s | teams반영+commit 0.039s
[09-03 19:29:34] [주 마무리] 31주차 0.13s (국제대회 0.00s | 챔스 0.00s | 클럽WC 0.00s | 국내컵 0.00s | 리그시뮬 0.13s)
[09-03 19:29:34] [PERF-DAY] 31주차 217일차 처리 0.130s (stype='휴식' | 그주마지막날=True | 경기있음=False | 부상=False)
[09-03 19:29:34] [AI리그] 32주차 6569경기, OVR캐시 11393→11393) 세부: 경기조회 0.009s | 시뮬루프 0.049s | executemany(6569건) 0.015s | teams반영+commit 0.038s
[09-03 19:29:34] [주 마무리] 32주차 0.18s (국제대회 0.00s | 챔스 0.00s | 클럽WC 0.00s | 국내컵 0.07s | 리그시뮬 0.11s)
[09-03 19:29:34] [PERF-DAY] 32주차 224일차 처리 0.181s (stype='휴식' | 그주마지막날=True | 경기있음=False | 부상=False)
[09-03 19:29:34] [AI리그] 33주차 6949경기, OVR캐시 11393→11393) 세부: 경기조회 0.010s | 시뮬루프 0.049s | executemany(6949건) 0.015s | teams반영+commit 0.038s
[09-03 19:29:34] [주 마무리] 33주차 0.12s (국제대회 0.00s | 챔스 0.00s | 클럽WC 0.00s | 국내컵 0.00s | 리그시뮬 0.12s)
[09-03 19:29:34] [PERF-DAY] 33주차 231일차 처리 0.118s (stype='휴식' | 그주마지막날=True | 경기있음=False | 부상=False)
[09-03 19:29:34] [AI리그] 34주차 6515경기, OVR캐시 11393→11393) 세부: 경기조회 0.009s | 시뮬루프 0.048s | executemany(6515건) 0.014s | teams반영+commit 0.036s
[09-03 19:29:34] [주 마무리] 34주차 0.16s (국제대회 0.00s | 챔스 0.00s | 클럽WC 0.00s | 국내컵 0.05s | 리그시뮬 0.11s)
[09-03 19:29:34] [PERF-DAY] 34주차 238일차 처리 0.160s (stype='휴식' | 그주마지막날=True | 경기있음=False | 부상=False)
[09-03 19:29:35] [AI리그] 35주차 6888경기, OVR캐시 11393→11393) 세부: 경기조회 0.009s | 시뮬루프 0.049s | executemany(6888건) 0.015s | teams반영+commit 0.032s
[09-03 19:29:35] [주 마무리] 35주차 0.11s (국제대회 0.00s | 챔스 0.00s | 클럽WC 0.00s | 국내컵 0.00s | 리그시뮬 0.11s)
[09-03 19:29:35] [PERF-DAY] 35주차 245일차 처리 0.109s (stype='휴식' | 그주마지막날=True | 경기있음=False | 부상=True)
[09-03 19:29:35] [AI리그] 36주차 7137경기, OVR캐시 11393→11393) 세부: 경기조회 0.008s | 시뮬루프 0.050s | executemany(7137건) 0.014s | teams반영+commit 0.028s
[09-03 19:29:35] [주 마무리] 36주차 0.15s (국제대회 0.00s | 챔스 0.00s | 클럽WC 0.00s | 국내컵 0.04s | 리그시뮬 0.10s)
[09-03 19:29:35] [PERF-DAY] 36주차 252일차 처리 0.149s (stype='휴식' | 그주마지막날=True | 경기있음=False | 부상=True)
[09-03 19:29:35] [AI리그] 37주차 6556경기, OVR캐시 11393→11393) 세부: 경기조회 0.007s | 시뮬루프 0.047s | executemany(6556건) 0.013s | teams반영+commit 0.030s
[09-03 19:29:35] [주 마무리] 37주차 0.10s (국제대회 0.00s | 챔스 0.00s | 클럽WC 0.00s | 국내컵 0.00s | 리그시뮬 0.10s)
[09-03 19:29:35] [PERF-DAY] 37주차 259일차 처리 0.101s (stype='휴식' | 그주마지막날=True | 경기있음=False | 부상=True)
[09-03 19:29:35] [AI리그] 38주차 6730경기, OVR캐시 11393→11393) 세부: 경기조회 0.007s | 시뮬루프 0.048s | executemany(6730건) 0.015s | teams반영+commit 0.040s
[09-03 19:29:35] [주 마무리] 38주차 0.17s (국제대회 0.00s | 챔스 0.00s | 클럽WC 0.00s | 국내컵 0.06s | 리그시뮬 0.11s)
[09-03 19:29:35] [PERF-DAY] 38주차 266일차 처리 0.176s (stype='휴식' | 그주마지막날=True | 경기있음=False | 부상=False)
[09-03 19:29:36] [AI리그] 39주차 6855경기, OVR캐시 11393→11393) 세부: 경기조회 0.008s | 시뮬루프 0.050s | executemany(6855건) 0.017s | teams반영+commit 0.046s
[09-03 19:29:36] [주 마무리] 39주차 0.13s (국제대회 0.00s | 챔스 0.00s | 클럽WC 0.00s | 국내컵 0.00s | 리그시뮬 0.13s)
[09-03 19:29:36] [PERF-DAY] 39주차 273일차 처리 0.127s (stype='휴식' | 그주마지막날=True | 경기있음=False | 부상=False)
[09-03 19:29:36] [AI리그] 40주차 6844경기, OVR캐시 11393→11393) 세부: 경기조회 0.008s | 시뮬루프 0.058s | executemany(6844건) 0.016s | teams반영+commit 0.038s
[09-03 19:29:36] [주 마무리] 40주차 0.15s (국제대회 0.00s | 챔스 0.00s | 클럽WC 0.00s | 국내컵 0.03s | 리그시뮬 0.12s)
[09-03 19:29:36] [PERF-DAY] 40주차 280일차 처리 0.152s (stype='휴식' | 그주마지막날=True | 경기있음=False | 부상=False)
[09-03 19:29:36] [AI리그] 41주차 6841경기, OVR캐시 11393→11393) 세부: 경기조회 0.006s | 시뮬루프 0.050s | executemany(6841건) 0.015s | teams반영+commit 0.037s
[09-03 19:29:36] [주 마무리] 41주차 0.11s (국제대회 0.00s | 챔스 0.00s | 클럽WC 0.00s | 국내컵 0.00s | 리그시뮬 0.11s)
[09-03 19:29:36] [PERF-DAY] 41주차 287일차 처리 0.113s (stype='휴식' | 그주마지막날=True | 경기있음=False | 부상=False)
[09-03 19:29:36] [AI리그] 42주차 6742경기, OVR캐시 11393→11393) 세부: 경기조회 0.006s | 시뮬루프 0.047s | executemany(6742건) 0.015s | teams반영+commit 0.034s
[09-03 19:29:36] [주 마무리] 42주차 0.11s (국제대회 0.00s | 챔스 0.00s | 클럽WC 0.00s | 국내컵 0.01s | 리그시뮬 0.10s)
[09-03 19:29:36] [PERF-DAY] 42주차 294일차 처리 0.111s (stype='휴식' | 그주마지막날=True | 경기있음=False | 부상=False)
[09-03 19:29:38] [PERF-PROMO] _process_promotion_relegation 세부: my_player/season조회 0.001s | teams+leagues조회 0.012s | standings계산(710개리그) 0.295s | ai_players OVR스캔 0.240s | 승강판정루프(211개국) 0.034s | executemany(1212건) 0.021s | 리스케일(1212건) 0.364s | commit/close 0.345s | 캐시무효화 0.000s
[09-03 19:29:38] [PERF-SEASON] finalize_club_season 세부: finish_incomplete_matches=0.047s | promotion_relegation=1.322s
[09-03 19:29:38] [PERF-YEAR] 43주차(CLUB_SEASON_END_DAY) 세부: finalize_club_season=1.369s | promotion_playoffs=0.025s | PRAGMA optimize=0.001s
[09-03 19:29:38] [PERF-DAY] 43주차 300일차 처리 1.408s (stype='휴식' | 그주마지막날=False | 경기있음=False | 부상=False)
[09-03 19:29:38] [진행 총계] 1.44초
[09-03 19:29:38] [PERF-DAY] 44주차 302일차 처리 0.050s (stype='고강도' | 그주마지막날=False | 경기있음=False | 부상=False)
[09-03 19:29:38] [PERF-DAY] 44주차 304일차 처리 0.051s (stype='고강도' | 그주마지막날=False | 경기있음=False | 부상=False)
[09-03 19:29:38] [PERF-DAILYHOOK] 44주차 306일차: process_po_week 0.072s
[09-03 19:29:38] [PERF-DAY] 44주차 306일차 처리 0.074s (stype='고강도' | 그주마지막날=False | 경기있음=False | 부상=False)
[09-03 19:29:39] [PERF-DAILYHOOK] 46주차 316일차: process_intl_week 0.635s | process_cwc_week 0.000s
[09-03 19:29:39] [PERF-DAY] 46주차 316일차 처리 0.636s (stype='고강도' | 그주마지막날=False | 경기있음=False | 부상=False)
[09-03 19:29:39] [PERF-DAILYHOOK] 46주차 317일차: process_intl_week 0.127s | process_cwc_week 0.000s
[09-03 19:29:39] [PERF-DAY] 46주차 317일차 처리 0.128s (stype='휴식' | 그주마지막날=False | 경기있음=False | 부상=False)
[09-03 19:29:39] [PERF-DAILYHOOK] 46주차 320일차: process_intl_week 0.096s | process_cwc_week 0.000s
[09-03 19:29:39] [PERF-DAY] 46주차 320일차 처리 0.097s (stype='고강도' | 그주마지막날=False | 경기있음=False | 부상=False)
[09-03 19:29:39] [진행 총계] 0.91초
[09-03 19:30:16] [PERF]   _end_of_season 세부: AI생애주기 36.40s (승강제 타이밍은 43주 _finalize_club_season으로 이동 — 여기 안 잡힘)
[09-03 19:30:17] [PERF]   일정생성 세부: 아카이브이동 0.81s | 완비판정조회 0.01s | 기존경기dedup조회 0.00s | 일정계산 0.21s | INSERT+commit 0.36s | (대상리그 710개, 신규경기 201400건)
[09-03 19:30:18] [PERF]   인덱스재생성 0.35s
[09-03 19:30:19] [PERF] 연도전환 총 39.71s (커리어정리 0.00s | _end_of_season 36.41s | 일정생성 1.74s | 파워랭킹 1.56s | PRAGMA optimize 0.00s)
[09-03 19:30:19] [PERF-WEEKTAIL] 52주차: _pay_salary 0.000s | _advance_week 39.706s
[09-03 19:30:19] [PERF-DAY] 52주차 364일차 처리 39.707s (stype='휴식' | 그주마지막날=True | 경기있음=False | 부상=False)
[09-03 19:30:19] [진행 총계] 39.71초
[09-03 19:30:20] [AI리그] 4주차 4527경기, OVR캐시 0→9054) 세부: 경기조회 0.015s | 시뮬루프 0.318s | executemany(4527건) 0.010s | teams반영+commit 0.025s
[09-03 19:30:20] [주 마무리] 4주차 0.37s (국제대회 0.00s | 챔스 0.00s | 클럽WC 0.00s | 국내컵 0.00s | 리그시뮬 0.37s)
[09-03 19:30:20] [PERF-WEEKTAIL] 4주차: _pay_salary 0.000s | _advance_week 0.202s
[09-03 19:30:20] [PERF-DAY] 4주차 28일차 처리 0.574s (stype='휴식' | 그주마지막날=True | 경기있음=False | 부상=False)
[09-03 19:30:20] [진행 총계] 0.58초
[09-03 19:30:21] [AI리그] 5주차 5771경기, OVR캐시 11263→11393) 세부: 경기조회 0.018s | 시뮬루프 0.080s | executemany(5771건) 0.013s | teams반영+commit 0.039s
[09-03 19:30:21] [주 마무리] 5주차 0.28s (국제대회 0.00s | 챔스 0.00s | 클럽WC 0.00s | 국내컵 0.13s | 리그시뮬 0.15s)
[09-03 19:30:21] [PERF-DAY] 5주차 35일차 처리 0.283s (stype='휴식' | 그주마지막날=True | 경기있음=False | 부상=False)
[09-03 19:30:21] [AI리그] 6주차 5734경기, OVR캐시 11393→11393) 세부: 경기조회 0.015s | 시뮬루프 0.044s | executemany(5734건) 0.012s | teams반영+commit 0.037s
[09-03 19:30:21] [주 마무리] 6주차 0.23s (국제대회 0.00s | 챔스 0.00s | 클럽WC 0.00s | 국내컵 0.12s | 리그시뮬 0.11s)
[09-03 19:30:21] [PERF-DAY] 6주차 42일차 처리 0.231s (stype='휴식' | 그주마지막날=True | 경기있음=False | 부상=False)
[09-03 19:30:21] [AI리그] 7주차 5801경기, OVR캐시 11393→11393) 세부: 경기조회 0.015s | 시뮬루프 0.054s | executemany(5801건) 0.013s | teams반영+commit 0.040s
[09-03 19:30:21] [주 마무리] 7주차 0.22s (국제대회 0.00s | 챔스 0.00s | 클럽WC 0.00s | 국내컵 0.09s | 리그시뮬 0.12s)
[09-03 19:30:22] [PERF-DAY] 7주차 49일차 처리 0.295s (stype='휴식' | 그주마지막날=True | 경기있음=False | 부상=False)
[09-03 19:30:22] [진행 총계] 0.30초
[09-03 19:30:22] [AI리그] 8주차 5757경기, OVR캐시 11393→11393) 세부: 경기조회 0.015s | 시뮬루프 0.043s | executemany(5757건) 0.013s | teams반영+commit 0.041s
[09-03 19:30:22] [주 마무리] 8주차 0.12s (국제대회 0.00s | 챔스 0.00s | 클럽WC 0.00s | 국내컵 0.00s | 리그시뮬 0.11s)
[09-03 19:30:22] [PERF-DAY] 8주차 56일차 처리 0.120s (stype='휴식' | 그주마지막날=True | 경기있음=False | 부상=False)
[09-03 19:30:22] [AI리그] 9주차 5731경기, OVR캐시 11393→11393) 세부: 경기조회 0.014s | 시뮬루프 0.050s | executemany(5731건) 0.013s | teams반영+commit 0.040s
[09-03 19:30:22] [주 마무리] 9주차 0.15s (국제대회 0.00s | 챔스 0.03s | 클럽WC 0.00s | 국내컵 0.00s | 리그시뮬 0.12s)
[09-03 19:30:22] [PERF-DAY] 9주차 63일차 처리 0.153s (stype='휴식' | 그주마지막날=True | 경기있음=False | 부상=False)
[09-03 19:30:22] [AI리그] 10주차 5766경기, OVR캐시 11393→11393) 세부: 경기조회 0.014s | 시뮬루프 0.044s | executemany(5766건) 0.013s | teams반영+commit 0.039s
[09-03 19:30:22] [주 마무리] 10주차 0.14s (국제대회 0.00s | 챔스 0.02s | 클럽WC 0.00s | 국내컵 0.00s | 리그시뮬 0.11s)
[09-03 19:30:22] [PERF-DAY] 10주차 70일차 처리 0.139s (stype='휴식' | 그주마지막날=True | 경기있음=False | 부상=False)
[09-03 19:30:22] [AI리그] 11주차 5618경기, OVR캐시 11393→11393) 세부: 경기조회 0.014s | 시뮬루프 0.043s | executemany(5618건) 0.012s | teams반영+commit 0.037s
[09-03 19:30:22] [주 마무리] 11주차 0.14s (국제대회 0.00s | 챔스 0.03s | 클럽WC 0.00s | 국내컵 0.00s | 리그시뮬 0.11s)
[09-03 19:30:22] [PERF-DAY] 11주차 77일차 처리 0.137s (stype='휴식' | 그주마지막날=True | 경기있음=False | 부상=False)
[09-03 19:30:23] [AI리그] 12주차 5609경기, OVR캐시 11393→11393) 세부: 경기조회 0.014s | 시뮬루프 0.047s | executemany(5609건) 0.012s | teams반영+commit 0.037s
[09-03 19:30:23] [주 마무리] 12주차 0.14s (국제대회 0.00s | 챔스 0.02s | 클럽WC 0.00s | 국내컵 0.00s | 리그시뮬 0.11s)
[09-03 19:30:23] [PERF-DAY] 12주차 84일차 처리 0.140s (stype='휴식' | 그주마지막날=True | 경기있음=False | 부상=False)
[09-03 19:30:23] [AI리그] 13주차 5233경기, OVR캐시 11393→11393) 세부: 경기조회 0.013s | 시뮬루프 0.040s | executemany(5233건) 0.012s | teams반영+commit 0.036s
[09-03 19:30:23] [주 마무리] 13주차 0.13s (국제대회 0.00s | 챔스 0.02s | 클럽WC 0.00s | 국내컵 0.00s | 리그시뮬 0.10s)
[09-03 19:30:23] [PERF-DAY] 13주차 91일차 처리 0.130s (stype='휴식' | 그주마지막날=True | 경기있음=False | 부상=False)
[09-03 19:30:23] [AI리그] 14주차 5527경기, OVR캐시 11393→11393) 세부: 경기조회 0.013s | 시뮬루프 0.046s | executemany(5527건) 0.013s | teams반영+commit 0.035s
[09-03 19:30:23] [주 마무리] 14주차 0.13s (국제대회 0.00s | 챔스 0.02s | 클럽WC 0.00s | 국내컵 0.00s | 리그시뮬 0.11s)
[09-03 19:30:23] [PERF-DAY] 14주차 98일차 처리 0.136s (stype='휴식' | 그주마지막날=True | 경기있음=False | 부상=False)
[09-03 19:30:23] [AI리그] 15주차 5747경기, OVR캐시 11393→11393) 세부: 경기조회 0.013s | 시뮬루프 0.060s | executemany(5747건) 0.015s | teams반영+commit 0.045s
[09-03 19:30:23] [주 마무리] 15주차 0.16s (국제대회 0.00s | 챔스 0.03s | 클럽WC 0.00s | 국내컵 0.00s | 리그시뮬 0.14s)
[09-03 19:30:23] [PERF-DAY] 15주차 105일차 처리 0.165s (stype='휴식' | 그주마지막날=True | 경기있음=False | 부상=False)
[09-03 19:30:24] [AI리그] 16주차 5732경기, OVR캐시 11393→11393) 세부: 경기조회 0.012s | 시뮬루프 0.045s | executemany(5732건) 0.013s | teams반영+commit 0.036s
[09-03 19:30:24] [주 마무리] 16주차 0.16s (국제대회 0.00s | 챔스 0.05s | 클럽WC 0.00s | 국내컵 0.00s | 리그시뮬 0.11s)
[09-03 19:30:24] [PERF-DAY] 16주차 112일차 처리 0.165s (stype='휴식' | 그주마지막날=True | 경기있음=False | 부상=False)
[09-03 19:30:24] [AI리그] 17주차 5482경기, OVR캐시 11393→11393) 세부: 경기조회 0.012s | 시뮬루프 0.048s | executemany(5482건) 0.011s | teams반영+commit 0.030s
[09-03 19:30:24] [주 마무리] 17주차 0.11s (국제대회 0.00s | 챔스 0.00s | 클럽WC 0.00s | 국내컵 0.00s | 리그시뮬 0.10s)
[09-03 19:30:24] [PERF-DAY] 17주차 119일차 처리 0.109s (stype='휴식' | 그주마지막날=True | 경기있음=False | 부상=False)
[09-03 19:30:24] [AI리그] 18주차 5384경기, OVR캐시 11393→11393) 세부: 경기조회 0.011s | 시뮬루프 0.043s | executemany(5384건) 0.013s | teams반영+commit 0.036s
[09-03 19:30:24] [주 마무리] 18주차 0.13s (국제대회 0.00s | 챔스 0.03s | 클럽WC 0.00s | 국내컵 0.00s | 리그시뮬 0.10s)
[09-03 19:30:24] [PERF-DAY] 18주차 126일차 처리 0.134s (stype='휴식' | 그주마지막날=True | 경기있음=False | 부상=False)
[09-03 19:30:24] [AI리그] 19주차 3886경기, OVR캐시 11393→11393) 세부: 경기조회 0.010s | 시뮬루프 0.030s | executemany(3886건) 0.010s | teams반영+commit 0.026s
[09-03 19:30:24] [주 마무리] 19주차 0.08s (국제대회 0.00s | 챔스 0.00s | 클럽WC 0.00s | 국내컵 0.00s | 리그시뮬 0.08s)
[09-03 19:30:24] [PERF-DAY] 19주차 133일차 처리 0.084s (stype='휴식' | 그주마지막날=True | 경기있음=False | 부상=False)
[09-03 19:30:24] [AI리그] 20주차 3343경기, OVR캐시 11393→11393) 세부: 경기조회 0.010s | 시뮬루프 0.036s | executemany(3343건) 0.012s | teams반영+commit 0.031s
[09-03 19:30:24] [주 마무리] 20주차 0.11s (국제대회 0.00s | 챔스 0.02s | 클럽WC 0.00s | 국내컵 0.00s | 리그시뮬 0.09s)
[09-03 19:30:24] [PERF-DAY] 20주차 140일차 처리 0.113s (stype='휴식' | 그주마지막날=True | 경기있음=False | 부상=False)
[09-03 19:30:25] [AI리그] 21주차 2934경기, OVR캐시 11393→11393) 세부: 경기조회 0.013s | 시뮬루프 0.027s | executemany(2934건) 0.008s | teams반영+commit 0.021s
[09-03 19:30:25] [주 마무리] 21주차 0.09s (국제대회 0.00s | 챔스 0.01s | 클럽WC 0.00s | 국내컵 0.00s | 리그시뮬 0.07s)
[09-03 19:30:25] [PERF-DAY] 21주차 147일차 처리 0.089s (stype='휴식' | 그주마지막날=True | 경기있음=False | 부상=False)
[09-03 19:30:25] [AI리그] 22주차 2779경기, OVR캐시 11393→11393) 세부: 경기조회 0.009s | 시뮬루프 0.022s | executemany(2779건) 0.007s | teams반영+commit 0.020s
[09-03 19:30:25] [주 마무리] 22주차 0.07s (국제대회 0.00s | 챔스 0.01s | 클럽WC 0.00s | 국내컵 0.00s | 리그시뮬 0.06s)
[09-03 19:30:25] [PERF-DAY] 22주차 154일차 처리 0.073s (stype='휴식' | 그주마지막날=True | 경기있음=False | 부상=False)
[09-03 19:30:25] [AI리그] 23주차 2291경기, OVR캐시 11393→11393) 세부: 경기조회 0.009s | 시뮬루프 0.020s | executemany(2291건) 0.007s | teams반영+commit 0.017s
[09-03 19:30:25] [주 마무리] 23주차 0.07s (국제대회 0.00s | 챔스 0.01s | 클럽WC 0.00s | 국내컵 0.00s | 리그시뮬 0.05s)
[09-03 19:30:25] [PERF-DAY] 23주차 161일차 처리 0.085s (stype='휴식' | 그주마지막날=True | 경기있음=False | 부상=False)
[09-03 19:30:25] [주 마무리] 24주차 0.05s (국제대회 0.00s | 챔스 0.00s | 클럽WC 0.00s | 국내컵 0.00s | 리그시뮬 0.05s)
[09-03 19:30:25] [PERF-DAY] 24주차 168일차 처리 0.055s (stype='휴식' | 그주마지막날=True | 경기있음=False | 부상=False)
[09-03 19:30:27] [PERF-DAILYHOOK] 25주차 169일차: process_intl_week 1.289s | process_cwc_week 0.000s
[09-03 19:30:27] [PERF-DAY] 25주차 169일차 처리 1.290s (stype='고강도' | 그주마지막날=False | 경기있음=False | 부상=False)
[09-03 19:30:27] [진행 총계] 1.35초
[09-03 19:30:27] [PERF-DAILYHOOK] 27주차 189일차: process_intl_week 0.064s | process_cwc_week 0.000s
[09-03 19:30:27] [PERF-DAY] 27주차 189일차 처리 0.075s (stype='휴식' | 그주마지막날=True | 경기있음=False | 부상=False)
[09-03 19:30:30] [PERF-WEEKTAIL] 28주차: _pay_salary 0.000s | _advance_week 2.898s
[09-03 19:30:30] [PERF-DAY] 28주차 196일차 처리 2.908s (stype='휴식' | 그주마지막날=True | 경기있음=False | 부상=False)
[09-03 19:30:30] [진행 총계] 2.95초
[09-03 19:30:30] [AI리그] 29주차 4943경기, OVR캐시 11393→11393) 세부: 경기조회 0.010s | 시뮬루프 0.038s | executemany(4943건) 0.012s | teams반영+commit 0.031s
[09-03 19:30:30] [주 마무리] 29주차 0.09s (국제대회 0.00s | 챔스 0.00s | 클럽WC 0.00s | 국내컵 0.00s | 리그시뮬 0.09s)
[09-03 19:30:30] [PERF-DAY] 29주차 203일차 처리 0.096s (stype='휴식' | 그주마지막날=True | 경기있음=False | 부상=False)
[09-03 19:30:30] [AI리그] 30주차 6683경기, OVR캐시 11393→11393) 세부: 경기조회 0.011s | 시뮬루프 0.048s | executemany(6683건) 0.015s | teams반영+commit 0.037s
[09-03 19:30:30] [주 마무리] 30주차 0.18s (국제대회 0.00s | 챔스 0.00s | 클럽WC 0.00s | 국내컵 0.07s | 리그시뮬 0.11s)
[09-03 19:30:30] [PERF-DAY] 30주차 210일차 처리 0.185s (stype='휴식' | 그주마지막날=True | 경기있음=False | 부상=False)
[09-03 19:30:31] [AI리그] 31주차 6722경기, OVR캐시 11393→11393) 세부: 경기조회 0.011s | 시뮬루프 0.051s | executemany(6722건) 0.016s | teams반영+commit 0.043s
[09-03 19:30:31] [주 마무리] 31주차 0.13s (국제대회 0.00s | 챔스 0.00s | 클럽WC 0.00s | 국내컵 0.00s | 리그시뮬 0.12s)
[09-03 19:30:31] [PERF-DAY] 31주차 217일차 처리 0.127s (stype='휴식' | 그주마지막날=True | 경기있음=False | 부상=False)
[09-03 19:30:31] [AI리그] 32주차 6569경기, OVR캐시 11393→11393) 세부: 경기조회 0.010s | 시뮬루프 0.050s | executemany(6569건) 0.015s | teams반영+commit 0.038s
[09-03 19:30:31] [주 마무리] 32주차 0.18s (국제대회 0.00s | 챔스 0.00s | 클럽WC 0.00s | 국내컵 0.07s | 리그시뮬 0.11s)
[09-03 19:30:31] [PERF-DAY] 32주차 224일차 처리 0.184s (stype='휴식' | 그주마지막날=True | 경기있음=False | 부상=False)
[09-03 19:30:31] [AI리그] 33주차 6949경기, OVR캐시 11393→11393) 세부: 경기조회 0.010s | 시뮬루프 0.059s | executemany(6949건) 0.019s | teams반영+commit 0.044s
[09-03 19:30:31] [주 마무리] 33주차 0.14s (국제대회 0.00s | 챔스 0.00s | 클럽WC 0.00s | 국내컵 0.00s | 리그시뮬 0.14s)
[09-03 19:30:31] [PERF-DAY] 33주차 231일차 처리 0.139s (stype='휴식' | 그주마지막날=True | 경기있음=False | 부상=False)
[09-03 19:30:32] [AI리그] 34주차 6515경기, OVR캐시 11393→11393) 세부: 경기조회 0.009s | 시뮬루프 0.050s | executemany(6515건) 0.016s | teams반영+commit 0.035s
[09-03 19:30:32] [주 마무리] 34주차 0.16s (국제대회 0.00s | 챔스 0.00s | 클럽WC 0.00s | 국내컵 0.05s | 리그시뮬 0.11s)
[09-03 19:30:32] [PERF-DAY] 34주차 238일차 처리 0.163s (stype='휴식' | 그주마지막날=True | 경기있음=False | 부상=False)
[09-03 19:30:32] [AI리그] 35주차 6888경기, OVR캐시 11393→11393) 세부: 경기조회 0.009s | 시뮬루프 0.050s | executemany(6888건) 0.015s | teams반영+commit 0.035s
[09-03 19:30:32] [주 마무리] 35주차 0.11s (국제대회 0.00s | 챔스 0.00s | 클럽WC 0.00s | 국내컵 0.00s | 리그시뮬 0.11s)
[09-03 19:30:32] [PERF-DAY] 35주차 245일차 처리 0.115s (stype='휴식' | 그주마지막날=True | 경기있음=False | 부상=False)
[09-03 19:30:32] [AI리그] 36주차 7137경기, OVR캐시 11393→11393) 세부: 경기조회 0.008s | 시뮬루프 0.052s | executemany(7137건) 0.015s | teams반영+commit 0.041s
[09-03 19:30:32] [주 마무리] 36주차 0.17s (국제대회 0.00s | 챔스 0.00s | 클럽WC 0.00s | 국내컵 0.04s | 리그시뮬 0.12s)
[09-03 19:30:32] [PERF-DAY] 36주차 252일차 처리 0.167s (stype='휴식' | 그주마지막날=True | 경기있음=False | 부상=False)
[09-03 19:30:32] [AI리그] 37주차 6556경기, OVR캐시 11393→11393) 세부: 경기조회 0.008s | 시뮬루프 0.050s | executemany(6556건) 0.014s | teams반영+commit 0.037s
[09-03 19:30:32] [주 마무리] 37주차 0.11s (국제대회 0.00s | 챔스 0.00s | 클럽WC 0.00s | 국내컵 0.00s | 리그시뮬 0.11s)
[09-03 19:30:32] [PERF-DAY] 37주차 259일차 처리 0.114s (stype='휴식' | 그주마지막날=True | 경기있음=False | 부상=False)
[09-03 19:30:33] [AI리그] 38주차 6730경기, OVR캐시 11393→11393) 세부: 경기조회 0.007s | 시뮬루프 0.049s | executemany(6730건) 0.015s | teams반영+commit 0.033s
[09-03 19:30:33] [주 마무리] 38주차 0.17s (국제대회 0.00s | 챔스 0.00s | 클럽WC 0.00s | 국내컵 0.06s | 리그시뮬 0.11s)
[09-03 19:30:33] [PERF-DAY] 38주차 266일차 처리 0.173s (stype='휴식' | 그주마지막날=True | 경기있음=False | 부상=False)
[09-03 19:30:33] [AI리그] 39주차 6855경기, OVR캐시 11393→11393) 세부: 경기조회 0.007s | 시뮬루프 0.050s | executemany(6855건) 0.015s | teams반영+commit 0.035s
[09-03 19:30:33] [주 마무리] 39주차 0.11s (국제대회 0.00s | 챔스 0.00s | 클럽WC 0.00s | 국내컵 0.00s | 리그시뮬 0.11s)
[09-03 19:30:33] [PERF-DAY] 39주차 273일차 처리 0.112s (stype='휴식' | 그주마지막날=True | 경기있음=False | 부상=False)
[09-03 19:30:33] [AI리그] 40주차 6844경기, OVR캐시 11393→11393) 세부: 경기조회 0.007s | 시뮬루프 0.054s | executemany(6844건) 0.018s | teams반영+commit 0.043s
[09-03 19:30:33] [주 마무리] 40주차 0.16s (국제대회 0.00s | 챔스 0.00s | 클럽WC 0.00s | 국내컵 0.03s | 리그시뮬 0.13s)
[09-03 19:30:33] [PERF-DAY] 40주차 280일차 처리 0.160s (stype='휴식' | 그주마지막날=True | 경기있음=False | 부상=False)
[09-03 19:30:33] [AI리그] 41주차 6841경기, OVR캐시 11393→11393) 세부: 경기조회 0.007s | 시뮬루프 0.048s | executemany(6841건) 0.014s | teams반영+commit 0.031s
[09-03 19:30:33] [주 마무리] 41주차 0.10s (국제대회 0.00s | 챔스 0.00s | 클럽WC 0.00s | 국내컵 0.00s | 리그시뮬 0.10s)
[09-03 19:30:33] [PERF-DAY] 41주차 287일차 처리 0.105s (stype='휴식' | 그주마지막날=True | 경기있음=False | 부상=False)
[09-03 19:30:33] [AI리그] 42주차 6742경기, OVR캐시 11393→11393) 세부: 경기조회 0.007s | 시뮬루프 0.060s | executemany(6742건) 0.014s | teams반영+commit 0.028s
[09-03 19:30:33] [주 마무리] 42주차 0.12s (국제대회 0.00s | 챔스 0.00s | 클럽WC 0.00s | 국내컵 0.01s | 리그시뮬 0.11s)
[09-03 19:30:33] [PERF-DAY] 42주차 294일차 처리 0.119s (stype='휴식' | 그주마지막날=True | 경기있음=False | 부상=False)
[09-03 19:30:35] [PERF-PROMO] _process_promotion_relegation 세부: my_player/season조회 0.001s | teams+leagues조회 0.013s | standings계산(710개리그) 0.292s | ai_players OVR스캔 0.247s | 승강판정루프(211개국) 0.028s | executemany(1212건) 0.015s | 리스케일(1212건) 0.343s | commit/close 0.335s | 캐시무효화 0.000s
[09-03 19:30:35] [PERF-SEASON] finalize_club_season 세부: finish_incomplete_matches=0.049s | promotion_relegation=1.284s
[09-03 19:30:35] [PERF-YEAR] 43주차(CLUB_SEASON_END_DAY) 세부: finalize_club_season=1.334s | promotion_playoffs=0.024s | PRAGMA optimize=0.001s
[09-03 19:30:35] [PERF-DAY] 43주차 300일차 처리 1.371s (stype='휴식' | 그주마지막날=False | 경기있음=False | 부상=False)
[09-03 19:30:35] [진행 총계] 1.39초
[09-03 19:30:35] [PERF-DAILYHOOK] 44주차 302일차: process_po_week 0.055s
[09-03 19:30:35] [PERF-DAY] 44주차 302일차 처리 0.056s (stype='고강도' | 그주마지막날=False | 경기있음=False | 부상=False)
[09-03 19:30:35] [PERF-DAILYHOOK] 44주차 304일차: process_po_week 0.056s
[09-03 19:30:35] [PERF-DAY] 44주차 304일차 처리 0.057s (stype='고강도' | 그주마지막날=False | 경기있음=False | 부상=False)
[09-03 19:30:35] [PERF-DAILYHOOK] 44주차 306일차: process_po_week 0.074s
[09-03 19:30:35] [PERF-DAY] 44주차 306일차 처리 0.075s (stype='고강도' | 그주마지막날=False | 경기있음=False | 부상=False)
[09-03 19:31:17] [PERF]   _end_of_season 세부: AI생애주기 41.06s (승강제 타이밍은 43주 _finalize_club_season으로 이동 — 여기 안 잡힘)
[09-03 19:31:19] [PERF]   일정생성 세부: 아카이브이동 0.88s | 완비판정조회 0.01s | 기존경기dedup조회 0.00s | 일정계산 0.23s | INSERT+commit 0.40s | (대상리그 710개, 신규경기 201400건)
[09-03 19:31:19] [PERF]   인덱스재생성 0.37s
[09-03 19:31:21] [PERF] 연도전환 총 44.64s (커리어정리 0.00s | _end_of_season 41.06s | 일정생성 1.90s | 파워랭킹 1.68s | PRAGMA optimize 0.00s)
[09-03 19:31:21] [PERF-WEEKTAIL] 52주차: _pay_salary 0.000s | _advance_week 44.645s
[09-03 19:31:21] [PERF-DAY] 52주차 364일차 처리 44.647s (stype='휴식' | 그주마지막날=True | 경기있음=False | 부상=False)
[09-03 19:31:21] [진행 총계] 44.65초
[09-03 19:31:22] [AI리그] 4주차 4527경기, OVR캐시 0→9054) 세부: 경기조회 0.015s | 시뮬루프 0.324s | executemany(4527건) 0.010s | teams반영+commit 0.031s
[09-03 19:31:22] [주 마무리] 4주차 0.38s (국제대회 0.00s | 챔스 0.00s | 클럽WC 0.00s | 국내컵 0.00s | 리그시뮬 0.38s)
[09-03 19:31:22] [PERF-WEEKTAIL] 4주차: _pay_salary 0.000s | _advance_week 0.210s
[09-03 19:31:22] [PERF-DAY] 4주차 28일차 처리 0.595s (stype='휴식' | 그주마지막날=True | 경기있음=False | 부상=True)
[09-03 19:31:22] [진행 총계] 0.60초
[09-03 19:31:22] [AI리그] 5주차 5771경기, OVR캐시 11263→11393) 세부: 경기조회 0.016s | 시뮬루프 0.070s | executemany(5771건) 0.013s | teams반영+commit 0.043s
[09-03 19:31:22] [주 마무리] 5주차 0.28s (국제대회 0.00s | 챔스 0.00s | 클럽WC 0.00s | 국내컵 0.14s | 리그시뮬 0.15s)
[09-03 19:31:22] [PERF-DAY] 5주차 35일차 처리 0.283s (stype='휴식' | 그주마지막날=True | 경기있음=False | 부상=True)
[09-03 19:31:23] [AI리그] 6주차 5734경기, OVR캐시 11393→11393) 세부: 경기조회 0.015s | 시뮬루프 0.046s | executemany(5734건) 0.012s | teams반영+commit 0.042s
[09-03 19:31:23] [주 마무리] 6주차 0.26s (국제대회 0.00s | 챔스 0.00s | 클럽WC 0.00s | 국내컵 0.15s | 리그시뮬 0.12s)
[09-03 19:31:23] [PERF-DAY] 6주차 42일차 처리 0.266s (stype='휴식' | 그주마지막날=True | 경기있음=False | 부상=False)
[09-03 19:31:23] [AI리그] 7주차 5801경기, OVR캐시 11393→11393) 세부: 경기조회 0.016s | 시뮬루프 0.065s | executemany(5801건) 0.013s | teams반영+commit 0.039s
[09-03 19:31:23] [주 마무리] 7주차 0.25s (국제대회 0.00s | 챔스 0.00s | 클럽WC 0.00s | 국내컵 0.11s | 리그시뮬 0.14s)
[09-03 19:31:24] [PERF-WEEKTAIL] 7주차: _pay_salary 0.000s | _advance_week 0.110s
[09-03 19:31:24] [PERF-DAY] 7주차 49일차 처리 0.357s (stype='휴식' | 그주마지막날=True | 경기있음=False | 부상=False)
[09-03 19:31:24] [진행 총계] 0.36초
[09-03 19:31:24] [AI리그] 8주차 5757경기, OVR캐시 11393→11393) 세부: 경기조회 0.020s | 시뮬루프 0.059s | executemany(5757건) 0.017s | teams반영+commit 0.046s
[09-03 19:31:24] [주 마무리] 8주차 0.15s (국제대회 0.00s | 챔스 0.00s | 클럽WC 0.00s | 국내컵 0.00s | 리그시뮬 0.14s)
[09-03 19:31:24] [PERF-DAY] 8주차 56일차 처리 0.152s (stype='휴식' | 그주마지막날=True | 경기있음=False | 부상=False)
[09-03 19:31:24] [AI리그] 9주차 5731경기, OVR캐시 11393→11393) 세부: 경기조회 0.014s | 시뮬루프 0.052s | executemany(5731건) 0.013s | teams반영+commit 0.040s
[09-03 19:31:24] [주 마무리] 9주차 0.15s (국제대회 0.00s | 챔스 0.03s | 클럽WC 0.00s | 국내컵 0.00s | 리그시뮬 0.12s)
[09-03 19:31:24] [PERF-DAY] 9주차 63일차 처리 0.155s (stype='휴식' | 그주마지막날=True | 경기있음=False | 부상=False)
[09-03 19:31:24] [AI리그] 10주차 5766경기, OVR캐시 11393→11393) 세부: 경기조회 0.014s | 시뮬루프 0.046s | executemany(5766건) 0.013s | teams반영+commit 0.040s
[09-03 19:31:24] [주 마무리] 10주차 0.14s (국제대회 0.00s | 챔스 0.02s | 클럽WC 0.00s | 국내컵 0.00s | 리그시뮬 0.12s)
[09-03 19:31:24] [PERF-DAY] 10주차 70일차 처리 0.144s (stype='휴식' | 그주마지막날=True | 경기있음=False | 부상=False)
[09-03 19:31:25] [AI리그] 11주차 5618경기, OVR캐시 11393→11393) 세부: 경기조회 0.014s | 시뮬루프 0.045s | executemany(5618건) 0.015s | teams반영+commit 0.055s
[09-03 19:31:25] [주 마무리] 11주차 0.18s (국제대회 0.00s | 챔스 0.04s | 클럽WC 0.00s | 국내컵 0.00s | 리그시뮬 0.13s)
[09-03 19:31:25] [PERF-DAY] 11주차 77일차 처리 0.179s (stype='휴식' | 그주마지막날=True | 경기있음=False | 부상=False)
[09-03 19:31:25] [AI리그] 12주차 5609경기, OVR캐시 11393→11393) 세부: 경기조회 0.024s | 시뮬루프 0.094s | executemany(5609건) 0.018s | teams반영+commit 0.050s
[09-03 19:31:25] [주 마무리] 12주차 0.23s (국제대회 0.00s | 챔스 0.04s | 클럽WC 0.00s | 국내컵 0.00s | 리그시뮬 0.19s)
[09-03 19:31:25] [PERF-DAY] 12주차 84일차 처리 0.234s (stype='휴식' | 그주마지막날=True | 경기있음=False | 부상=False)
[09-03 19:31:25] [AI리그] 13주차 5233경기, OVR캐시 11393→11393) 세부: 경기조회 0.015s | 시뮬루프 0.047s | executemany(5233건) 0.015s | teams반영+commit 0.039s
[09-03 19:31:25] [주 마무리] 13주차 0.15s (국제대회 0.00s | 챔스 0.03s | 클럽WC 0.00s | 국내컵 0.00s | 리그시뮬 0.12s)
[09-03 19:31:25] [PERF-DAY] 13주차 91일차 처리 0.147s (stype='휴식' | 그주마지막날=True | 경기있음=False | 부상=False)
[09-03 19:31:25] [AI리그] 14주차 5527경기, OVR캐시 11393→11393) 세부: 경기조회 0.013s | 시뮬루프 0.043s | executemany(5527건) 0.013s | teams반영+commit 0.036s
[09-03 19:31:25] [주 마무리] 14주차 0.13s (국제대회 0.00s | 챔스 0.03s | 클럽WC 0.00s | 국내컵 0.00s | 리그시뮬 0.11s)
[09-03 19:31:25] [PERF-DAY] 14주차 98일차 처리 0.136s (stype='휴식' | 그주마지막날=True | 경기있음=False | 부상=False)
[09-03 19:31:26] [AI리그] 15주차 5747경기, OVR캐시 11393→11393) 세부: 경기조회 0.014s | 시뮬루프 0.064s | executemany(5747건) 0.014s | teams반영+commit 0.049s
[09-03 19:31:26] [주 마무리] 15주차 0.17s (국제대회 0.00s | 챔스 0.03s | 클럽WC 0.00s | 국내컵 0.00s | 리그시뮬 0.15s)
[09-03 19:31:26] [PERF-DAY] 15주차 105일차 처리 0.176s (stype='휴식' | 그주마지막날=True | 경기있음=False | 부상=False)
[09-03 19:31:26] [AI리그] 16주차 5732경기, OVR캐시 11393→11393) 세부: 경기조회 0.013s | 시뮬루프 0.047s | executemany(5732건) 0.013s | teams반영+commit 0.036s
[09-03 19:31:26] [주 마무리] 16주차 0.16s (국제대회 0.00s | 챔스 0.05s | 클럽WC 0.00s | 국내컵 0.00s | 리그시뮬 0.11s)
[09-03 19:31:26] [PERF-DAY] 16주차 112일차 처리 0.165s (stype='휴식' | 그주마지막날=True | 경기있음=False | 부상=False)
[09-03 19:31:26] [AI리그] 17주차 5482경기, OVR캐시 11393→11393) 세부: 경기조회 0.012s | 시뮬루프 0.048s | executemany(5482건) 0.012s | teams반영+commit 0.034s
[09-03 19:31:26] [주 마무리] 17주차 0.11s (국제대회 0.00s | 챔스 0.00s | 클럽WC 0.00s | 국내컵 0.00s | 리그시뮬 0.11s)
[09-03 19:31:26] [PERF-DAY] 17주차 119일차 처리 0.114s (stype='휴식' | 그주마지막날=True | 경기있음=False | 부상=False)
[09-03 19:31:26] [AI리그] 18주차 5384경기, OVR캐시 11393→11393) 세부: 경기조회 0.015s | 시뮬루프 0.045s | executemany(5384건) 0.013s | teams반영+commit 0.034s
[09-03 19:31:26] [주 마무리] 18주차 0.14s (국제대회 0.00s | 챔스 0.03s | 클럽WC 0.00s | 국내컵 0.00s | 리그시뮬 0.11s)
[09-03 19:31:26] [PERF-DAY] 18주차 126일차 처리 0.142s (stype='휴식' | 그주마지막날=True | 경기있음=False | 부상=False)
[09-03 19:31:27] [AI리그] 19주차 3886경기, OVR캐시 11393→11393) 세부: 경기조회 0.016s | 시뮬루프 0.042s | executemany(3886건) 0.010s | teams반영+commit 0.041s
[09-03 19:31:27] [주 마무리] 19주차 0.12s (국제대회 0.00s | 챔스 0.00s | 클럽WC 0.00s | 국내컵 0.00s | 리그시뮬 0.11s)
[09-03 19:31:27] [PERF-DAY] 19주차 133일차 처리 0.120s (stype='휴식' | 그주마지막날=True | 경기있음=False | 부상=False)
[09-03 19:31:27] [AI리그] 20주차 3343경기, OVR캐시 11393→11393) 세부: 경기조회 0.015s | 시뮬루프 0.038s | executemany(3343건) 0.009s | teams반영+commit 0.023s
[09-03 19:31:27] [주 마무리] 20주차 0.12s (국제대회 0.00s | 챔스 0.03s | 클럽WC 0.00s | 국내컵 0.00s | 리그시뮬 0.09s)
[09-03 19:31:27] [PERF-DAY] 20주차 140일차 처리 0.122s (stype='휴식' | 그주마지막날=True | 경기있음=False | 부상=False)
[09-03 19:31:27] [AI리그] 21주차 2934경기, OVR캐시 11393→11393) 세부: 경기조회 0.010s | 시뮬루프 0.023s | executemany(2934건) 0.007s | teams반영+commit 0.021s
[09-03 19:31:27] [주 마무리] 21주차 0.08s (국제대회 0.00s | 챔스 0.01s | 클럽WC 0.00s | 국내컵 0.00s | 리그시뮬 0.06s)
[09-03 19:31:27] [PERF-DAY] 21주차 147일차 처리 0.080s (stype='휴식' | 그주마지막날=True | 경기있음=False | 부상=False)
[09-03 19:31:27] [AI리그] 22주차 2779경기, OVR캐시 11393→11393) 세부: 경기조회 0.010s | 시뮬루프 0.026s | executemany(2779건) 0.007s | teams반영+commit 0.019s
[09-03 19:31:27] [주 마무리] 22주차 0.08s (국제대회 0.00s | 챔스 0.01s | 클럽WC 0.00s | 국내컵 0.00s | 리그시뮬 0.06s)
[09-03 19:31:27] [PERF-DAY] 22주차 154일차 처리 0.078s (stype='휴식' | 그주마지막날=True | 경기있음=False | 부상=False)
[09-03 19:31:28] [주 마무리] 23주차 0.06s (국제대회 0.00s | 챔스 0.01s | 클럽WC 0.00s | 국내컵 0.00s | 리그시뮬 0.05s)
[09-03 19:31:28] [PERF-DAY] 23주차 161일차 처리 0.067s (stype='휴식' | 그주마지막날=True | 경기있음=False | 부상=False)
[09-03 19:31:28] [AI리그] 24주차 2602경기, OVR캐시 11393→11393) 세부: 경기조회 0.010s | 시뮬루프 0.029s | executemany(2602건) 0.009s | teams반영+commit 0.020s
[09-03 19:31:28] [주 마무리] 24주차 0.07s (국제대회 0.00s | 챔스 0.00s | 클럽WC 0.00s | 국내컵 0.00s | 리그시뮬 0.07s)
[09-03 19:31:28] [PERF-DAY] 24주차 168일차 처리 0.075s (stype='휴식' | 그주마지막날=True | 경기있음=False | 부상=False)
[09-03 19:31:32] [PERF-WEEKTAIL] 28주차: _pay_salary 0.000s | _advance_week 3.148s
[09-03 19:31:32] [PERF-DAY] 28주차 196일차 처리 3.159s (stype='휴식' | 그주마지막날=True | 경기있음=False | 부상=False)
[09-03 19:31:32] [진행 총계] 3.17초
[09-03 19:31:32] [AI리그] 29주차 4943경기, OVR캐시 11393→11393) 세부: 경기조회 0.010s | 시뮬루프 0.038s | executemany(4943건) 0.011s | teams반영+commit 0.030s
[09-03 19:31:32] [주 마무리] 29주차 0.09s (국제대회 0.00s | 챔스 0.00s | 클럽WC 0.00s | 국내컵 0.00s | 리그시뮬 0.09s)
[09-03 19:31:32] [PERF-DAY] 29주차 203일차 처리 0.094s (stype='휴식' | 그주마지막날=True | 경기있음=False | 부상=False)
[09-03 19:31:32] [AI리그] 30주차 6683경기, OVR캐시 11393→11393) 세부: 경기조회 0.010s | 시뮬루프 0.048s | executemany(6683건) 0.023s | teams반영+commit 0.042s
[09-03 19:31:32] [주 마무리] 30주차 0.20s (국제대회 0.00s | 챔스 0.00s | 클럽WC 0.00s | 국내컵 0.08s | 리그시뮬 0.13s)
[09-03 19:31:32] [PERF-DAY] 30주차 210일차 처리 0.205s (stype='휴식' | 그주마지막날=True | 경기있음=False | 부상=False)
[09-03 19:31:33] [AI리그] 31주차 6722경기, OVR캐시 11393→11393) 세부: 경기조회 0.018s | 시뮬루프 0.053s | executemany(6722건) 0.023s | teams반영+commit 0.038s
[09-03 19:31:33] [주 마무리] 31주차 0.14s (국제대회 0.00s | 챔스 0.00s | 클럽WC 0.00s | 국내컵 0.00s | 리그시뮬 0.13s)
[09-03 19:31:33] [PERF-DAY] 31주차 217일차 처리 0.139s (stype='휴식' | 그주마지막날=True | 경기있음=False | 부상=False)
[09-03 19:31:33] [AI리그] 32주차 6569경기, OVR캐시 11393→11393) 세부: 경기조회 0.010s | 시뮬루프 0.049s | executemany(6569건) 0.016s | teams반영+commit 0.039s
[09-03 19:31:33] [주 마무리] 32주차 0.19s (국제대회 0.00s | 챔스 0.00s | 클럽WC 0.00s | 국내컵 0.07s | 리그시뮬 0.12s)
[09-03 19:31:33] [PERF-DAY] 32주차 224일차 처리 0.187s (stype='휴식' | 그주마지막날=True | 경기있음=False | 부상=False)
[09-03 19:31:33] [AI리그] 33주차 6949경기, OVR캐시 11393→11393) 세부: 경기조회 0.010s | 시뮬루프 0.051s | executemany(6949건) 0.016s | teams반영+commit 0.039s
[09-03 19:31:33] [주 마무리] 33주차 0.12s (국제대회 0.00s | 챔스 0.00s | 클럽WC 0.00s | 국내컵 0.00s | 리그시뮬 0.12s)
[09-03 19:31:33] [PERF-DAY] 33주차 231일차 처리 0.121s (stype='휴식' | 그주마지막날=True | 경기있음=False | 부상=False)
[09-03 19:31:33] [AI리그] 34주차 6515경기, OVR캐시 11393→11393) 세부: 경기조회 0.009s | 시뮬루프 0.048s | executemany(6515건) 0.016s | teams반영+commit 0.038s
[09-03 19:31:33] [주 마무리] 34주차 0.17s (국제대회 0.00s | 챔스 0.00s | 클럽WC 0.00s | 국내컵 0.06s | 리그시뮬 0.11s)
[09-03 19:31:33] [PERF-DAY] 34주차 238일차 처리 0.176s (stype='휴식' | 그주마지막날=True | 경기있음=False | 부상=False)
[09-03 19:31:34] [AI리그] 35주차 6888경기, OVR캐시 11393→11393) 세부: 경기조회 0.016s | 시뮬루프 0.057s | executemany(6888건) 0.019s | teams반영+commit 0.057s
[09-03 19:31:34] [주 마무리] 35주차 0.16s (국제대회 0.00s | 챔스 0.00s | 클럽WC 0.00s | 국내컵 0.00s | 리그시뮬 0.15s)
[09-03 19:31:34] [PERF-DAY] 35주차 245일차 처리 0.157s (stype='휴식' | 그주마지막날=True | 경기있음=False | 부상=False)
[09-03 19:31:34] [AI리그] 36주차 7137경기, OVR캐시 11393→11393) 세부: 경기조회 0.008s | 시뮬루프 0.051s | executemany(7137건) 0.016s | teams반영+commit 0.035s
[09-03 19:31:34] [주 마무리] 36주차 0.17s (국제대회 0.00s | 챔스 0.00s | 클럽WC 0.00s | 국내컵 0.06s | 리그시뮬 0.11s)
[09-03 19:31:34] [PERF-DAY] 36주차 252일차 처리 0.170s (stype='휴식' | 그주마지막날=True | 경기있음=False | 부상=False)
[09-03 19:31:34] [AI리그] 37주차 6556경기, OVR캐시 11393→11393) 세부: 경기조회 0.007s | 시뮬루프 0.048s | executemany(6556건) 0.015s | teams반영+commit 0.050s
[09-03 19:31:34] [주 마무리] 37주차 0.13s (국제대회 0.00s | 챔스 0.00s | 클럽WC 0.00s | 국내컵 0.00s | 리그시뮬 0.12s)
[09-03 19:31:34] [PERF-DAY] 37주차 259일차 처리 0.126s (stype='휴식' | 그주마지막날=True | 경기있음=False | 부상=False)
[09-03 19:31:34] [AI리그] 38주차 6730경기, OVR캐시 11393→11393) 세부: 경기조회 0.007s | 시뮬루프 0.050s | executemany(6730건) 0.015s | teams반영+commit 0.038s
[09-03 19:31:34] [주 마무리] 38주차 0.19s (국제대회 0.00s | 챔스 0.00s | 클럽WC 0.00s | 국내컵 0.08s | 리그시뮬 0.11s)
[09-03 19:31:34] [PERF-DAY] 38주차 266일차 처리 0.191s (stype='휴식' | 그주마지막날=True | 경기있음=False | 부상=False)
[09-03 19:31:35] [AI리그] 39주차 6855경기, OVR캐시 11393→11393) 세부: 경기조회 0.009s | 시뮬루프 0.050s | executemany(6855건) 0.016s | teams반영+commit 0.039s
[09-03 19:31:35] [주 마무리] 39주차 0.12s (국제대회 0.00s | 챔스 0.00s | 클럽WC 0.00s | 국내컵 0.00s | 리그시뮬 0.12s)
[09-03 19:31:35] [PERF-DAY] 39주차 273일차 처리 0.119s (stype='휴식' | 그주마지막날=True | 경기있음=False | 부상=False)
[09-03 19:31:35] [AI리그] 40주차 6844경기, OVR캐시 11393→11393) 세부: 경기조회 0.006s | 시뮬루프 0.056s | executemany(6844건) 0.019s | teams반영+commit 0.049s
[09-03 19:31:35] [주 마무리] 40주차 0.16s (국제대회 0.00s | 챔스 0.00s | 클럽WC 0.00s | 국내컵 0.03s | 리그시뮬 0.13s)
[09-03 19:31:35] [PERF-DAY] 40주차 280일차 처리 0.159s (stype='휴식' | 그주마지막날=True | 경기있음=False | 부상=False)
[09-03 19:31:35] [AI리그] 41주차 6841경기, OVR캐시 11393→11393) 세부: 경기조회 0.005s | 시뮬루프 0.050s | executemany(6841건) 0.015s | teams반영+commit 0.036s
[09-03 19:31:35] [주 마무리] 41주차 0.11s (국제대회 0.00s | 챔스 0.00s | 클럽WC 0.00s | 국내컵 0.00s | 리그시뮬 0.11s)
[09-03 19:31:35] [PERF-DAY] 41주차 287일차 처리 0.111s (stype='휴식' | 그주마지막날=True | 경기있음=False | 부상=False)
[09-03 19:31:35] [AI리그] 42주차 6742경기, OVR캐시 11393→11393) 세부: 경기조회 0.006s | 시뮬루프 0.049s | executemany(6742건) 0.018s | teams반영+commit 0.058s
[09-03 19:31:35] [주 마무리] 42주차 0.14s (국제대회 0.00s | 챔스 0.00s | 클럽WC 0.00s | 국내컵 0.01s | 리그시뮬 0.14s)
[09-03 19:31:35] [PERF-DAY] 42주차 294일차 처리 0.144s (stype='휴식' | 그주마지막날=True | 경기있음=False | 부상=False)
[09-03 19:31:37] [PERF-PROMO] _process_promotion_relegation 세부: my_player/season조회 0.001s | teams+leagues조회 0.012s | standings계산(710개리그) 0.341s | ai_players OVR스캔 0.260s | 승강판정루프(211개국) 0.025s | executemany(1212건) 0.017s | 리스케일(1212건) 0.360s | commit/close 0.364s | 캐시무효화 0.000s
[09-03 19:31:37] [PERF-SEASON] finalize_club_season 세부: finish_incomplete_matches=0.047s | promotion_relegation=1.389s
[09-03 19:31:37] [PERF-YEAR] 43주차(CLUB_SEASON_END_DAY) 세부: finalize_club_season=1.437s | promotion_playoffs=0.024s | PRAGMA optimize=0.000s
[09-03 19:31:37] [PERF-DAY] 43주차 300일차 처리 1.474s (stype='휴식' | 그주마지막날=False | 경기있음=False | 부상=False)
[09-03 19:31:37] [진행 총계] 1.50초
[09-03 19:31:37] [PERF-DAILYHOOK] 44주차 302일차: process_po_week 0.056s
[09-03 19:31:37] [PERF-DAY] 44주차 302일차 처리 0.057s (stype='고강도' | 그주마지막날=False | 경기있음=False | 부상=False)
[09-03 19:31:38] [PERF-DAILYHOOK] 44주차 304일차: process_po_week 0.061s
[09-03 19:31:38] [PERF-DAY] 44주차 304일차 처리 0.062s (stype='고강도' | 그주마지막날=False | 경기있음=False | 부상=False)
[09-03 19:31:38] [PERF-DAILYHOOK] 44주차 306일차: process_po_week 0.081s
[09-03 19:31:38] [PERF-DAY] 44주차 306일차 처리 0.081s (stype='고강도' | 그주마지막날=False | 경기있음=False | 부상=False)
[09-03 19:32:22] [PERF]   _end_of_season 세부: AI생애주기 43.34s (승강제 타이밍은 43주 _finalize_club_season으로 이동 — 여기 안 잡힘)
[09-03 19:32:28] [PERF]   일정생성 세부: 아카이브이동 4.81s | 완비판정조회 0.02s | 기존경기dedup조회 0.00s | 일정계산 0.26s | INSERT+commit 0.49s | (대상리그 710개, 신규경기 201400건)
[09-03 19:32:28] [PERF]   인덱스재생성 0.38s
[09-03 19:32:30] [PERF] 연도전환 총 51.03s (커리어정리 0.00s | _end_of_season 43.35s | 일정생성 5.97s | 파워랭킹 1.71s | PRAGMA optimize 0.00s)
[09-03 19:32:30] [PERF-WEEKTAIL] 52주차: _pay_salary 0.000s | _advance_week 51.029s
[09-03 19:32:30] [PERF-DAY] 52주차 364일차 처리 51.031s (stype='휴식' | 그주마지막날=True | 경기있음=False | 부상=False)
[09-03 19:32:30] [진행 총계] 51.04초
[09-03 19:32:31] [AI리그] 4주차 4527경기, OVR캐시 0→9054) 세부: 경기조회 0.015s | 시뮬루프 0.330s | executemany(4527건) 0.011s | teams반영+commit 0.036s
[09-03 19:32:31] [주 마무리] 4주차 0.40s (국제대회 0.00s | 챔스 0.00s | 클럽WC 0.00s | 국내컵 0.00s | 리그시뮬 0.40s)
[09-03 19:32:31] [PERF-WEEKTAIL] 4주차: _pay_salary 0.000s | _advance_week 0.236s
[09-03 19:32:31] [PERF-DAY] 4주차 28일차 처리 0.635s (stype='휴식' | 그주마지막날=True | 경기있음=False | 부상=False)
[09-03 19:32:31] [진행 총계] 0.64초
[09-03 19:32:31] [AI리그] 5주차 5771경기, OVR캐시 11263→11393) 세부: 경기조회 0.017s | 시뮬루프 0.069s | executemany(5771건) 0.012s | teams반영+commit 0.037s
[09-03 19:32:31] [주 마무리] 5주차 0.27s (국제대회 0.00s | 챔스 0.00s | 클럽WC 0.00s | 국내컵 0.13s | 리그시뮬 0.14s)
[09-03 19:32:31] [PERF-DAY] 5주차 35일차 처리 0.269s (stype='휴식' | 그주마지막날=True | 경기있음=False | 부상=False)
[09-03 19:32:31] [AI리그] 6주차 5734경기, OVR캐시 11393→11393) 세부: 경기조회 0.016s | 시뮬루프 0.047s | executemany(5734건) 0.012s | teams반영+commit 0.042s
[09-03 19:32:31] [주 마무리] 6주차 0.27s (국제대회 0.00s | 챔스 0.00s | 클럽WC 0.00s | 국내컵 0.15s | 리그시뮬 0.12s)
[09-03 19:32:31] [PERF-DAY] 6주차 42일차 처리 0.269s (stype='휴식' | 그주마지막날=True | 경기있음=False | 부상=False)
[09-03 19:32:32] [AI리그] 7주차 5801경기, OVR캐시 11393→11393) 세부: 경기조회 0.015s | 시뮬루프 0.050s | executemany(5801건) 0.013s | teams반영+commit 0.045s
[09-03 19:32:32] [주 마무리] 7주차 0.23s (국제대회 0.00s | 챔스 0.00s | 클럽WC 0.00s | 국내컵 0.11s | 리그시뮬 0.13s)
[09-03 19:32:32] [PERF-WEEKTAIL] 7주차: _pay_salary 0.000s | _advance_week 0.102s
[09-03 19:32:32] [PERF-DAY] 7주차 49일차 처리 0.334s (stype='휴식' | 그주마지막날=True | 경기있음=False | 부상=False)
[09-03 19:32:32] [진행 총계] 0.34초
[09-03 19:32:32] [AI리그] 8주차 5757경기, OVR캐시 11393→11393) 세부: 경기조회 0.015s | 시뮬루프 0.046s | executemany(5757건) 0.013s | teams반영+commit 0.044s
[09-03 19:32:32] [주 마무리] 8주차 0.13s (국제대회 0.00s | 챔스 0.00s | 클럽WC 0.00s | 국내컵 0.00s | 리그시뮬 0.12s)
[09-03 19:32:32] [PERF-DAY] 8주차 56일차 처리 0.128s (stype='휴식' | 그주마지막날=True | 경기있음=False | 부상=False)
[09-03 19:32:33] [AI리그] 9주차 5731경기, OVR캐시 11393→11393) 세부: 경기조회 0.017s | 시뮬루프 0.067s | executemany(5731건) 0.013s | teams반영+commit 0.039s
[09-03 19:32:33] [주 마무리] 9주차 0.18s (국제대회 0.00s | 챔스 0.04s | 클럽WC 0.00s | 국내컵 0.00s | 리그시뮬 0.14s)
[09-03 19:32:33] [PERF-DAY] 9주차 63일차 처리 0.185s (stype='휴식' | 그주마지막날=True | 경기있음=False | 부상=False)
[09-03 19:32:33] [AI리그] 10주차 5766경기, OVR캐시 11393→11393) 세부: 경기조회 0.014s | 시뮬루프 0.046s | executemany(5766건) 0.013s | teams반영+commit 0.040s
[09-03 19:32:33] [주 마무리] 10주차 0.14s (국제대회 0.00s | 챔스 0.03s | 클럽WC 0.00s | 국내컵 0.00s | 리그시뮬 0.12s)
[09-03 19:32:33] [PERF-DAY] 10주차 70일차 처리 0.145s (stype='휴식' | 그주마지막날=True | 경기있음=False | 부상=False)
[09-03 19:32:33] [AI리그] 11주차 5618경기, OVR캐시 11393→11393) 세부: 경기조회 0.014s | 시뮬루프 0.054s | executemany(5618건) 0.014s | teams반영+commit 0.051s
[09-03 19:32:33] [주 마무리] 11주차 0.17s (국제대회 0.00s | 챔스 0.03s | 클럽WC 0.00s | 국내컵 0.00s | 리그시뮬 0.14s)
[09-03 19:32:33] [PERF-DAY] 11주차 77일차 처리 0.167s (stype='휴식' | 그주마지막날=True | 경기있음=False | 부상=False)
[09-03 19:32:33] [AI리그] 12주차 5609경기, OVR캐시 11393→11393) 세부: 경기조회 0.015s | 시뮬루프 0.049s | executemany(5609건) 0.013s | teams반영+commit 0.041s
[09-03 19:32:33] [주 마무리] 12주차 0.15s (국제대회 0.00s | 챔스 0.03s | 클럽WC 0.00s | 국내컵 0.00s | 리그시뮬 0.12s)
[09-03 19:32:33] [PERF-DAY] 12주차 84일차 처리 0.149s (stype='휴식' | 그주마지막날=True | 경기있음=False | 부상=False)
[09-03 19:32:34] [AI리그] 13주차 5233경기, OVR캐시 11393→11393) 세부: 경기조회 0.017s | 시뮬루프 0.056s | executemany(5233건) 0.020s | teams반영+commit 0.044s
[09-03 19:32:34] [주 마무리] 13주차 0.17s (국제대회 0.00s | 챔스 0.03s | 클럽WC 0.00s | 국내컵 0.00s | 리그시뮬 0.14s)
[09-03 19:32:34] [PERF-DAY] 13주차 91일차 처리 0.169s (stype='휴식' | 그주마지막날=True | 경기있음=False | 부상=False)
[09-03 19:32:34] [AI리그] 14주차 5527경기, OVR캐시 11393→11393) 세부: 경기조회 0.015s | 시뮬루프 0.047s | executemany(5527건) 0.013s | teams반영+commit 0.036s
[09-03 19:32:34] [주 마무리] 14주차 0.15s (국제대회 0.00s | 챔스 0.03s | 클럽WC 0.00s | 국내컵 0.00s | 리그시뮬 0.11s)
[09-03 19:32:34] [PERF-DAY] 14주차 98일차 처리 0.149s (stype='휴식' | 그주마지막날=True | 경기있음=False | 부상=False)
[09-03 19:32:34] [AI리그] 15주차 5747경기, OVR캐시 11393→11393) 세부: 경기조회 0.024s | 시뮬루프 0.046s | executemany(5747건) 0.014s | teams반영+commit 0.036s
[09-03 19:32:34] [주 마무리] 15주차 0.16s (국제대회 0.00s | 챔스 0.04s | 클럽WC 0.00s | 국내컵 0.00s | 리그시뮬 0.12s)
[09-03 19:32:34] [PERF-DAY] 15주차 105일차 처리 0.166s (stype='휴식' | 그주마지막날=True | 경기있음=False | 부상=False)
[09-03 19:32:35] [AI리그] 16주차 5732경기, OVR캐시 11393→11393) 세부: 경기조회 0.015s | 시뮬루프 0.066s | executemany(5732건) 0.013s | teams반영+commit 0.040s
[09-03 19:32:35] [주 마무리] 16주차 0.20s (국제대회 0.00s | 챔스 0.06s | 클럽WC 0.00s | 국내컵 0.00s | 리그시뮬 0.14s)
[09-03 19:32:35] [PERF-DAY] 16주차 112일차 처리 0.201s (stype='휴식' | 그주마지막날=True | 경기있음=False | 부상=False)
[09-03 19:32:35] [AI리그] 17주차 5482경기, OVR캐시 11393→11393) 세부: 경기조회 0.012s | 시뮬루프 0.050s | executemany(5482건) 0.013s | teams반영+commit 0.036s
[09-03 19:32:35] [주 마무리] 17주차 0.12s (국제대회 0.00s | 챔스 0.00s | 클럽WC 0.00s | 국내컵 0.00s | 리그시뮬 0.11s)
[09-03 19:32:35] [PERF-DAY] 17주차 119일차 처리 0.120s (stype='휴식' | 그주마지막날=True | 경기있음=False | 부상=False)
[09-03 19:32:35] [AI리그] 18주차 5384경기, OVR캐시 11393→11393) 세부: 경기조회 0.013s | 시뮬루프 0.043s | executemany(5384건) 0.017s | teams반영+commit 0.038s
[09-03 19:32:35] [주 마무리] 18주차 0.14s (국제대회 0.00s | 챔스 0.03s | 클럽WC 0.00s | 국내컵 0.00s | 리그시뮬 0.11s)
[09-03 19:32:35] [PERF-DAY] 18주차 126일차 처리 0.146s (stype='휴식' | 그주마지막날=True | 경기있음=False | 부상=False)
[09-03 19:32:36] [AI리그] 19주차 3886경기, OVR캐시 11393→11393) 세부: 경기조회 0.011s | 시뮬루프 0.037s | executemany(3886건) 0.010s | teams반영+commit 0.030s
[09-03 19:32:36] [주 마무리] 19주차 0.10s (국제대회 0.00s | 챔스 0.00s | 클럽WC 0.00s | 국내컵 0.00s | 리그시뮬 0.09s)
[09-03 19:32:36] [PERF-DAY] 19주차 133일차 처리 0.098s (stype='휴식' | 그주마지막날=True | 경기있음=False | 부상=False)
[09-03 19:32:36] [AI리그] 20주차 3343경기, OVR캐시 11393→11393) 세부: 경기조회 0.010s | 시뮬루프 0.033s | executemany(3343건) 0.008s | teams반영+commit 0.023s
[09-03 19:32:36] [주 마무리] 20주차 0.10s (국제대회 0.00s | 챔스 0.02s | 클럽WC 0.00s | 국내컵 0.00s | 리그시뮬 0.08s)
[09-03 19:32:36] [PERF-DAY] 20주차 140일차 처리 0.098s (stype='휴식' | 그주마지막날=True | 경기있음=False | 부상=False)
[09-03 19:32:36] [AI리그] 21주차 2934경기, OVR캐시 11393→11393) 세부: 경기조회 0.010s | 시뮬루프 0.023s | executemany(2934건) 0.007s | teams반영+commit 0.021s
[09-03 19:32:36] [주 마무리] 21주차 0.08s (국제대회 0.00s | 챔스 0.01s | 클럽WC 0.00s | 국내컵 0.00s | 리그시뮬 0.06s)
[09-03 19:32:36] [PERF-DAY] 21주차 147일차 처리 0.079s (stype='휴식' | 그주마지막날=True | 경기있음=False | 부상=False)
[09-03 19:32:36] [AI리그] 22주차 2779경기, OVR캐시 11393→11393) 세부: 경기조회 0.009s | 시뮬루프 0.022s | executemany(2779건) 0.007s | teams반영+commit 0.019s
[09-03 19:32:36] [주 마무리] 22주차 0.07s (국제대회 0.00s | 챔스 0.01s | 클럽WC 0.00s | 국내컵 0.00s | 리그시뮬 0.06s)
[09-03 19:32:36] [PERF-DAY] 22주차 154일차 처리 0.073s (stype='휴식' | 그주마지막날=True | 경기있음=False | 부상=False)
[09-03 19:32:36] [AI리그] 23주차 2291경기, OVR캐시 11393→11393) 세부: 경기조회 0.009s | 시뮬루프 0.021s | executemany(2291건) 0.006s | teams반영+commit 0.016s
[09-03 19:32:36] [주 마무리] 23주차 0.07s (국제대회 0.00s | 챔스 0.02s | 클럽WC 0.00s | 국내컵 0.00s | 리그시뮬 0.05s)
[09-03 19:32:36] [PERF-DAY] 23주차 161일차 처리 0.080s (stype='휴식' | 그주마지막날=True | 경기있음=False | 부상=False)
[09-03 19:32:37] [AI리그] 24주차 2602경기, OVR캐시 11393→11393) 세부: 경기조회 0.012s | 시뮬루프 0.037s | executemany(2602건) 0.009s | teams반영+commit 0.019s
[09-03 19:32:37] [주 마무리] 24주차 0.08s (국제대회 0.00s | 챔스 0.00s | 클럽WC 0.00s | 국내컵 0.00s | 리그시뮬 0.08s)
[09-03 19:32:37] [PERF-DAY] 24주차 168일차 처리 0.085s (stype='휴식' | 그주마지막날=True | 경기있음=False | 부상=False)
[09-03 19:32:37] [PERF-DAILYHOOK] 25주차 169일차: process_intl_week 0.443s | process_cwc_week 0.000s
[09-03 19:32:37] [PERF-DAY] 25주차 169일차 처리 0.445s (stype='고강도' | 그주마지막날=False | 경기있음=False | 부상=False)
[09-03 19:32:37] [진행 총계] 0.48초
[09-03 19:32:38] [PERF-DAY] 27주차 189일차 처리 0.061s (stype='휴식' | 그주마지막날=True | 경기있음=False | 부상=False)
[09-03 19:32:41] [PERF-WEEKTAIL] 28주차: _pay_salary 0.000s | _advance_week 3.171s
[09-03 19:32:41] [PERF-DAY] 28주차 196일차 처리 3.187s (stype='휴식' | 그주마지막날=True | 경기있음=False | 부상=False)
[09-03 19:32:41] [진행 총계] 3.20초
[09-03 19:32:41] [AI리그] 29주차 4943경기, OVR캐시 11393→11393) 세부: 경기조회 0.010s | 시뮬루프 0.038s | executemany(4943건) 0.011s | teams반영+commit 0.032s
[09-03 19:32:41] [주 마무리] 29주차 0.10s (국제대회 0.00s | 챔스 0.00s | 클럽WC 0.00s | 국내컵 0.00s | 리그시뮬 0.10s)
[09-03 19:32:41] [PERF-DAY] 29주차 203일차 처리 0.099s (stype='휴식' | 그주마지막날=True | 경기있음=False | 부상=False)
[09-03 19:32:41] [AI리그] 30주차 6683경기, OVR캐시 11393→11393) 세부: 경기조회 0.010s | 시뮬루프 0.050s | executemany(6683건) 0.013s | teams반영+commit 0.032s
[09-03 19:32:41] [주 마무리] 30주차 0.19s (국제대회 0.00s | 챔스 0.00s | 클럽WC 0.00s | 국내컵 0.08s | 리그시뮬 0.11s)
[09-03 19:32:41] [PERF-DAY] 30주차 210일차 처리 0.187s (stype='휴식' | 그주마지막날=True | 경기있음=False | 부상=False)
[09-03 19:32:42] [AI리그] 31주차 6722경기, OVR캐시 11393→11393) 세부: 경기조회 0.011s | 시뮬루프 0.051s | executemany(6722건) 0.015s | teams반영+commit 0.036s
[09-03 19:32:42] [주 마무리] 31주차 0.12s (국제대회 0.00s | 챔스 0.00s | 클럽WC 0.00s | 국내컵 0.00s | 리그시뮬 0.12s)
[09-03 19:32:42] [PERF-DAY] 31주차 217일차 처리 0.119s (stype='휴식' | 그주마지막날=True | 경기있음=False | 부상=False)
[09-03 19:32:42] [AI리그] 32주차 6569경기, OVR캐시 11393→11393) 세부: 경기조회 0.011s | 시뮬루프 0.052s | executemany(6569건) 0.017s | teams반영+commit 0.039s
[09-03 19:32:42] [주 마무리] 32주차 0.21s (국제대회 0.00s | 챔스 0.00s | 클럽WC 0.00s | 국내컵 0.09s | 리그시뮬 0.12s)
[09-03 19:32:42] [PERF-DAY] 32주차 224일차 처리 0.216s (stype='휴식' | 그주마지막날=True | 경기있음=False | 부상=False)
[09-03 19:32:42] [AI리그] 33주차 6949경기, OVR캐시 11393→11393) 세부: 경기조회 0.010s | 시뮬루프 0.053s | executemany(6949건) 0.016s | teams반영+commit 0.039s
[09-03 19:32:42] [주 마무리] 33주차 0.12s (국제대회 0.00s | 챔스 0.00s | 클럽WC 0.00s | 국내컵 0.00s | 리그시뮬 0.12s)
[09-03 19:32:42] [PERF-DAY] 33주차 231일차 처리 0.123s (stype='휴식' | 그주마지막날=True | 경기있음=False | 부상=False)
[09-03 19:32:42] [AI리그] 34주차 6515경기, OVR캐시 11393→11393) 세부: 경기조회 0.009s | 시뮬루프 0.056s | executemany(6515건) 0.023s | teams반영+commit 0.036s
[09-03 19:32:42] [주 마무리] 34주차 0.20s (국제대회 0.00s | 챔스 0.00s | 클럽WC 0.00s | 국내컵 0.07s | 리그시뮬 0.13s)
[09-03 19:32:42] [PERF-DAY] 34주차 238일차 처리 0.204s (stype='휴식' | 그주마지막날=True | 경기있음=False | 부상=False)
[09-03 19:32:43] [AI리그] 35주차 6888경기, OVR캐시 11393→11393) 세부: 경기조회 0.010s | 시뮬루프 0.050s | executemany(6888건) 0.016s | teams반영+commit 0.038s
[09-03 19:32:43] [주 마무리] 35주차 0.12s (국제대회 0.00s | 챔스 0.00s | 클럽WC 0.00s | 국내컵 0.00s | 리그시뮬 0.12s)
[09-03 19:32:43] [PERF-DAY] 35주차 245일차 처리 0.121s (stype='휴식' | 그주마지막날=True | 경기있음=False | 부상=False)
[09-03 19:32:43] [AI리그] 36주차 7137경기, OVR캐시 11393→11393) 세부: 경기조회 0.009s | 시뮬루프 0.051s | executemany(7137건) 0.016s | teams반영+commit 0.040s
[09-03 19:32:43] [주 마무리] 36주차 0.17s (국제대회 0.00s | 챔스 0.00s | 클럽WC 0.00s | 국내컵 0.05s | 리그시뮬 0.12s)
[09-03 19:32:43] [PERF-DAY] 36주차 252일차 처리 0.168s (stype='휴식' | 그주마지막날=True | 경기있음=False | 부상=False)
[09-03 19:32:43] [AI리그] 37주차 6556경기, OVR캐시 11393→11393) 세부: 경기조회 0.007s | 시뮬루프 0.047s | executemany(6556건) 0.017s | teams반영+commit 0.038s
[09-03 19:32:43] [주 마무리] 37주차 0.12s (국제대회 0.00s | 챔스 0.00s | 클럽WC 0.00s | 국내컵 0.00s | 리그시뮬 0.11s)
[09-03 19:32:43] [PERF-DAY] 37주차 259일차 처리 0.117s (stype='휴식' | 그주마지막날=True | 경기있음=False | 부상=False)
[09-03 19:32:44] [AI리그] 38주차 6730경기, OVR캐시 11393→11393) 세부: 경기조회 0.008s | 시뮬루프 0.061s | executemany(6730건) 0.014s | teams반영+commit 0.034s
[09-03 19:32:44] [주 마무리] 38주차 0.20s (국제대회 0.00s | 챔스 0.00s | 클럽WC 0.00s | 국내컵 0.08s | 리그시뮬 0.12s)
[09-03 19:32:44] [PERF-DAY] 38주차 266일차 처리 0.200s (stype='휴식' | 그주마지막날=True | 경기있음=False | 부상=False)
[09-03 19:32:44] [AI리그] 39주차 6855경기, OVR캐시 11393→11393) 세부: 경기조회 0.011s | 시뮬루프 0.066s | executemany(6855건) 0.014s | teams반영+commit 0.036s
[09-03 19:32:44] [주 마무리] 39주차 0.13s (국제대회 0.00s | 챔스 0.00s | 클럽WC 0.00s | 국내컵 0.00s | 리그시뮬 0.13s)
[09-03 19:32:44] [PERF-DAY] 39주차 273일차 처리 0.134s (stype='휴식' | 그주마지막날=True | 경기있음=False | 부상=False)
[09-03 19:32:44] [AI리그] 40주차 6844경기, OVR캐시 11393→11393) 세부: 경기조회 0.007s | 시뮬루프 0.055s | executemany(6844건) 0.021s | teams반영+commit 0.046s
[09-03 19:32:44] [주 마무리] 40주차 0.16s (국제대회 0.00s | 챔스 0.00s | 클럽WC 0.00s | 국내컵 0.03s | 리그시뮬 0.13s)
[09-03 19:32:44] [PERF-DAY] 40주차 280일차 처리 0.161s (stype='휴식' | 그주마지막날=True | 경기있음=False | 부상=False)
[09-03 19:32:44] [AI리그] 41주차 6841경기, OVR캐시 11393→11393) 세부: 경기조회 0.008s | 시뮬루프 0.073s | executemany(6841건) 0.025s | teams반영+commit 0.059s
[09-03 19:32:44] [주 마무리] 41주차 0.18s (국제대회 0.00s | 챔스 0.00s | 클럽WC 0.00s | 국내컵 0.00s | 리그시뮬 0.17s)
[09-03 19:32:44] [PERF-DAY] 41주차 287일차 처리 0.178s (stype='휴식' | 그주마지막날=True | 경기있음=False | 부상=False)
[09-03 19:32:45] [AI리그] 42주차 6742경기, OVR캐시 11393→11393) 세부: 경기조회 0.006s | 시뮬루프 0.054s | executemany(6742건) 0.015s | teams반영+commit 0.036s
[09-03 19:32:45] [주 마무리] 42주차 0.12s (국제대회 0.00s | 챔스 0.00s | 클럽WC 0.00s | 국내컵 0.01s | 리그시뮬 0.11s)
[09-03 19:32:45] [PERF-DAY] 42주차 294일차 처리 0.124s (stype='휴식' | 그주마지막날=True | 경기있음=False | 부상=False)
[09-03 19:32:47] [PERF-PROMO] _process_promotion_relegation 세부: my_player/season조회 0.001s | teams+leagues조회 0.020s | standings계산(710개리그) 0.387s | ai_players OVR스캔 0.264s | 승강판정루프(211개국) 0.026s | executemany(1212건) 0.015s | 리스케일(1212건) 0.349s | commit/close 0.355s | 캐시무효화 0.000s
[09-03 19:32:47] [PERF-SEASON] finalize_club_season 세부: finish_incomplete_matches=0.063s | promotion_relegation=1.426s
[09-03 19:32:47] [PERF-YEAR] 43주차(CLUB_SEASON_END_DAY) 세부: finalize_club_season=1.489s | promotion_playoffs=0.024s | PRAGMA optimize=0.000s
[09-03 19:32:47] [PERF-DAY] 43주차 300일차 처리 1.527s (stype='휴식' | 그주마지막날=False | 경기있음=False | 부상=False)
[09-03 19:32:47] [진행 총계] 1.55초
[09-03 19:32:47] [PERF-DAILYHOOK] 44주차 302일차: process_po_week 0.058s
[09-03 19:32:47] [PERF-DAY] 44주차 302일차 처리 0.060s (stype='고강도' | 그주마지막날=False | 경기있음=False | 부상=False)
[09-03 19:32:47] [PERF-DAILYHOOK] 44주차 304일차: process_po_week 0.058s
[09-03 19:32:47] [PERF-DAY] 44주차 304일차 처리 0.059s (stype='고강도' | 그주마지막날=False | 경기있음=False | 부상=True)
[09-03 19:32:47] [PERF-DAILYHOOK] 44주차 306일차: process_po_week 0.085s
[09-03 19:32:47] [PERF-DAY] 44주차 306일차 처리 0.086s (stype='고강도' | 그주마지막날=False | 경기있음=False | 부상=True)
[09-03 19:32:47] [PERF-DAILYHOOK] 46주차 316일차: process_intl_week 0.162s | process_cwc_week 0.000s
[09-03 19:32:47] [PERF-DAY] 46주차 316일차 처리 0.163s (stype='고강도' | 그주마지막날=False | 경기있음=False | 부상=True)
[09-03 19:32:47] [PERF-DAILYHOOK] 46주차 317일차: process_intl_week 0.146s | process_cwc_week 0.000s
[09-03 19:32:47] [PERF-DAY] 46주차 317일차 처리 0.147s (stype='휴식' | 그주마지막날=False | 경기있음=False | 부상=True)
[09-03 19:32:47] [PERF-DAILYHOOK] 46주차 318일차: process_intl_week 0.174s | process_cwc_week 0.000s
[09-03 19:32:47] [PERF-DAY] 46주차 318일차 처리 0.176s (stype='고강도' | 그주마지막날=False | 경기있음=False | 부상=True)
[09-03 19:32:48] [PERF-DAILYHOOK] 46주차 319일차: process_intl_week 0.138s | process_cwc_week 0.000s
[09-03 19:32:48] [PERF-DAY] 46주차 319일차 처리 0.139s (stype='휴식' | 그주마지막날=False | 경기있음=False | 부상=True)
[09-03 19:32:48] [진행 총계] 0.65초
[09-03 19:33:35] [PERF]   _end_of_season 세부: AI생애주기 46.16s (승강제 타이밍은 43주 _finalize_club_season으로 이동 — 여기 안 잡힘)
[09-03 19:33:37] [PERF]   일정생성 세부: 아카이브이동 0.97s | 완비판정조회 0.01s | 기존경기dedup조회 0.00s | 일정계산 0.21s | INSERT+commit 0.38s | (대상리그 710개, 신규경기 201400건)
[09-03 19:33:37] [PERF]   인덱스재생성 0.39s
[09-03 19:33:39] [PERF] 연도전환 총 49.89s (커리어정리 0.00s | _end_of_season 46.17s | 일정생성 1.96s | 파워랭킹 1.75s | PRAGMA optimize 0.00s)
[09-03 19:33:39] [PERF-WEEKTAIL] 52주차: _pay_salary 0.000s | _advance_week 49.890s
[09-03 19:33:39] [PERF-DAY] 52주차 364일차 처리 49.893s (stype='휴식' | 그주마지막날=True | 경기있음=False | 부상=False)
[09-03 19:33:39] [진행 총계] 49.90초
[09-03 19:33:40] [AI리그] 4주차 4527경기, OVR캐시 0→9054) 세부: 경기조회 0.015s | 시뮬루프 0.351s | executemany(4527건) 0.010s | teams반영+commit 0.025s
[09-03 19:33:40] [주 마무리] 4주차 0.40s (국제대회 0.00s | 챔스 0.00s | 클럽WC 0.00s | 국내컵 0.00s | 리그시뮬 0.40s)
[09-03 19:33:40] [PERF-WEEKTAIL] 4주차: _pay_salary 0.000s | _advance_week 0.214s
[09-03 19:33:40] [PERF-DAY] 4주차 28일차 처리 0.621s (stype='휴식' | 그주마지막날=True | 경기있음=False | 부상=False)
[09-03 19:33:40] [진행 총계] 0.63초
[09-03 19:33:40] [AI리그] 5주차 5771경기, OVR캐시 11263→11393) 세부: 경기조회 0.016s | 시뮬루프 0.075s | executemany(5771건) 0.013s | teams반영+commit 0.043s
[09-03 19:33:41] [주 마무리] 5주차 0.29s (국제대회 0.00s | 챔스 0.00s | 클럽WC 0.00s | 국내컵 0.14s | 리그시뮬 0.15s)
[09-03 19:33:41] [PERF-DAY] 5주차 35일차 처리 0.295s (stype='휴식' | 그주마지막날=True | 경기있음=False | 부상=False)
[09-03 19:33:41] [진행 총계] 0.30초
[09-03 19:33:41] [AI리그] 6주차 5734경기, OVR캐시 11393→11393) 세부: 경기조회 0.015s | 시뮬루프 0.048s | executemany(5734건) 0.013s | teams반영+commit 0.044s
[09-03 19:33:41] [주 마무리] 6주차 0.33s (국제대회 0.00s | 챔스 0.00s | 클럽WC 0.00s | 국내컵 0.20s | 리그시뮬 0.13s)
[09-03 19:33:41] [PERF-DAY] 6주차 42일차 처리 0.329s (stype='휴식' | 그주마지막날=True | 경기있음=False | 부상=False)
[09-03 19:33:41] [진행 총계] 0.34초
[09-03 19:33:42] [AI리그] 7주차 5801경기, OVR캐시 11393→11393) 세부: 경기조회 0.016s | 시뮬루프 0.061s | executemany(5801건) 0.013s | teams반영+commit 0.042s
[09-03 19:33:42] [주 마무리] 7주차 0.24s (국제대회 0.00s | 챔스 0.00s | 클럽WC 0.00s | 국내컵 0.11s | 리그시뮬 0.14s)
[09-03 19:33:42] [PERF-WEEKTAIL] 7주차: _pay_salary 0.000s | _advance_week 0.115s
[09-03 19:33:42] [PERF-DAY] 7주차 49일차 처리 0.359s (stype='휴식' | 그주마지막날=True | 경기있음=False | 부상=False)
[09-03 19:33:42] [진행 총계] 0.37초
[09-03 19:33:42] [AI리그] 8주차 5757경기, OVR캐시 11393→11393) 세부: 경기조회 0.016s | 시뮬루프 0.049s | executemany(5757건) 0.014s | teams반영+commit 0.044s
[09-03 19:33:42] [주 마무리] 8주차 0.13s (국제대회 0.00s | 챔스 0.00s | 클럽WC 0.00s | 국내컵 0.00s | 리그시뮬 0.13s)
[09-03 19:33:42] [PERF-DAY] 8주차 56일차 처리 0.133s (stype='휴식' | 그주마지막날=True | 경기있음=False | 부상=False)
[09-03 19:33:42] [AI리그] 9주차 5731경기, OVR캐시 11393→11393) 세부: 경기조회 0.025s | 시뮬루프 0.069s | executemany(5731건) 0.013s | teams반영+commit 0.041s
[09-03 19:33:42] [주 마무리] 9주차 0.19s (국제대회 0.00s | 챔스 0.04s | 클럽WC 0.00s | 국내컵 0.00s | 리그시뮬 0.15s)
[09-03 19:33:42] [PERF-DAY] 9주차 63일차 처리 0.195s (stype='휴식' | 그주마지막날=True | 경기있음=False | 부상=False)
[09-03 19:33:42] [AI리그] 10주차 5766경기, OVR캐시 11393→11393) 세부: 경기조회 0.014s | 시뮬루프 0.046s | executemany(5766건) 0.013s | teams반영+commit 0.058s
[09-03 19:33:42] [주 마무리] 10주차 0.16s (국제대회 0.00s | 챔스 0.02s | 클럽WC 0.00s | 국내컵 0.00s | 리그시뮬 0.14s)
[09-03 19:33:42] [PERF-DAY] 10주차 70일차 처리 0.164s (stype='휴식' | 그주마지막날=True | 경기있음=False | 부상=False)
[09-03 19:33:43] [AI리그] 11주차 5618경기, OVR캐시 11393→11393) 세부: 경기조회 0.016s | 시뮬루프 0.072s | executemany(5618건) 0.014s | teams반영+commit 0.041s
[09-03 19:33:43] [주 마무리] 11주차 0.18s (국제대회 0.00s | 챔스 0.03s | 클럽WC 0.00s | 국내컵 0.00s | 리그시뮬 0.15s)
[09-03 19:33:43] [PERF-DAY] 11주차 77일차 처리 0.178s (stype='휴식' | 그주마지막날=True | 경기있음=False | 부상=False)
[09-03 19:33:43] [AI리그] 12주차 5609경기, OVR캐시 11393→11393) 세부: 경기조회 0.015s | 시뮬루프 0.049s | executemany(5609건) 0.013s | teams반영+commit 0.037s
[09-03 19:33:43] [주 마무리] 12주차 0.14s (국제대회 0.00s | 챔스 0.02s | 클럽WC 0.00s | 국내컵 0.00s | 리그시뮬 0.12s)
[09-03 19:33:43] [PERF-DAY] 12주차 84일차 처리 0.146s (stype='휴식' | 그주마지막날=True | 경기있음=False | 부상=False)
[09-03 19:33:43] [AI리그] 13주차 5233경기, OVR캐시 11393→11393) 세부: 경기조회 0.019s | 시뮬루프 0.054s | executemany(5233건) 0.012s | teams반영+commit 0.037s
[09-03 19:33:43] [주 마무리] 13주차 0.16s (국제대회 0.00s | 챔스 0.03s | 클럽WC 0.00s | 국내컵 0.00s | 리그시뮬 0.13s)
[09-03 19:33:43] [PERF-DAY] 13주차 91일차 처리 0.162s (stype='휴식' | 그주마지막날=True | 경기있음=False | 부상=False)
[09-03 19:33:44] [AI리그] 14주차 5527경기, OVR캐시 11393→11393) 세부: 경기조회 0.014s | 시뮬루프 0.049s | executemany(5527건) 0.015s | teams반영+commit 0.039s
[09-03 19:33:44] [주 마무리] 14주차 0.15s (국제대회 0.00s | 챔스 0.03s | 클럽WC 0.00s | 국내컵 0.00s | 리그시뮬 0.12s)
[09-03 19:33:44] [PERF-DAY] 14주차 98일차 처리 0.149s (stype='휴식' | 그주마지막날=True | 경기있음=False | 부상=False)
[09-03 19:33:44] [AI리그] 15주차 5747경기, OVR캐시 11393→11393) 세부: 경기조회 0.014s | 시뮬루프 0.054s | executemany(5747건) 0.014s | teams반영+commit 0.042s
[09-03 19:33:44] [주 마무리] 15주차 0.16s (국제대회 0.00s | 챔스 0.03s | 클럽WC 0.00s | 국내컵 0.00s | 리그시뮬 0.13s)
[09-03 19:33:44] [PERF-DAY] 15주차 105일차 처리 0.159s (stype='휴식' | 그주마지막날=True | 경기있음=False | 부상=False)
[09-03 19:33:44] [AI리그] 16주차 5732경기, OVR캐시 11393→11393) 세부: 경기조회 0.013s | 시뮬루프 0.044s | executemany(5732건) 0.013s | teams반영+commit 0.040s
[09-03 19:33:44] [주 마무리] 16주차 0.16s (국제대회 0.00s | 챔스 0.05s | 클럽WC 0.00s | 국내컵 0.00s | 리그시뮬 0.11s)
[09-03 19:33:44] [PERF-DAY] 16주차 112일차 처리 0.165s (stype='휴식' | 그주마지막날=True | 경기있음=False | 부상=True)
[09-03 19:33:45] [AI리그] 17주차 5482경기, OVR캐시 11393→11393) 세부: 경기조회 0.013s | 시뮬루프 0.058s | executemany(5482건) 0.013s | teams반영+commit 0.046s
[09-03 19:33:45] [주 마무리] 17주차 0.14s (국제대회 0.00s | 챔스 0.00s | 클럽WC 0.00s | 국내컵 0.00s | 리그시뮬 0.13s)
[09-03 19:33:45] [PERF-DAY] 17주차 119일차 처리 0.139s (stype='휴식' | 그주마지막날=True | 경기있음=False | 부상=True)
[09-03 19:33:45] [AI리그] 18주차 5384경기, OVR캐시 11393→11393) 세부: 경기조회 0.012s | 시뮬루프 0.042s | executemany(5384건) 0.014s | teams반영+commit 0.038s
[09-03 19:33:45] [주 마무리] 18주차 0.14s (국제대회 0.00s | 챔스 0.03s | 클럽WC 0.00s | 국내컵 0.00s | 리그시뮬 0.11s)
[09-03 19:33:45] [PERF-DAY] 18주차 126일차 처리 0.138s (stype='휴식' | 그주마지막날=True | 경기있음=False | 부상=False)
[09-03 19:33:46] [AI리그] 19주차 3886경기, OVR캐시 11393→11393) 세부: 경기조회 0.018s | 시뮬루프 0.043s | executemany(3886건) 0.011s | teams반영+commit 0.027s
[09-03 19:33:46] [주 마무리] 19주차 0.11s (국제대회 0.00s | 챔스 0.00s | 클럽WC 0.00s | 국내컵 0.00s | 리그시뮬 0.10s)
[09-03 19:33:46] [PERF-DAY] 19주차 133일차 처리 0.110s (stype='휴식' | 그주마지막날=True | 경기있음=False | 부상=False)
[09-03 19:33:46] [AI리그] 20주차 3343경기, OVR캐시 11393→11393) 세부: 경기조회 0.010s | 시뮬루프 0.033s | executemany(3343건) 0.008s | teams반영+commit 0.023s
[09-03 19:33:46] [주 마무리] 20주차 0.10s (국제대회 0.00s | 챔스 0.02s | 클럽WC 0.00s | 국내컵 0.00s | 리그시뮬 0.08s)
[09-03 19:33:46] [PERF-DAY] 20주차 140일차 처리 0.099s (stype='휴식' | 그주마지막날=True | 경기있음=False | 부상=False)
[09-03 19:33:46] [AI리그] 21주차 2934경기, OVR캐시 11393→11393) 세부: 경기조회 0.013s | 시뮬루프 0.030s | executemany(2934건) 0.010s | teams반영+commit 0.030s
[09-03 19:33:46] [주 마무리] 21주차 0.10s (국제대회 0.00s | 챔스 0.01s | 클럽WC 0.00s | 국내컵 0.00s | 리그시뮬 0.09s)
[09-03 19:33:46] [PERF-DAY] 21주차 147일차 처리 0.102s (stype='휴식' | 그주마지막날=True | 경기있음=False | 부상=False)
[09-03 19:33:46] [AI리그] 22주차 2779경기, OVR캐시 11393→11393) 세부: 경기조회 0.011s | 시뮬루프 0.026s | executemany(2779건) 0.011s | teams반영+commit 0.031s
[09-03 19:33:46] [주 마무리] 22주차 0.10s (국제대회 0.00s | 챔스 0.01s | 클럽WC 0.00s | 국내컵 0.00s | 리그시뮬 0.08s)
[09-03 19:33:46] [PERF-DAY] 22주차 154일차 처리 0.102s (stype='휴식' | 그주마지막날=True | 경기있음=False | 부상=False)
[09-03 19:33:47] [주 마무리] 23주차 0.07s (국제대회 0.00s | 챔스 0.02s | 클럽WC 0.00s | 국내컵 0.00s | 리그시뮬 0.05s)
[09-03 19:33:47] [PERF-DAY] 23주차 161일차 처리 0.081s (stype='휴식' | 그주마지막날=True | 경기있음=False | 부상=False)
[09-03 19:33:47] [AI리그] 24주차 2602경기, OVR캐시 11393→11393) 세부: 경기조회 0.009s | 시뮬루프 0.023s | executemany(2602건) 0.006s | teams반영+commit 0.013s
[09-03 19:33:47] [주 마무리] 24주차 0.05s (국제대회 0.00s | 챔스 0.00s | 클럽WC 0.00s | 국내컵 0.00s | 리그시뮬 0.05s)
[09-03 19:33:47] [PERF-DAY] 24주차 168일차 처리 0.057s (stype='휴식' | 그주마지막날=True | 경기있음=False | 부상=False)
[09-03 19:33:47] [PERF-DAILYHOOK] 25주차 169일차: process_intl_week 0.667s | process_cwc_week 0.000s
[09-03 19:33:47] [PERF-DAY] 25주차 169일차 처리 0.669s (stype='고강도' | 그주마지막날=False | 경기있음=False | 부상=False)
[09-03 19:33:47] [진행 총계] 0.71초
[09-03 19:33:48] [PERF-DAILYHOOK] 27주차 189일차: process_intl_week 0.058s | process_cwc_week 0.000s
[09-03 19:33:48] [PERF-DAY] 27주차 189일차 처리 0.070s (stype='휴식' | 그주마지막날=True | 경기있음=False | 부상=False)
[09-03 19:33:51] [PERF-WEEKTAIL] 28주차: _pay_salary 0.000s | _advance_week 3.266s
[09-03 19:33:51] [PERF-DAY] 28주차 196일차 처리 3.276s (stype='휴식' | 그주마지막날=True | 경기있음=False | 부상=False)
[09-03 19:33:51] [진행 총계] 3.28초
[09-03 19:33:51] [AI리그] 29주차 4943경기, OVR캐시 11393→11393) 세부: 경기조회 0.010s | 시뮬루프 0.040s | executemany(4943건) 0.012s | teams반영+commit 0.032s
[09-03 19:33:51] [주 마무리] 29주차 0.10s (국제대회 0.00s | 챔스 0.00s | 클럽WC 0.00s | 국내컵 0.00s | 리그시뮬 0.10s)
[09-03 19:33:51] [PERF-DAY] 29주차 203일차 처리 0.100s (stype='휴식' | 그주마지막날=True | 경기있음=False | 부상=False)
[09-03 19:33:52] [AI리그] 30주차 6683경기, OVR캐시 11393→11393) 세부: 경기조회 0.011s | 시뮬루프 0.050s | executemany(6683건) 0.016s | teams반영+commit 0.041s
[09-03 19:33:52] [주 마무리] 30주차 0.20s (국제대회 0.00s | 챔스 0.00s | 클럽WC 0.00s | 국내컵 0.08s | 리그시뮬 0.12s)
[09-03 19:33:52] [PERF-DAY] 30주차 210일차 처리 0.202s (stype='휴식' | 그주마지막날=True | 경기있음=False | 부상=False)
[09-03 19:33:53] [AI리그] 31주차 6722경기, OVR캐시 11393→11393) 세부: 경기조회 0.016s | 시뮬루프 0.055s | executemany(6722건) 0.017s | teams반영+commit 0.043s
[09-03 19:33:53] [주 마무리] 31주차 0.14s (국제대회 0.00s | 챔스 0.00s | 클럽WC 0.00s | 국내컵 0.00s | 리그시뮬 0.13s)
[09-03 19:33:53] [PERF-DAY] 31주차 217일차 처리 0.139s (stype='휴식' | 그주마지막날=True | 경기있음=False | 부상=False)
[09-03 19:33:53] [AI리그] 32주차 6569경기, OVR캐시 11393→11393) 세부: 경기조회 0.010s | 시뮬루프 0.050s | executemany(6569건) 0.017s | teams반영+commit 0.040s
[09-03 19:33:53] [주 마무리] 32주차 0.20s (국제대회 0.00s | 챔스 0.00s | 클럽WC 0.00s | 국내컵 0.08s | 리그시뮬 0.12s)
[09-03 19:33:53] [PERF-DAY] 32주차 224일차 처리 0.206s (stype='휴식' | 그주마지막날=True | 경기있음=False | 부상=True)
[09-03 19:33:53] [AI리그] 33주차 6949경기, OVR캐시 11393→11393) 세부: 경기조회 0.012s | 시뮬루프 0.051s | executemany(6949건) 0.015s | teams반영+commit 0.050s
[09-03 19:33:53] [주 마무리] 33주차 0.13s (국제대회 0.00s | 챔스 0.00s | 클럽WC 0.00s | 국내컵 0.00s | 리그시뮬 0.13s)
[09-03 19:33:53] [PERF-DAY] 33주차 231일차 처리 0.136s (stype='휴식' | 그주마지막날=True | 경기있음=False | 부상=True)
[09-03 19:33:53] [AI리그] 34주차 6515경기, OVR캐시 11393→11393) 세부: 경기조회 0.009s | 시뮬루프 0.049s | executemany(6515건) 0.014s | teams반영+commit 0.032s
[09-03 19:33:53] [주 마무리] 34주차 0.18s (국제대회 0.00s | 챔스 0.00s | 클럽WC 0.00s | 국내컵 0.07s | 리그시뮬 0.11s)
[09-03 19:33:53] [PERF-DAY] 34주차 238일차 처리 0.179s (stype='휴식' | 그주마지막날=True | 경기있음=False | 부상=True)
[09-03 19:33:54] [AI리그] 35주차 6888경기, OVR캐시 11393→11393) 세부: 경기조회 0.013s | 시뮬루프 0.052s | executemany(6888건) 0.014s | teams반영+commit 0.038s
[09-03 19:33:54] [주 마무리] 35주차 0.12s (국제대회 0.00s | 챔스 0.00s | 클럽WC 0.00s | 국내컵 0.00s | 리그시뮬 0.12s)
[09-03 19:33:54] [PERF-DAY] 35주차 245일차 처리 0.125s (stype='휴식' | 그주마지막날=True | 경기있음=False | 부상=True)
[09-03 19:33:54] [AI리그] 36주차 7137경기, OVR캐시 11393→11393) 세부: 경기조회 0.009s | 시뮬루프 0.052s | executemany(7137건) 0.016s | teams반영+commit 0.042s
[09-03 19:33:54] [주 마무리] 36주차 0.17s (국제대회 0.00s | 챔스 0.00s | 클럽WC 0.00s | 국내컵 0.05s | 리그시뮬 0.12s)
[09-03 19:33:54] [PERF-DAY] 36주차 252일차 처리 0.175s (stype='휴식' | 그주마지막날=True | 경기있음=False | 부상=False)
[09-03 19:33:54] [AI리그] 37주차 6556경기, OVR캐시 11393→11393) 세부: 경기조회 0.008s | 시뮬루프 0.057s | executemany(6556건) 0.016s | teams반영+commit 0.040s
[09-03 19:33:54] [주 마무리] 37주차 0.13s (국제대회 0.00s | 챔스 0.00s | 클럽WC 0.00s | 국내컵 0.00s | 리그시뮬 0.12s)
[09-03 19:33:54] [PERF-DAY] 37주차 259일차 처리 0.128s (stype='휴식' | 그주마지막날=True | 경기있음=False | 부상=False)
[09-03 19:33:54] [AI리그] 38주차 6730경기, OVR캐시 11393→11393) 세부: 경기조회 0.007s | 시뮬루프 0.065s | executemany(6730건) 0.016s | teams반영+commit 0.039s
[09-03 19:33:54] [주 마무리] 38주차 0.20s (국제대회 0.00s | 챔스 0.00s | 클럽WC 0.00s | 국내컵 0.07s | 리그시뮬 0.13s)
[09-03 19:33:54] [PERF-DAY] 38주차 266일차 처리 0.198s (stype='휴식' | 그주마지막날=True | 경기있음=False | 부상=False)
[09-03 19:33:55] [AI리그] 39주차 6855경기, OVR캐시 11393→11393) 세부: 경기조회 0.009s | 시뮬루프 0.052s | executemany(6855건) 0.017s | teams반영+commit 0.042s
[09-03 19:33:55] [주 마무리] 39주차 0.13s (국제대회 0.00s | 챔스 0.00s | 클럽WC 0.00s | 국내컵 0.00s | 리그시뮬 0.12s)
[09-03 19:33:55] [PERF-DAY] 39주차 273일차 처리 0.128s (stype='휴식' | 그주마지막날=True | 경기있음=False | 부상=False)
[09-03 19:33:55] [AI리그] 40주차 6844경기, OVR캐시 11393→11393) 세부: 경기조회 0.007s | 시뮬루프 0.048s | executemany(6844건) 0.016s | teams반영+commit 0.048s
[09-03 19:33:55] [주 마무리] 40주차 0.15s (국제대회 0.00s | 챔스 0.00s | 클럽WC 0.00s | 국내컵 0.03s | 리그시뮬 0.12s)
[09-03 19:33:55] [PERF-DAY] 40주차 280일차 처리 0.151s (stype='휴식' | 그주마지막날=True | 경기있음=False | 부상=False)
[09-03 19:33:55] [AI리그] 41주차 6841경기, OVR캐시 11393→11393) 세부: 경기조회 0.008s | 시뮬루프 0.060s | executemany(6841건) 0.016s | teams반영+commit 0.050s
[09-03 19:33:55] [주 마무리] 41주차 0.14s (국제대회 0.00s | 챔스 0.00s | 클럽WC 0.00s | 국내컵 0.00s | 리그시뮬 0.14s)
[09-03 19:33:55] [PERF-DAY] 41주차 287일차 처리 0.142s (stype='휴식' | 그주마지막날=True | 경기있음=False | 부상=False)
[09-03 19:33:55] [AI리그] 42주차 6742경기, OVR캐시 11393→11393) 세부: 경기조회 0.005s | 시뮬루프 0.060s | executemany(6742건) 0.016s | teams반영+commit 0.037s
[09-03 19:33:55] [주 마무리] 42주차 0.13s (국제대회 0.00s | 챔스 0.00s | 클럽WC 0.00s | 국내컵 0.01s | 리그시뮬 0.12s)
[09-03 19:33:55] [PERF-DAY] 42주차 294일차 처리 0.130s (stype='휴식' | 그주마지막날=True | 경기있음=False | 부상=False)
[09-03 19:33:57] [PERF-PROMO] _process_promotion_relegation 세부: my_player/season조회 0.001s | teams+leagues조회 0.013s | standings계산(710개리그) 0.354s | ai_players OVR스캔 0.277s | 승강판정루프(211개국) 0.026s | executemany(1212건) 0.016s | 리스케일(1212건) 0.349s | commit/close 0.341s | 캐시무효화 0.000s
[09-03 19:33:57] [PERF-SEASON] finalize_club_season 세부: finish_incomplete_matches=0.071s | promotion_relegation=1.388s
[09-03 19:33:57] [PERF-YEAR] 43주차(CLUB_SEASON_END_DAY) 세부: finalize_club_season=1.460s | promotion_playoffs=0.025s | PRAGMA optimize=0.000s
[09-03 19:33:57] [PERF-DAY] 43주차 300일차 처리 1.501s (stype='휴식' | 그주마지막날=False | 경기있음=False | 부상=False)
[09-03 19:33:57] [진행 총계] 1.54초
[09-03 19:33:57] [PERF-DAILYHOOK] 44주차 302일차: process_po_week 0.056s
[09-03 19:33:57] [PERF-DAY] 44주차 302일차 처리 0.058s (stype='고강도' | 그주마지막날=False | 경기있음=False | 부상=False)
[09-03 19:33:58] [PERF-DAILYHOOK] 44주차 304일차: process_po_week 0.060s
[09-03 19:33:58] [PERF-DAY] 44주차 304일차 처리 0.062s (stype='고강도' | 그주마지막날=False | 경기있음=False | 부상=False)
[09-03 19:33:58] [PERF-DAILYHOOK] 44주차 306일차: process_po_week 0.085s
[09-03 19:33:58] [PERF-DAY] 44주차 306일차 처리 0.086s (stype='고강도' | 그주마지막날=False | 경기있음=False | 부상=False)
[09-03 19:33:58] [PERF-DAILYHOOK] 46주차 316일차: process_intl_week 0.673s | process_cwc_week 0.000s
[09-03 19:33:58] [PERF-DAY] 46주차 316일차 처리 0.674s (stype='고강도' | 그주마지막날=False | 경기있음=False | 부상=False)
[09-03 19:33:58] [PERF-DAILYHOOK] 46주차 317일차: process_intl_week 0.132s | process_cwc_week 0.000s
[09-03 19:33:58] [PERF-DAY] 46주차 317일차 처리 0.134s (stype='휴식' | 그주마지막날=False | 경기있음=False | 부상=False)
[09-03 19:33:59] [PERF-DAILYHOOK] 46주차 320일차: process_intl_week 0.089s | process_cwc_week 0.000s
[09-03 19:33:59] [PERF-DAY] 46주차 320일차 처리 0.091s (stype='고강도' | 그주마지막날=False | 경기있음=False | 부상=False)
[09-03 19:33:59] [진행 총계] 0.95초
[09-03 19:34:48] [PERF]   _end_of_season 세부: AI생애주기 48.02s (승강제 타이밍은 43주 _finalize_club_season으로 이동 — 여기 안 잡힘)
[09-03 19:34:50] [PERF]   일정생성 세부: 아카이브이동 1.19s | 완비판정조회 0.01s | 기존경기dedup조회 0.00s | 일정계산 0.22s | INSERT+commit 0.41s | (대상리그 710개, 신규경기 201400건)
[09-03 19:34:50] [PERF]   인덱스재생성 0.38s
[09-03 19:34:52] [PERF] 연도전환 총 52.05s (커리어정리 0.00s | _end_of_season 48.03s | 일정생성 2.21s | 파워랭킹 1.81s | PRAGMA optimize 0.00s)
[09-03 19:34:52] [PERF-WEEKTAIL] 52주차: _pay_salary 0.000s | _advance_week 52.050s
[09-03 19:34:52] [PERF-DAY] 52주차 364일차 처리 52.052s (stype='휴식' | 그주마지막날=True | 경기있음=False | 부상=False)
[09-03 19:34:52] [진행 총계] 52.06초
[09-03 19:34:53] [AI리그] 4주차 4527경기, OVR캐시 0→9054) 세부: 경기조회 0.016s | 시뮬루프 0.364s | executemany(4527건) 0.010s | teams반영+commit 0.025s
[09-03 19:34:53] [주 마무리] 4주차 0.42s (국제대회 0.00s | 챔스 0.00s | 클럽WC 0.00s | 국내컵 0.00s | 리그시뮬 0.42s)
[09-03 19:34:54] [PERF-WEEKTAIL] 4주차: _pay_salary 0.000s | _advance_week 0.217s
[09-03 19:34:54] [PERF-DAY] 4주차 28일차 처리 0.636s (stype='휴식' | 그주마지막날=True | 경기있음=False | 부상=False)
[09-03 19:34:54] [진행 총계] 0.64초
[09-03 19:34:54] [AI리그] 5주차 5771경기, OVR캐시 11263→11393) 세부: 경기조회 0.017s | 시뮬루프 0.075s | executemany(5771건) 0.013s | teams반영+commit 0.039s
[09-03 19:34:54] [주 마무리] 5주차 0.29s (국제대회 0.00s | 챔스 0.00s | 클럽WC 0.00s | 국내컵 0.14s | 리그시뮬 0.15s)
[09-03 19:34:54] [PERF-DAY] 5주차 35일차 처리 0.291s (stype='휴식' | 그주마지막날=True | 경기있음=False | 부상=False)
[09-03 19:34:54] [AI리그] 6주차 5734경기, OVR캐시 11393→11393) 세부: 경기조회 0.015s | 시뮬루프 0.047s | executemany(5734건) 0.014s | teams반영+commit 0.046s
[09-03 19:34:54] [주 마무리] 6주차 0.28s (국제대회 0.00s | 챔스 0.00s | 클럽WC 0.00s | 국내컵 0.15s | 리그시뮬 0.13s)
[09-03 19:34:54] [PERF-DAY] 6주차 42일차 처리 0.283s (stype='휴식' | 그주마지막날=True | 경기있음=False | 부상=False)
[09-03 19:34:55] [AI리그] 7주차 5801경기, OVR캐시 11393→11393) 세부: 경기조회 0.025s | 시뮬루프 0.069s | executemany(5801건) 0.013s | teams반영+commit 0.041s
[09-03 19:34:55] [주 마무리] 7주차 0.28s (국제대회 0.00s | 챔스 0.00s | 클럽WC 0.00s | 국내컵 0.13s | 리그시뮬 0.15s)
[09-03 19:34:55] [PERF-WEEKTAIL] 7주차: _pay_salary 0.000s | _advance_week 0.126s
[09-03 19:34:55] [PERF-DAY] 7주차 49일차 처리 0.405s (stype='휴식' | 그주마지막날=True | 경기있음=False | 부상=False)
[09-03 19:34:55] [진행 총계] 0.41초
[09-03 19:34:56] [AI리그] 8주차 5757경기, OVR캐시 11393→11393) 세부: 경기조회 0.021s | 시뮬루프 0.079s | executemany(5757건) 0.018s | teams반영+commit 0.058s
[09-03 19:34:56] [주 마무리] 8주차 0.19s (국제대회 0.00s | 챔스 0.00s | 클럽WC 0.00s | 국내컵 0.00s | 리그시뮬 0.18s)
[09-03 19:34:56] [PERF-DAY] 8주차 56일차 처리 0.189s (stype='휴식' | 그주마지막날=True | 경기있음=False | 부상=False)
[09-03 19:34:56] [AI리그] 9주차 5731경기, OVR캐시 11393→11393) 세부: 경기조회 0.015s | 시뮬루프 0.052s | executemany(5731건) 0.014s | teams반영+commit 0.042s
[09-03 19:34:56] [주 마무리] 9주차 0.17s (국제대회 0.00s | 챔스 0.04s | 클럽WC 0.00s | 국내컵 0.00s | 리그시뮬 0.13s)
[09-03 19:34:56] [PERF-DAY] 9주차 63일차 처리 0.171s (stype='휴식' | 그주마지막날=True | 경기있음=False | 부상=False)
[09-03 19:34:56] [AI리그] 10주차 5766경기, OVR캐시 11393→11393) 세부: 경기조회 0.016s | 시뮬루프 0.065s | executemany(5766건) 0.019s | teams반영+commit 0.042s
[09-03 19:34:56] [주 마무리] 10주차 0.17s (국제대회 0.00s | 챔스 0.03s | 클럽WC 0.00s | 국내컵 0.00s | 리그시뮬 0.15s)
[09-03 19:34:56] [PERF-DAY] 10주차 70일차 처리 0.176s (stype='휴식' | 그주마지막날=True | 경기있음=False | 부상=True)
[09-03 19:34:57] [AI리그] 11주차 5618경기, OVR캐시 11393→11393) 세부: 경기조회 0.014s | 시뮬루프 0.047s | executemany(5618건) 0.013s | teams반영+commit 0.040s
[09-03 19:34:57] [주 마무리] 11주차 0.16s (국제대회 0.00s | 챔스 0.04s | 클럽WC 0.00s | 국내컵 0.00s | 리그시뮬 0.12s)
[09-03 19:34:57] [PERF-DAY] 11주차 77일차 처리 0.164s (stype='휴식' | 그주마지막날=True | 경기있음=False | 부상=True)
[09-03 19:34:57] [AI리그] 12주차 5609경기, OVR캐시 11393→11393) 세부: 경기조회 0.015s | 시뮬루프 0.051s | executemany(5609건) 0.013s | teams반영+commit 0.038s
[09-03 19:34:57] [주 마무리] 12주차 0.15s (국제대회 0.00s | 챔스 0.03s | 클럽WC 0.00s | 국내컵 0.00s | 리그시뮬 0.12s)
[09-03 19:34:57] [PERF-DAY] 12주차 84일차 처리 0.152s (stype='휴식' | 그주마지막날=True | 경기있음=False | 부상=True)
[09-03 19:34:57] [AI리그] 13주차 5233경기, OVR캐시 11393→11393) 세부: 경기조회 0.013s | 시뮬루프 0.043s | executemany(5233건) 0.013s | teams반영+commit 0.034s
[09-03 19:34:57] [주 마무리] 13주차 0.13s (국제대회 0.00s | 챔스 0.02s | 클럽WC 0.00s | 국내컵 0.00s | 리그시뮬 0.11s)
[09-03 19:34:57] [PERF-DAY] 13주차 91일차 처리 0.136s (stype='휴식' | 그주마지막날=True | 경기있음=False | 부상=True)
[09-03 19:34:57] [AI리그] 14주차 5527경기, OVR캐시 11393→11393) 세부: 경기조회 0.014s | 시뮬루프 0.044s | executemany(5527건) 0.012s | teams반영+commit 0.034s
[09-03 19:34:57] [주 마무리] 14주차 0.14s (국제대회 0.00s | 챔스 0.03s | 클럽WC 0.00s | 국내컵 0.00s | 리그시뮬 0.11s)
[09-03 19:34:57] [PERF-DAY] 14주차 98일차 처리 0.144s (stype='휴식' | 그주마지막날=True | 경기있음=False | 부상=False)
[09-03 19:34:58] [AI리그] 15주차 5747경기, OVR캐시 11393→11393) 세부: 경기조회 0.014s | 시뮬루프 0.056s | executemany(5747건) 0.012s | teams반영+commit 0.032s
[09-03 19:34:58] [주 마무리] 15주차 0.15s (국제대회 0.00s | 챔스 0.04s | 클럽WC 0.00s | 국내컵 0.00s | 리그시뮬 0.12s)
[09-03 19:34:58] [PERF-DAY] 15주차 105일차 처리 0.156s (stype='휴식' | 그주마지막날=True | 경기있음=False | 부상=False)
[09-03 19:34:58] [AI리그] 16주차 5732경기, OVR캐시 11393→11393) 세부: 경기조회 0.016s | 시뮬루프 0.049s | executemany(5732건) 0.014s | teams반영+commit 0.037s
[09-03 19:34:58] [주 마무리] 16주차 0.18s (국제대회 0.00s | 챔스 0.06s | 클럽WC 0.00s | 국내컵 0.00s | 리그시뮬 0.12s)
[09-03 19:34:58] [PERF-DAY] 16주차 112일차 처리 0.180s (stype='휴식' | 그주마지막날=True | 경기있음=False | 부상=False)
[09-03 19:34:59] [AI리그] 17주차 5482경기, OVR캐시 11393→11393) 세부: 경기조회 0.012s | 시뮬루프 0.049s | executemany(5482건) 0.013s | teams반영+commit 0.035s
[09-03 19:34:59] [주 마무리] 17주차 0.12s (국제대회 0.00s | 챔스 0.00s | 클럽WC 0.00s | 국내컵 0.00s | 리그시뮬 0.11s)
[09-03 19:34:59] [PERF-DAY] 17주차 119일차 처리 0.118s (stype='휴식' | 그주마지막날=True | 경기있음=False | 부상=False)
[09-03 19:34:59] [AI리그] 18주차 5384경기, OVR캐시 11393→11393) 세부: 경기조회 0.012s | 시뮬루프 0.051s | executemany(5384건) 0.013s | teams반영+commit 0.038s
[09-03 19:34:59] [주 마무리] 18주차 0.15s (국제대회 0.00s | 챔스 0.03s | 클럽WC 0.00s | 국내컵 0.00s | 리그시뮬 0.12s)
[09-03 19:34:59] [PERF-DAY] 18주차 126일차 처리 0.147s (stype='휴식' | 그주마지막날=True | 경기있음=False | 부상=False)
[09-03 19:34:59] [AI리그] 19주차 3886경기, OVR캐시 11393→11393) 세부: 경기조회 0.012s | 시뮬루프 0.033s | executemany(3886건) 0.008s | teams반영+commit 0.022s
[09-03 19:34:59] [주 마무리] 19주차 0.08s (국제대회 0.00s | 챔스 0.00s | 클럽WC 0.00s | 국내컵 0.00s | 리그시뮬 0.08s)
[09-03 19:34:59] [PERF-DAY] 19주차 133일차 처리 0.087s (stype='휴식' | 그주마지막날=True | 경기있음=False | 부상=False)
[09-03 19:35:00] [AI리그] 20주차 3343경기, OVR캐시 11393→11393) 세부: 경기조회 0.010s | 시뮬루프 0.032s | executemany(3343건) 0.008s | teams반영+commit 0.024s
[09-03 19:35:00] [주 마무리] 20주차 0.10s (국제대회 0.00s | 챔스 0.02s | 클럽WC 0.00s | 국내컵 0.00s | 리그시뮬 0.08s)
[09-03 19:35:00] [PERF-DAY] 20주차 140일차 처리 0.102s (stype='휴식' | 그주마지막날=True | 경기있음=False | 부상=False)
[09-03 19:35:00] [AI리그] 21주차 2934경기, OVR캐시 11393→11393) 세부: 경기조회 0.016s | 시뮬루프 0.039s | executemany(2934건) 0.014s | teams반영+commit 0.036s
[09-03 19:35:00] [주 마무리] 21주차 0.13s (국제대회 0.00s | 챔스 0.02s | 클럽WC 0.00s | 국내컵 0.00s | 리그시뮬 0.11s)
[09-03 19:35:00] [PERF-DAY] 21주차 147일차 처리 0.137s (stype='휴식' | 그주마지막날=True | 경기있음=False | 부상=False)
[09-03 19:35:00] [AI리그] 22주차 2779경기, OVR캐시 11393→11393) 세부: 경기조회 0.011s | 시뮬루프 0.032s | executemany(2779건) 0.008s | teams반영+commit 0.020s
[09-03 19:35:00] [주 마무리] 22주차 0.09s (국제대회 0.00s | 챔스 0.01s | 클럽WC 0.00s | 국내컵 0.00s | 리그시뮬 0.07s)
[09-03 19:35:00] [PERF-DAY] 22주차 154일차 처리 0.089s (stype='휴식' | 그주마지막날=True | 경기있음=False | 부상=False)
[09-03 19:35:00] [AI리그] 23주차 2291경기, OVR캐시 11393→11393) 세부: 경기조회 0.010s | 시뮬루프 0.021s | executemany(2291건) 0.006s | teams반영+commit 0.015s
[09-03 19:35:00] [주 마무리] 23주차 0.07s (국제대회 0.00s | 챔스 0.02s | 클럽WC 0.00s | 국내컵 0.00s | 리그시뮬 0.05s)
[09-03 19:35:00] [PERF-DAY] 23주차 161일차 처리 0.090s (stype='휴식' | 그주마지막날=True | 경기있음=False | 부상=False)
[09-03 19:35:01] [PERF-DAY] 24주차 168일차 처리 0.052s (stype='휴식' | 그주마지막날=True | 경기있음=False | 부상=False)
[09-03 19:35:02] [PERF-DAILYHOOK] 25주차 169일차: process_intl_week 1.516s | process_cwc_week 0.000s
[09-03 19:35:02] [PERF-DAY] 25주차 169일차 처리 1.518s (stype='고강도' | 그주마지막날=False | 경기있음=False | 부상=False)
[09-03 19:35:02] [진행 총계] 1.58초
[09-03 19:35:02] [PERF-DAILYHOOK] 26주차 181일차: process_intl_week 0.054s | process_cwc_week 0.000s
[09-03 19:35:02] [PERF-DAY] 26주차 181일차 처리 0.056s (stype='휴식' | 그주마지막날=False | 경기있음=False | 부상=False)
[09-03 19:35:03] [PERF-DAILYHOOK] 27주차 189일차: process_intl_week 0.088s | process_cwc_week 0.000s
[09-03 19:35:03] [PERF-DAY] 27주차 189일차 처리 0.104s (stype='휴식' | 그주마지막날=True | 경기있음=False | 부상=False)
[09-03 19:35:07] [PERF-WEEKTAIL] 28주차: _pay_salary 0.000s | _advance_week 3.141s
[09-03 19:35:07] [PERF-DAY] 28주차 196일차 처리 3.154s (stype='휴식' | 그주마지막날=True | 경기있음=False | 부상=False)
[09-03 19:35:07] [진행 총계] 3.21초
[09-03 19:35:07] [AI리그] 29주차 4943경기, OVR캐시 11393→11393) 세부: 경기조회 0.014s | 시뮬루프 0.041s | executemany(4943건) 0.012s | teams반영+commit 0.034s
[09-03 19:35:07] [주 마무리] 29주차 0.11s (국제대회 0.00s | 챔스 0.00s | 클럽WC 0.00s | 국내컵 0.00s | 리그시뮬 0.10s)
[09-03 19:35:07] [PERF-DAY] 29주차 203일차 처리 0.108s (stype='휴식' | 그주마지막날=True | 경기있음=False | 부상=False)
[09-03 19:35:07] [AI리그] 30주차 6683경기, OVR캐시 11393→11393) 세부: 경기조회 0.011s | 시뮬루프 0.049s | executemany(6683건) 0.015s | teams반영+commit 0.039s
[09-03 19:35:07] [주 마무리] 30주차 0.21s (국제대회 0.00s | 챔스 0.00s | 클럽WC 0.00s | 국내컵 0.09s | 리그시뮬 0.12s)
[09-03 19:35:07] [PERF-DAY] 30주차 210일차 처리 0.209s (stype='휴식' | 그주마지막날=True | 경기있음=False | 부상=False)
[09-03 19:35:08] [AI리그] 31주차 6722경기, OVR캐시 11393→11393) 세부: 경기조회 0.016s | 시뮬루프 0.051s | executemany(6722건) 0.016s | teams반영+commit 0.043s
[09-03 19:35:08] [주 마무리] 31주차 0.13s (국제대회 0.00s | 챔스 0.00s | 클럽WC 0.00s | 국내컵 0.00s | 리그시뮬 0.13s)
[09-03 19:35:08] [PERF-DAY] 31주차 217일차 처리 0.135s (stype='휴식' | 그주마지막날=True | 경기있음=False | 부상=False)
[09-03 19:35:08] [AI리그] 32주차 6569경기, OVR캐시 11393→11393) 세부: 경기조회 0.010s | 시뮬루프 0.050s | executemany(6569건) 0.016s | teams반영+commit 0.040s
[09-03 19:35:08] [주 마무리] 32주차 0.20s (국제대회 0.00s | 챔스 0.00s | 클럽WC 0.00s | 국내컵 0.08s | 리그시뮬 0.12s)
[09-03 19:35:08] [PERF-DAY] 32주차 224일차 처리 0.200s (stype='휴식' | 그주마지막날=True | 경기있음=False | 부상=False)
[09-03 19:35:08] [AI리그] 33주차 6949경기, OVR캐시 11393→11393) 세부: 경기조회 0.010s | 시뮬루프 0.068s | executemany(6949건) 0.021s | teams반영+commit 0.042s
[09-03 19:35:08] [주 마무리] 33주차 0.15s (국제대회 0.00s | 챔스 0.00s | 클럽WC 0.00s | 국내컵 0.00s | 리그시뮬 0.14s)
[09-03 19:35:08] [PERF-DAY] 33주차 231일차 처리 0.148s (stype='휴식' | 그주마지막날=True | 경기있음=False | 부상=False)
[09-03 19:35:08] [AI리그] 34주차 6515경기, OVR캐시 11393→11393) 세부: 경기조회 0.009s | 시뮬루프 0.048s | executemany(6515건) 0.014s | teams반영+commit 0.038s
[09-03 19:35:08] [주 마무리] 34주차 0.17s (국제대회 0.00s | 챔스 0.00s | 클럽WC 0.00s | 국내컵 0.06s | 리그시뮬 0.11s)
[09-03 19:35:08] [PERF-DAY] 34주차 238일차 처리 0.171s (stype='휴식' | 그주마지막날=True | 경기있음=False | 부상=False)
[09-03 19:35:09] [AI리그] 35주차 6888경기, OVR캐시 11393→11393) 세부: 경기조회 0.014s | 시뮬루프 0.049s | executemany(6888건) 0.015s | teams반영+commit 0.039s
[09-03 19:35:09] [주 마무리] 35주차 0.12s (국제대회 0.00s | 챔스 0.00s | 클럽WC 0.00s | 국내컵 0.00s | 리그시뮬 0.12s)
[09-03 19:35:09] [PERF-DAY] 35주차 245일차 처리 0.126s (stype='휴식' | 그주마지막날=True | 경기있음=False | 부상=False)
[09-03 19:35:09] [AI리그] 36주차 7137경기, OVR캐시 11393→11393) 세부: 경기조회 0.008s | 시뮬루프 0.054s | executemany(7137건) 0.016s | teams반영+commit 0.036s
[09-03 19:35:09] [주 마무리] 36주차 0.17s (국제대회 0.00s | 챔스 0.00s | 클럽WC 0.00s | 국내컵 0.05s | 리그시뮬 0.12s)
[09-03 19:35:09] [PERF-DAY] 36주차 252일차 처리 0.170s (stype='휴식' | 그주마지막날=True | 경기있음=False | 부상=False)
[09-03 19:35:09] [AI리그] 37주차 6556경기, OVR캐시 11393→11393) 세부: 경기조회 0.008s | 시뮬루프 0.055s | executemany(6556건) 0.020s | teams반영+commit 0.040s
[09-03 19:35:09] [주 마무리] 37주차 0.13s (국제대회 0.00s | 챔스 0.00s | 클럽WC 0.00s | 국내컵 0.00s | 리그시뮬 0.13s)
[09-03 19:35:09] [PERF-DAY] 37주차 259일차 처리 0.129s (stype='휴식' | 그주마지막날=True | 경기있음=False | 부상=False)
[09-03 19:35:10] [AI리그] 38주차 6730경기, OVR캐시 11393→11393) 세부: 경기조회 0.007s | 시뮬루프 0.050s | executemany(6730건) 0.014s | teams반영+commit 0.034s
[09-03 19:35:10] [주 마무리] 38주차 0.19s (국제대회 0.00s | 챔스 0.00s | 클럽WC 0.00s | 국내컵 0.08s | 리그시뮬 0.11s)
[09-03 19:35:10] [PERF-DAY] 38주차 266일차 처리 0.191s (stype='휴식' | 그주마지막날=True | 경기있음=False | 부상=False)
[09-03 19:35:10] [AI리그] 39주차 6855경기, OVR캐시 11393→11393) 세부: 경기조회 0.013s | 시뮬루프 0.061s | executemany(6855건) 0.019s | teams반영+commit 0.033s
[09-03 19:35:10] [주 마무리] 39주차 0.13s (국제대회 0.00s | 챔스 0.00s | 클럽WC 0.00s | 국내컵 0.00s | 리그시뮬 0.13s)
[09-03 19:35:10] [PERF-DAY] 39주차 273일차 처리 0.134s (stype='휴식' | 그주마지막날=True | 경기있음=False | 부상=False)
[09-03 19:35:11] [AI리그] 40주차 6844경기, OVR캐시 11393→11393) 세부: 경기조회 0.007s | 시뮬루프 0.048s | executemany(6844건) 0.016s | teams반영+commit 0.033s
[09-03 19:35:11] [주 마무리] 40주차 0.13s (국제대회 0.00s | 챔스 0.00s | 클럽WC 0.00s | 국내컵 0.03s | 리그시뮬 0.11s)
[09-03 19:35:11] [PERF-DAY] 40주차 280일차 처리 0.134s (stype='휴식' | 그주마지막날=True | 경기있음=False | 부상=False)
[09-03 19:35:11] [AI리그] 41주차 6841경기, OVR캐시 11393→11393) 세부: 경기조회 0.006s | 시뮬루프 0.057s | executemany(6841건) 0.022s | teams반영+commit 0.043s
[09-03 19:35:11] [주 마무리] 41주차 0.13s (국제대회 0.00s | 챔스 0.00s | 클럽WC 0.00s | 국내컵 0.00s | 리그시뮬 0.13s)
[09-03 19:35:11] [PERF-DAY] 41주차 287일차 처리 0.135s (stype='휴식' | 그주마지막날=True | 경기있음=False | 부상=False)
[09-03 19:35:11] [AI리그] 42주차 6742경기, OVR캐시 11393→11393) 세부: 경기조회 0.006s | 시뮬루프 0.051s | executemany(6742건) 0.014s | teams반영+commit 0.029s
[09-03 19:35:11] [주 마무리] 42주차 0.11s (국제대회 0.00s | 챔스 0.00s | 클럽WC 0.00s | 국내컵 0.01s | 리그시뮬 0.10s)
[09-03 19:35:11] [PERF-DAY] 42주차 294일차 처리 0.113s (stype='휴식' | 그주마지막날=True | 경기있음=False | 부상=False)
[09-03 19:35:13] [PERF-PROMO] _process_promotion_relegation 세부: my_player/season조회 0.001s | teams+leagues조회 0.013s | standings계산(710개리그) 0.353s | ai_players OVR스캔 0.245s | 승강판정루프(211개국) 0.030s | executemany(1212건) 0.015s | 리스케일(1212건) 0.352s | commit/close 0.354s | 캐시무효화 0.000s
[09-03 19:35:13] [PERF-SEASON] finalize_club_season 세부: finish_incomplete_matches=0.050s | promotion_relegation=1.373s
[09-03 19:35:13] [PERF-YEAR] 43주차(CLUB_SEASON_END_DAY) 세부: finalize_club_season=1.423s | promotion_playoffs=0.024s | PRAGMA optimize=0.000s
[09-03 19:35:13] [PERF-DAY] 43주차 300일차 처리 1.462s (stype='휴식' | 그주마지막날=False | 경기있음=False | 부상=False)
[09-03 19:35:13] [진행 총계] 1.49초
[09-03 19:35:13] [PERF-DAILYHOOK] 44주차 302일차: process_po_week 0.058s
[09-03 19:35:13] [PERF-DAY] 44주차 302일차 처리 0.059s (stype='고강도' | 그주마지막날=False | 경기있음=False | 부상=False)
[09-03 19:35:13] [PERF-DAILYHOOK] 44주차 304일차: process_po_week 0.065s
[09-03 19:35:13] [PERF-DAY] 44주차 304일차 처리 0.066s (stype='고강도' | 그주마지막날=False | 경기있음=False | 부상=False)
[09-03 19:35:13] [PERF-DAILYHOOK] 44주차 306일차: process_po_week 0.086s
[09-03 19:35:13] [PERF-DAY] 44주차 306일차 처리 0.087s (stype='고강도' | 그주마지막날=False | 경기있음=False | 부상=False)
[09-03 19:36:07] [PERF]   _end_of_season 세부: AI생애주기 52.44s (승강제 타이밍은 43주 _finalize_club_season으로 이동 — 여기 안 잡힘)
[09-03 19:36:09] [PERF]   일정생성 세부: 아카이브이동 1.24s | 완비판정조회 0.01s | 기존경기dedup조회 0.00s | 일정계산 0.22s | INSERT+commit 0.37s | (대상리그 710개, 신규경기 201400건)
[09-03 19:36:10] [PERF]   인덱스재생성 0.39s
[09-03 19:36:11] [PERF] 연도전환 총 56.46s (커리어정리 0.00s | _end_of_season 52.45s | 일정생성 2.24s | 파워랭킹 1.77s | PRAGMA optimize 0.00s)
[09-03 19:36:11] [PERF-WEEKTAIL] 52주차: _pay_salary 0.000s | _advance_week 56.464s
[09-03 19:36:11] [PERF-DAY] 52주차 364일차 처리 56.466s (stype='휴식' | 그주마지막날=True | 경기있음=False | 부상=False)
[09-03 19:36:11] [진행 총계] 56.47초
[09-03 19:36:13] [AI리그] 4주차 4527경기, OVR캐시 0→9054) 세부: 경기조회 0.019s | 시뮬루프 0.369s | executemany(4527건) 0.010s | teams반영+commit 0.027s
[09-03 19:36:13] [주 마무리] 4주차 0.43s (국제대회 0.00s | 챔스 0.00s | 클럽WC 0.00s | 국내컵 0.00s | 리그시뮬 0.43s)
[09-03 19:36:13] [PERF-WEEKTAIL] 4주차: _pay_salary 0.000s | _advance_week 0.250s
[09-03 19:36:13] [PERF-DAY] 4주차 28일차 처리 0.684s (stype='휴식' | 그주마지막날=True | 경기있음=False | 부상=False)
[09-03 19:36:13] [진행 총계] 0.69초
[09-03 19:36:13] [AI리그] 5주차 5771경기, OVR캐시 11263→11393) 세부: 경기조회 0.017s | 시뮬루프 0.077s | executemany(5771건) 0.013s | teams반영+commit 0.044s
[09-03 19:36:13] [주 마무리] 5주차 0.31s (국제대회 0.00s | 챔스 0.00s | 클럽WC 0.00s | 국내컵 0.16s | 리그시뮬 0.15s)
[09-03 19:36:13] [PERF-DAY] 5주차 35일차 처리 0.313s (stype='휴식' | 그주마지막날=True | 경기있음=False | 부상=True)
[09-03 19:36:13] [진행 총계] 0.32초
[09-03 19:36:14] [AI리그] 6주차 5734경기, OVR캐시 11393→11393) 세부: 경기조회 0.024s | 시뮬루프 0.057s | executemany(5734건) 0.014s | teams반영+commit 0.045s
[09-03 19:36:14] [주 마무리] 6주차 0.31s (국제대회 0.00s | 챔스 0.00s | 클럽WC 0.00s | 국내컵 0.16s | 리그시뮬 0.14s)
[09-03 19:36:14] [PERF-DAY] 6주차 42일차 처리 0.310s (stype='휴식' | 그주마지막날=True | 경기있음=False | 부상=False)
[09-03 19:36:14] [진행 총계] 0.32초
[09-03 19:36:15] [AI리그] 7주차 5801경기, OVR캐시 11393→11393) 세부: 경기조회 0.022s | 시뮬루프 0.055s | executemany(5801건) 0.013s | teams반영+commit 0.044s
[09-03 19:36:15] [주 마무리] 7주차 0.30s (국제대회 0.00s | 챔스 0.00s | 클럽WC 0.00s | 국내컵 0.16s | 리그시뮬 0.14s)
[09-03 19:36:15] [PERF-WEEKTAIL] 7주차: _pay_salary 0.000s | _advance_week 0.133s
[09-03 19:36:15] [PERF-DAY] 7주차 49일차 처리 0.436s (stype='휴식' | 그주마지막날=True | 경기있음=False | 부상=False)
[09-03 19:36:15] [진행 총계] 0.45초
[09-03 19:36:15] [AI리그] 8주차 5757경기, OVR캐시 11393→11393) 세부: 경기조회 0.016s | 시뮬루프 0.046s | executemany(5757건) 0.014s | teams반영+commit 0.044s
[09-03 19:36:15] [주 마무리] 8주차 0.13s (국제대회 0.00s | 챔스 0.00s | 클럽WC 0.00s | 국내컵 0.00s | 리그시뮬 0.12s)
[09-03 19:36:15] [PERF-DAY] 8주차 56일차 처리 0.130s (stype='휴식' | 그주마지막날=True | 경기있음=False | 부상=False)
[09-03 19:36:15] [AI리그] 9주차 5731경기, OVR캐시 11393→11393) 세부: 경기조회 0.015s | 시뮬루프 0.054s | executemany(5731건) 0.012s | teams반영+commit 0.034s
[09-03 19:36:15] [주 마무리] 9주차 0.16s (국제대회 0.00s | 챔스 0.03s | 클럽WC 0.00s | 국내컵 0.00s | 리그시뮬 0.12s)
[09-03 19:36:15] [PERF-DAY] 9주차 63일차 처리 0.157s (stype='휴식' | 그주마지막날=True | 경기있음=False | 부상=False)
[09-03 19:36:15] [AI리그] 10주차 5766경기, OVR캐시 11393→11393) 세부: 경기조회 0.015s | 시뮬루프 0.049s | executemany(5766건) 0.018s | teams반영+commit 0.039s
[09-03 19:36:15] [주 마무리] 10주차 0.15s (국제대회 0.00s | 챔스 0.03s | 클럽WC 0.00s | 국내컵 0.00s | 리그시뮬 0.13s)
[09-03 19:36:15] [PERF-DAY] 10주차 70일차 처리 0.156s (stype='휴식' | 그주마지막날=True | 경기있음=False | 부상=False)
[09-03 19:36:16] [AI리그] 11주차 5618경기, OVR캐시 11393→11393) 세부: 경기조회 0.015s | 시뮬루프 0.048s | executemany(5618건) 0.014s | teams반영+commit 0.041s
[09-03 19:36:16] [주 마무리] 11주차 0.15s (국제대회 0.00s | 챔스 0.03s | 클럽WC 0.00s | 국내컵 0.00s | 리그시뮬 0.12s)
[09-03 19:36:16] [PERF-DAY] 11주차 77일차 처리 0.153s (stype='휴식' | 그주마지막날=True | 경기있음=False | 부상=False)
[09-03 19:36:16] [AI리그] 12주차 5609경기, OVR캐시 11393→11393) 세부: 경기조회 0.015s | 시뮬루프 0.063s | executemany(5609건) 0.012s | teams반영+commit 0.031s
[09-03 19:36:16] [주 마무리] 12주차 0.15s (국제대회 0.00s | 챔스 0.03s | 클럽WC 0.00s | 국내컵 0.00s | 리그시뮬 0.12s)
[09-03 19:36:16] [PERF-DAY] 12주차 84일차 처리 0.154s (stype='휴식' | 그주마지막날=True | 경기있음=False | 부상=False)
[09-03 19:36:17] [AI리그] 13주차 5233경기, OVR캐시 11393→11393) 세부: 경기조회 0.020s | 시뮬루프 0.058s | executemany(5233건) 0.017s | teams반영+commit 0.038s
[09-03 19:36:17] [주 마무리] 13주차 0.17s (국제대회 0.00s | 챔스 0.03s | 클럽WC 0.00s | 국내컵 0.00s | 리그시뮬 0.14s)
[09-03 19:36:17] [PERF-DAY] 13주차 91일차 처리 0.170s (stype='휴식' | 그주마지막날=True | 경기있음=False | 부상=False)
[09-03 19:36:17] [AI리그] 14주차 5527경기, OVR캐시 11393→11393) 세부: 경기조회 0.015s | 시뮬루프 0.059s | executemany(5527건) 0.012s | teams반영+commit 0.030s
[09-03 19:36:17] [주 마무리] 14주차 0.16s (국제대회 0.00s | 챔스 0.04s | 클럽WC 0.00s | 국내컵 0.00s | 리그시뮬 0.12s)
[09-03 19:36:17] [PERF-DAY] 14주차 98일차 처리 0.159s (stype='휴식' | 그주마지막날=True | 경기있음=False | 부상=False)
[09-03 19:36:18] [AI리그] 15주차 5747경기, OVR캐시 11393→11393) 세부: 경기조회 0.023s | 시뮬루프 0.086s | executemany(5747건) 0.020s | teams반영+commit 0.036s
[09-03 19:36:18] [주 마무리] 15주차 0.21s (국제대회 0.00s | 챔스 0.04s | 클럽WC 0.00s | 국내컵 0.00s | 리그시뮬 0.17s)
[09-03 19:36:18] [PERF-DAY] 15주차 105일차 처리 0.215s (stype='휴식' | 그주마지막날=True | 경기있음=False | 부상=False)
[09-03 19:36:18] [AI리그] 16주차 5732경기, OVR캐시 11393→11393) 세부: 경기조회 0.013s | 시뮬루프 0.056s | executemany(5732건) 0.018s | teams반영+commit 0.041s
[09-03 19:36:18] [주 마무리] 16주차 0.19s (국제대회 0.00s | 챔스 0.05s | 클럽WC 0.00s | 국내컵 0.00s | 리그시뮬 0.13s)
[09-03 19:36:18] [PERF-DAY] 16주차 112일차 처리 0.187s (stype='휴식' | 그주마지막날=True | 경기있음=False | 부상=False)
[09-03 19:36:18] [AI리그] 17주차 5482경기, OVR캐시 11393→11393) 세부: 경기조회 0.019s | 시뮬루프 0.066s | executemany(5482건) 0.020s | teams반영+commit 0.042s
[09-03 19:36:18] [주 마무리] 17주차 0.16s (국제대회 0.00s | 챔스 0.00s | 클럽WC 0.00s | 국내컵 0.00s | 리그시뮬 0.15s)
[09-03 19:36:18] [PERF-DAY] 17주차 119일차 처리 0.158s (stype='휴식' | 그주마지막날=True | 경기있음=False | 부상=False)
[09-03 19:36:18] [AI리그] 18주차 5384경기, OVR캐시 11393→11393) 세부: 경기조회 0.015s | 시뮬루프 0.056s | executemany(5384건) 0.013s | teams반영+commit 0.041s
[09-03 19:36:18] [주 마무리] 18주차 0.16s (국제대회 0.00s | 챔스 0.03s | 클럽WC 0.00s | 국내컵 0.00s | 리그시뮬 0.13s)
[09-03 19:36:18] [PERF-DAY] 18주차 126일차 처리 0.162s (stype='휴식' | 그주마지막날=True | 경기있음=False | 부상=False)
[09-03 19:36:19] [AI리그] 19주차 3886경기, OVR캐시 11393→11393) 세부: 경기조회 0.015s | 시뮬루프 0.042s | executemany(3886건) 0.017s | teams반영+commit 0.030s
[09-03 19:36:19] [주 마무리] 19주차 0.12s (국제대회 0.00s | 챔스 0.00s | 클럽WC 0.00s | 국내컵 0.00s | 리그시뮬 0.11s)
[09-03 19:36:19] [PERF-DAY] 19주차 133일차 처리 0.118s (stype='휴식' | 그주마지막날=True | 경기있음=False | 부상=False)
[09-03 19:36:19] [AI리그] 20주차 3343경기, OVR캐시 11393→11393) 세부: 경기조회 0.010s | 시뮬루프 0.035s | executemany(3343건) 0.009s | teams반영+commit 0.034s
[09-03 19:36:19] [주 마무리] 20주차 0.12s (국제대회 0.00s | 챔스 0.02s | 클럽WC 0.00s | 국내컵 0.00s | 리그시뮬 0.09s)
[09-03 19:36:19] [PERF-DAY] 20주차 140일차 처리 0.117s (stype='휴식' | 그주마지막날=True | 경기있음=False | 부상=False)
[09-03 19:36:20] [AI리그] 21주차 2934경기, OVR캐시 11393→11393) 세부: 경기조회 0.010s | 시뮬루프 0.025s | executemany(2934건) 0.008s | teams반영+commit 0.022s
[09-03 19:36:20] [주 마무리] 21주차 0.08s (국제대회 0.00s | 챔스 0.01s | 클럽WC 0.00s | 국내컵 0.00s | 리그시뮬 0.07s)
[09-03 19:36:20] [PERF-DAY] 21주차 147일차 처리 0.086s (stype='휴식' | 그주마지막날=True | 경기있음=False | 부상=False)
[09-03 19:36:20] [AI리그] 22주차 2779경기, OVR캐시 11393→11393) 세부: 경기조회 0.010s | 시뮬루프 0.027s | executemany(2779건) 0.010s | teams반영+commit 0.026s
[09-03 19:36:20] [주 마무리] 22주차 0.09s (국제대회 0.00s | 챔스 0.01s | 클럽WC 0.00s | 국내컵 0.00s | 리그시뮬 0.08s)
[09-03 19:36:20] [PERF-DAY] 22주차 154일차 처리 0.091s (stype='휴식' | 그주마지막날=True | 경기있음=False | 부상=False)
[09-03 19:36:20] [AI리그] 23주차 2291경기, OVR캐시 11393→11393) 세부: 경기조회 0.009s | 시뮬루프 0.019s | executemany(2291건) 0.006s | teams반영+commit 0.016s
[09-03 19:36:20] [주 마무리] 23주차 0.07s (국제대회 0.00s | 챔스 0.02s | 클럽WC 0.00s | 국내컵 0.00s | 리그시뮬 0.05s)
[09-03 19:36:20] [PERF-DAY] 23주차 161일차 처리 0.073s (stype='휴식' | 그주마지막날=True | 경기있음=False | 부상=False)
[09-03 19:36:21] [AI리그] 24주차 2602경기, OVR캐시 11393→11393) 세부: 경기조회 0.009s | 시뮬루프 0.026s | executemany(2602건) 0.007s | teams반영+commit 0.013s
[09-03 19:36:21] [주 마무리] 24주차 0.06s (국제대회 0.00s | 챔스 0.00s | 클럽WC 0.00s | 국내컵 0.00s | 리그시뮬 0.06s)
[09-03 19:36:21] [PERF-DAY] 24주차 168일차 처리 0.061s (stype='휴식' | 그주마지막날=True | 경기있음=False | 부상=False)
[09-03 19:36:25] [PERF-WEEKTAIL] 28주차: _pay_salary 0.000s | _advance_week 3.272s
[09-03 19:36:25] [PERF-DAY] 28주차 196일차 처리 3.284s (stype='휴식' | 그주마지막날=True | 경기있음=False | 부상=False)
[09-03 19:36:25] [진행 총계] 3.30초
[09-03 19:36:25] [AI리그] 29주차 4943경기, OVR캐시 11393→11393) 세부: 경기조회 0.010s | 시뮬루프 0.043s | executemany(4943건) 0.012s | teams반영+commit 0.031s
[09-03 19:36:25] [주 마무리] 29주차 0.10s (국제대회 0.00s | 챔스 0.00s | 클럽WC 0.00s | 국내컵 0.00s | 리그시뮬 0.10s)
[09-03 19:36:25] [PERF-DAY] 29주차 203일차 처리 0.104s (stype='휴식' | 그주마지막날=True | 경기있음=False | 부상=False)
[09-03 19:36:25] [AI리그] 30주차 6683경기, OVR캐시 11393→11393) 세부: 경기조회 0.011s | 시뮬루프 0.052s | executemany(6683건) 0.016s | teams반영+commit 0.041s
[09-03 19:36:25] [주 마무리] 30주차 0.21s (국제대회 0.00s | 챔스 0.00s | 클럽WC 0.00s | 국내컵 0.09s | 리그시뮬 0.12s)
[09-03 19:36:25] [PERF-DAY] 30주차 210일차 처리 0.210s (stype='휴식' | 그주마지막날=True | 경기있음=False | 부상=False)
[09-03 19:36:26] [AI리그] 31주차 6722경기, OVR캐시 11393→11393) 세부: 경기조회 0.012s | 시뮬루프 0.064s | executemany(6722건) 0.018s | teams반영+commit 0.042s
[09-03 19:36:26] [주 마무리] 31주차 0.14s (국제대회 0.00s | 챔스 0.00s | 클럽WC 0.00s | 국내컵 0.00s | 리그시뮬 0.14s)
[09-03 19:36:26] [PERF-DAY] 31주차 217일차 처리 0.144s (stype='휴식' | 그주마지막날=True | 경기있음=False | 부상=False)
[09-03 19:36:26] [AI리그] 32주차 6569경기, OVR캐시 11393→11393) 세부: 경기조회 0.011s | 시뮬루프 0.071s | executemany(6569건) 0.016s | teams반영+commit 0.041s
[09-03 19:36:26] [주 마무리] 32주차 0.23s (국제대회 0.00s | 챔스 0.00s | 클럽WC 0.00s | 국내컵 0.08s | 리그시뮬 0.14s)
[09-03 19:36:26] [PERF-DAY] 32주차 224일차 처리 0.228s (stype='휴식' | 그주마지막날=True | 경기있음=False | 부상=False)
[09-03 19:36:26] [AI리그] 33주차 6949경기, OVR캐시 11393→11393) 세부: 경기조회 0.011s | 시뮬루프 0.053s | executemany(6949건) 0.017s | teams반영+commit 0.042s
[09-03 19:36:26] [주 마무리] 33주차 0.13s (국제대회 0.00s | 챔스 0.00s | 클럽WC 0.00s | 국내컵 0.00s | 리그시뮬 0.13s)
[09-03 19:36:26] [PERF-DAY] 33주차 231일차 처리 0.130s (stype='휴식' | 그주마지막날=True | 경기있음=False | 부상=True)
[09-03 19:36:27] [AI리그] 34주차 6515경기, OVR캐시 11393→11393) 세부: 경기조회 0.010s | 시뮬루프 0.078s | executemany(6515건) 0.024s | teams반영+commit 0.049s
[09-03 19:36:27] [주 마무리] 34주차 0.23s (국제대회 0.00s | 챔스 0.00s | 클럽WC 0.00s | 국내컵 0.07s | 리그시뮬 0.17s)
[09-03 19:36:27] [PERF-DAY] 34주차 238일차 처리 0.235s (stype='휴식' | 그주마지막날=True | 경기있음=False | 부상=False)
[09-03 19:36:28] [AI리그] 35주차 6888경기, OVR캐시 11393→11393) 세부: 경기조회 0.016s | 시뮬루프 0.064s | executemany(6888건) 0.017s | teams반영+commit 0.041s
[09-03 19:36:28] [주 마무리] 35주차 0.15s (국제대회 0.00s | 챔스 0.00s | 클럽WC 0.00s | 국내컵 0.00s | 리그시뮬 0.14s)
[09-03 19:36:28] [PERF-DAY] 35주차 245일차 처리 0.147s (stype='휴식' | 그주마지막날=True | 경기있음=False | 부상=False)
[09-03 19:36:28] [AI리그] 36주차 7137경기, OVR캐시 11393→11393) 세부: 경기조회 0.009s | 시뮬루프 0.054s | executemany(7137건) 0.017s | teams반영+commit 0.050s
[09-03 19:36:28] [주 마무리] 36주차 0.20s (국제대회 0.00s | 챔스 0.00s | 클럽WC 0.00s | 국내컵 0.07s | 리그시뮬 0.13s)
[09-03 19:36:28] [PERF-DAY] 36주차 252일차 처리 0.203s (stype='휴식' | 그주마지막날=True | 경기있음=False | 부상=False)
[09-03 19:36:28] [AI리그] 37주차 6556경기, OVR캐시 11393→11393) 세부: 경기조회 0.008s | 시뮬루프 0.059s | executemany(6556건) 0.016s | teams반영+commit 0.041s
[09-03 19:36:28] [주 마무리] 37주차 0.13s (국제대회 0.00s | 챔스 0.00s | 클럽WC 0.00s | 국내컵 0.00s | 리그시뮬 0.13s)
[09-03 19:36:28] [PERF-DAY] 37주차 259일차 처리 0.132s (stype='휴식' | 그주마지막날=True | 경기있음=False | 부상=False)
[09-03 19:36:28] [AI리그] 38주차 6730경기, OVR캐시 11393→11393) 세부: 경기조회 0.008s | 시뮬루프 0.051s | executemany(6730건) 0.016s | teams반영+commit 0.040s
[09-03 19:36:28] [주 마무리] 38주차 0.19s (국제대회 0.00s | 챔스 0.00s | 클럽WC 0.00s | 국내컵 0.07s | 리그시뮬 0.12s)
[09-03 19:36:28] [PERF-DAY] 38주차 266일차 처리 0.188s (stype='휴식' | 그주마지막날=True | 경기있음=False | 부상=False)
[09-03 19:36:29] [AI리그] 39주차 6855경기, OVR캐시 11393→11393) 세부: 경기조회 0.010s | 시뮬루프 0.065s | executemany(6855건) 0.018s | teams반영+commit 0.044s
[09-03 19:36:29] [주 마무리] 39주차 0.14s (국제대회 0.00s | 챔스 0.00s | 클럽WC 0.00s | 국내컵 0.00s | 리그시뮬 0.14s)
[09-03 19:36:29] [PERF-DAY] 39주차 273일차 처리 0.146s (stype='휴식' | 그주마지막날=True | 경기있음=False | 부상=False)
[09-03 19:36:30] [AI리그] 40주차 6844경기, OVR캐시 11393→11393) 세부: 경기조회 0.008s | 시뮬루프 0.067s | executemany(6844건) 0.020s | teams반영+commit 0.044s
[09-03 19:36:30] [주 마무리] 40주차 0.17s (국제대회 0.00s | 챔스 0.00s | 클럽WC 0.00s | 국내컵 0.03s | 리그시뮬 0.14s)
[09-03 19:36:30] [PERF-DAY] 40주차 280일차 처리 0.173s (stype='휴식' | 그주마지막날=True | 경기있음=False | 부상=False)
[09-03 19:36:30] [AI리그] 41주차 6841경기, OVR캐시 11393→11393) 세부: 경기조회 0.011s | 시뮬루프 0.073s | executemany(6841건) 0.019s | teams반영+commit 0.047s
[09-03 19:36:30] [주 마무리] 41주차 0.16s (국제대회 0.00s | 챔스 0.00s | 클럽WC 0.00s | 국내컵 0.00s | 리그시뮬 0.16s)
[09-03 19:36:30] [PERF-DAY] 41주차 287일차 처리 0.160s (stype='휴식' | 그주마지막날=True | 경기있음=False | 부상=False)
[09-03 19:36:30] [AI리그] 42주차 6742경기, OVR캐시 11393→11393) 세부: 경기조회 0.006s | 시뮬루프 0.065s | executemany(6742건) 0.016s | teams반영+commit 0.040s
[09-03 19:36:30] [주 마무리] 42주차 0.14s (국제대회 0.00s | 챔스 0.00s | 클럽WC 0.00s | 국내컵 0.01s | 리그시뮬 0.13s)
[09-03 19:36:30] [PERF-DAY] 42주차 294일차 처리 0.141s (stype='휴식' | 그주마지막날=True | 경기있음=False | 부상=False)
[09-03 19:36:32] [PERF-PROMO] _process_promotion_relegation 세부: my_player/season조회 0.001s | teams+leagues조회 0.013s | standings계산(710개리그) 0.316s | ai_players OVR스캔 0.249s | 승강판정루프(211개국) 0.027s | executemany(1210건) 0.018s | 리스케일(1210건) 0.363s | commit/close 0.357s | 캐시무효화 0.000s
[09-03 19:36:32] [PERF-SEASON] finalize_club_season 세부: finish_incomplete_matches=0.051s | promotion_relegation=1.354s
[09-03 19:36:32] [PERF-YEAR] 43주차(CLUB_SEASON_END_DAY) 세부: finalize_club_season=1.406s | promotion_playoffs=0.031s | PRAGMA optimize=0.000s
[09-03 19:36:32] [PERF-DAY] 43주차 300일차 처리 1.452s (stype='휴식' | 그주마지막날=False | 경기있음=False | 부상=False)
[09-03 19:36:32] [진행 총계] 1.49초
[09-03 19:36:32] [PERF-DAILYHOOK] 44주차 302일차: process_po_week 0.060s
[09-03 19:36:32] [PERF-DAY] 44주차 302일차 처리 0.061s (stype='고강도' | 그주마지막날=False | 경기있음=False | 부상=False)
[09-03 19:36:32] [PERF-DAILYHOOK] 44주차 304일차: process_po_week 0.067s
[09-03 19:36:32] [PERF-DAY] 44주차 304일차 처리 0.068s (stype='고강도' | 그주마지막날=False | 경기있음=False | 부상=False)
[09-03 19:36:32] [PERF-DAILYHOOK] 44주차 306일차: process_po_week 0.094s
[09-03 19:36:32] [PERF-DAY] 44주차 306일차 처리 0.095s (stype='고강도' | 그주마지막날=False | 경기있음=False | 부상=False)
[09-03 19:37:26] [PERF]   _end_of_season 세부: AI생애주기 51.65s (승강제 타이밍은 43주 _finalize_club_season으로 이동 — 여기 안 잡힘)
[09-03 19:37:28] [PERF]   일정생성 세부: 아카이브이동 1.31s | 완비판정조회 0.02s | 기존경기dedup조회 0.00s | 일정계산 0.25s | INSERT+commit 0.39s | (대상리그 710개, 신규경기 201400건)
[09-03 19:37:28] [PERF]   인덱스재생성 0.39s
[09-03 19:37:30] [PERF] 연도전환 총 55.81s (커리어정리 0.00s | _end_of_season 51.66s | 일정생성 2.37s | 파워랭킹 1.77s | PRAGMA optimize 0.00s)
[09-03 19:37:30] [PERF-WEEKTAIL] 52주차: _pay_salary 0.000s | _advance_week 55.806s
[09-03 19:37:30] [PERF-DAY] 52주차 364일차 처리 55.808s (stype='휴식' | 그주마지막날=True | 경기있음=False | 부상=False)
[09-03 19:37:30] [진행 총계] 55.82초
[09-03 19:37:32] [AI리그] 4주차 4527경기, OVR캐시 0→9054) 세부: 경기조회 0.024s | 시뮬루프 0.372s | executemany(4527건) 0.011s | teams반영+commit 0.034s
[09-03 19:37:32] [주 마무리] 4주차 0.45s (국제대회 0.00s | 챔스 0.00s | 클럽WC 0.00s | 국내컵 0.00s | 리그시뮬 0.44s)
[09-03 19:37:32] [PERF-WEEKTAIL] 4주차: _pay_salary 0.000s | _advance_week 0.296s
[09-03 19:37:32] [PERF-DAY] 4주차 28일차 처리 0.744s (stype='휴식' | 그주마지막날=True | 경기있음=False | 부상=False)
[09-03 19:37:32] [진행 총계] 0.75초
[09-03 19:37:32] [AI리그] 5주차 5771경기, OVR캐시 11263→11393) 세부: 경기조회 0.017s | 시뮬루프 0.073s | executemany(5771건) 0.013s | teams반영+commit 0.039s
[09-03 19:37:32] [주 마무리] 5주차 0.29s (국제대회 0.00s | 챔스 0.00s | 클럽WC 0.00s | 국내컵 0.15s | 리그시뮬 0.15s)
[09-03 19:37:32] [PERF-DAY] 5주차 35일차 처리 0.295s (stype='휴식' | 그주마지막날=True | 경기있음=False | 부상=False)
[09-03 19:37:32] [진행 총계] 0.30초
[09-03 19:37:33] [AI리그] 6주차 5734경기, OVR캐시 11393→11393) 세부: 경기조회 0.016s | 시뮬루프 0.048s | executemany(5734건) 0.013s | teams반영+commit 0.044s
[09-03 19:37:33] [주 마무리] 6주차 0.28s (국제대회 0.00s | 챔스 0.00s | 클럽WC 0.00s | 국내컵 0.15s | 리그시뮬 0.13s)
[09-03 19:37:33] [PERF-DAY] 6주차 42일차 처리 0.279s (stype='휴식' | 그주마지막날=True | 경기있음=False | 부상=False)
[09-03 19:37:34] [AI리그] 7주차 5801경기, OVR캐시 11393→11393) 세부: 경기조회 0.021s | 시뮬루프 0.069s | executemany(5801건) 0.015s | teams반영+commit 0.059s
[09-03 19:37:34] [주 마무리] 7주차 0.31s (국제대회 0.00s | 챔스 0.00s | 클럽WC 0.00s | 국내컵 0.14s | 리그시뮬 0.17s)
[09-03 19:37:34] [PERF-WEEKTAIL] 7주차: _pay_salary 0.000s | _advance_week 0.118s
[09-03 19:37:34] [PERF-DAY] 7주차 49일차 처리 0.428s (stype='휴식' | 그주마지막날=True | 경기있음=False | 부상=False)
[09-03 19:37:34] [진행 총계] 0.44초
[09-03 19:37:34] [AI리그] 8주차 5757경기, OVR캐시 11393→11393) 세부: 경기조회 0.016s | 시뮬루프 0.060s | executemany(5757건) 0.015s | teams반영+commit 0.043s
[09-03 19:37:34] [주 마무리] 8주차 0.14s (국제대회 0.00s | 챔스 0.00s | 클럽WC 0.00s | 국내컵 0.00s | 리그시뮬 0.14s)
[09-03 19:37:34] [PERF-DAY] 8주차 56일차 처리 0.145s (stype='휴식' | 그주마지막날=True | 경기있음=False | 부상=False)
[09-03 19:37:34] [AI리그] 9주차 5731경기, OVR캐시 11393→11393) 세부: 경기조회 0.015s | 시뮬루프 0.054s | executemany(5731건) 0.015s | teams반영+commit 0.047s
[09-03 19:37:34] [주 마무리] 9주차 0.17s (국제대회 0.00s | 챔스 0.03s | 클럽WC 0.00s | 국내컵 0.00s | 리그시뮬 0.13s)
[09-03 19:37:34] [PERF-DAY] 9주차 63일차 처리 0.170s (stype='휴식' | 그주마지막날=True | 경기있음=False | 부상=False)
[09-03 19:37:34] [AI리그] 10주차 5766경기, OVR캐시 11393→11393) 세부: 경기조회 0.018s | 시뮬루프 0.050s | executemany(5766건) 0.015s | teams반영+commit 0.058s
[09-03 19:37:34] [주 마무리] 10주차 0.18s (국제대회 0.00s | 챔스 0.03s | 클럽WC 0.00s | 국내컵 0.00s | 리그시뮬 0.15s)
[09-03 19:37:34] [PERF-DAY] 10주차 70일차 처리 0.180s (stype='휴식' | 그주마지막날=True | 경기있음=False | 부상=False)
[09-03 19:37:36] [AI리그] 11주차 5618경기, OVR캐시 11393→11393) 세부: 경기조회 0.016s | 시뮬루프 0.055s | executemany(5618건) 0.015s | teams반영+commit 0.054s
[09-03 19:37:36] [주 마무리] 11주차 0.18s (국제대회 0.00s | 챔스 0.03s | 클럽WC 0.00s | 국내컵 0.00s | 리그시뮬 0.15s)
[09-03 19:37:36] [PERF-DAY] 11주차 77일차 처리 0.181s (stype='휴식' | 그주마지막날=True | 경기있음=False | 부상=False)
[09-03 19:37:36] [AI리그] 12주차 5609경기, OVR캐시 11393→11393) 세부: 경기조회 0.016s | 시뮬루프 0.054s | executemany(5609건) 0.013s | teams반영+commit 0.039s
[09-03 19:37:36] [주 마무리] 12주차 0.15s (국제대회 0.00s | 챔스 0.03s | 클럽WC 0.00s | 국내컵 0.00s | 리그시뮬 0.13s)
[09-03 19:37:36] [PERF-DAY] 12주차 84일차 처리 0.156s (stype='휴식' | 그주마지막날=True | 경기있음=False | 부상=False)
[09-03 19:37:36] [AI리그] 13주차 5233경기, OVR캐시 11393→11393) 세부: 경기조회 0.014s | 시뮬루프 0.044s | executemany(5233건) 0.013s | teams반영+commit 0.038s
[09-03 19:37:36] [주 마무리] 13주차 0.14s (국제대회 0.00s | 챔스 0.03s | 클럽WC 0.00s | 국내컵 0.00s | 리그시뮬 0.11s)
[09-03 19:37:36] [PERF-DAY] 13주차 91일차 처리 0.142s (stype='휴식' | 그주마지막날=True | 경기있음=False | 부상=False)
[09-03 19:37:36] [AI리그] 14주차 5527경기, OVR캐시 11393→11393) 세부: 경기조회 0.015s | 시뮬루프 0.046s | executemany(5527건) 0.013s | teams반영+commit 0.040s
[09-03 19:37:36] [주 마무리] 14주차 0.15s (국제대회 0.00s | 챔스 0.03s | 클럽WC 0.00s | 국내컵 0.00s | 리그시뮬 0.12s)
[09-03 19:37:36] [PERF-DAY] 14주차 98일차 처리 0.149s (stype='휴식' | 그주마지막날=True | 경기있음=False | 부상=False)
[09-03 19:37:37] [AI리그] 15주차 5747경기, OVR캐시 11393→11393) 세부: 경기조회 0.015s | 시뮬루프 0.055s | executemany(5747건) 0.012s | teams반영+commit 0.032s
[09-03 19:37:37] [주 마무리] 15주차 0.15s (국제대회 0.00s | 챔스 0.03s | 클럽WC 0.00s | 국내컵 0.00s | 리그시뮬 0.12s)
[09-03 19:37:37] [PERF-DAY] 15주차 105일차 처리 0.149s (stype='휴식' | 그주마지막날=True | 경기있음=False | 부상=False)
[09-03 19:37:37] [AI리그] 16주차 5732경기, OVR캐시 11393→11393) 세부: 경기조회 0.013s | 시뮬루프 0.061s | executemany(5732건) 0.019s | teams반영+commit 0.066s
[09-03 19:37:37] [주 마무리] 16주차 0.22s (국제대회 0.00s | 챔스 0.05s | 클럽WC 0.00s | 국내컵 0.00s | 리그시뮬 0.16s)
[09-03 19:37:37] [PERF-DAY] 16주차 112일차 처리 0.221s (stype='휴식' | 그주마지막날=True | 경기있음=False | 부상=False)
[09-03 19:37:38] [AI리그] 17주차 5482경기, OVR캐시 11393→11393) 세부: 경기조회 0.015s | 시뮬루프 0.080s | executemany(5482건) 0.022s | teams반영+commit 0.040s
[09-03 19:37:38] [주 마무리] 17주차 0.17s (국제대회 0.00s | 챔스 0.00s | 클럽WC 0.00s | 국내컵 0.00s | 리그시뮬 0.16s)
[09-03 19:37:38] [PERF-DAY] 17주차 119일차 처리 0.169s (stype='휴식' | 그주마지막날=True | 경기있음=False | 부상=False)
[09-03 19:37:38] [AI리그] 18주차 5384경기, OVR캐시 11393→11393) 세부: 경기조회 0.012s | 시뮬루프 0.045s | executemany(5384건) 0.013s | teams반영+commit 0.056s
[09-03 19:37:38] [주 마무리] 18주차 0.16s (국제대회 0.00s | 챔스 0.03s | 클럽WC 0.00s | 국내컵 0.00s | 리그시뮬 0.13s)
[09-03 19:37:38] [PERF-DAY] 18주차 126일차 처리 0.163s (stype='휴식' | 그주마지막날=True | 경기있음=False | 부상=False)
[09-03 19:37:39] [AI리그] 19주차 3886경기, OVR캐시 11393→11393) 세부: 경기조회 0.013s | 시뮬루프 0.034s | executemany(3886건) 0.009s | teams반영+commit 0.027s
[09-03 19:37:39] [주 마무리] 19주차 0.09s (국제대회 0.00s | 챔스 0.00s | 클럽WC 0.00s | 국내컵 0.00s | 리그시뮬 0.09s)
[09-03 19:37:39] [PERF-DAY] 19주차 133일차 처리 0.094s (stype='휴식' | 그주마지막날=True | 경기있음=False | 부상=False)
[09-03 19:37:39] [AI리그] 20주차 3343경기, OVR캐시 11393→11393) 세부: 경기조회 0.011s | 시뮬루프 0.034s | executemany(3343건) 0.008s | teams반영+commit 0.024s
[09-03 19:37:39] [주 마무리] 20주차 0.10s (국제대회 0.00s | 챔스 0.02s | 클럽WC 0.00s | 국내컵 0.00s | 리그시뮬 0.08s)
[09-03 19:37:39] [PERF-DAY] 20주차 140일차 처리 0.104s (stype='휴식' | 그주마지막날=True | 경기있음=False | 부상=False)
[09-03 19:37:39] [AI리그] 21주차 2934경기, OVR캐시 11393→11393) 세부: 경기조회 0.010s | 시뮬루프 0.027s | executemany(2934건) 0.013s | teams반영+commit 0.025s
[09-03 19:37:39] [주 마무리] 21주차 0.09s (국제대회 0.00s | 챔스 0.01s | 클럽WC 0.00s | 국내컵 0.00s | 리그시뮬 0.08s)
[09-03 19:37:39] [PERF-DAY] 21주차 147일차 처리 0.095s (stype='휴식' | 그주마지막날=True | 경기있음=False | 부상=False)
[09-03 19:37:39] [AI리그] 22주차 2779경기, OVR캐시 11393→11393) 세부: 경기조회 0.009s | 시뮬루프 0.024s | executemany(2779건) 0.007s | teams반영+commit 0.020s
[09-03 19:37:39] [주 마무리] 22주차 0.08s (국제대회 0.00s | 챔스 0.01s | 클럽WC 0.00s | 국내컵 0.00s | 리그시뮬 0.06s)
[09-03 19:37:39] [PERF-DAY] 22주차 154일차 처리 0.077s (stype='휴식' | 그주마지막날=True | 경기있음=False | 부상=False)
[09-03 19:37:40] [AI리그] 23주차 2291경기, OVR캐시 11393→11393) 세부: 경기조회 0.009s | 시뮬루프 0.020s | executemany(2291건) 0.006s | teams반영+commit 0.016s
[09-03 19:37:40] [주 마무리] 23주차 0.08s (국제대회 0.00s | 챔스 0.02s | 클럽WC 0.00s | 국내컵 0.00s | 리그시뮬 0.05s)
[09-03 19:37:40] [PERF-DAY] 23주차 161일차 처리 0.081s (stype='휴식' | 그주마지막날=True | 경기있음=False | 부상=False)
[09-03 19:37:40] [AI리그] 24주차 2602경기, OVR캐시 11393→11393) 세부: 경기조회 0.010s | 시뮬루프 0.024s | executemany(2602건) 0.007s | teams반영+commit 0.014s
[09-03 19:37:40] [주 마무리] 24주차 0.06s (국제대회 0.00s | 챔스 0.00s | 클럽WC 0.00s | 국내컵 0.00s | 리그시뮬 0.06s)
[09-03 19:37:40] [PERF-DAY] 24주차 168일차 처리 0.061s (stype='휴식' | 그주마지막날=True | 경기있음=False | 부상=False)
[09-03 19:37:41] [PERF-DAILYHOOK] 25주차 169일차: process_intl_week 0.511s | process_cwc_week 0.000s
[09-03 19:37:41] [PERF-DAY] 25주차 169일차 처리 0.513s (stype='고강도' | 그주마지막날=False | 경기있음=False | 부상=False)
[09-03 19:37:41] [진행 총계] 0.55초
[09-03 19:37:42] [PERF-DAY] 27주차 189일차 처리 0.058s (stype='휴식' | 그주마지막날=True | 경기있음=False | 부상=False)
[09-03 19:37:45] [PERF-WEEKTAIL] 28주차: _pay_salary 0.000s | _advance_week 3.277s
[09-03 19:37:45] [PERF-DAY] 28주차 196일차 처리 3.290s (stype='휴식' | 그주마지막날=True | 경기있음=False | 부상=False)
[09-03 19:37:45] [진행 총계] 3.30초
[09-03 19:37:45] [AI리그] 29주차 4943경기, OVR캐시 11393→11393) 세부: 경기조회 0.011s | 시뮬루프 0.039s | executemany(4943건) 0.012s | teams반영+commit 0.041s
[09-03 19:37:45] [주 마무리] 29주차 0.11s (국제대회 0.00s | 챔스 0.00s | 클럽WC 0.00s | 국내컵 0.00s | 리그시뮬 0.11s)
[09-03 19:37:45] [PERF-DAY] 29주차 203일차 처리 0.111s (stype='휴식' | 그주마지막날=True | 경기있음=False | 부상=False)
[09-03 19:37:45] [AI리그] 30주차 6683경기, OVR캐시 11393→11393) 세부: 경기조회 0.011s | 시뮬루프 0.053s | executemany(6683건) 0.015s | teams반영+commit 0.038s
[09-03 19:37:45] [주 마무리] 30주차 0.21s (국제대회 0.00s | 챔스 0.00s | 클럽WC 0.00s | 국내컵 0.09s | 리그시뮬 0.12s)
[09-03 19:37:45] [PERF-DAY] 30주차 210일차 처리 0.216s (stype='휴식' | 그주마지막날=True | 경기있음=False | 부상=False)
[09-03 19:37:47] [AI리그] 31주차 6722경기, OVR캐시 11393→11393) 세부: 경기조회 0.016s | 시뮬루프 0.066s | executemany(6722건) 0.015s | teams반영+commit 0.040s
[09-03 19:37:47] [주 마무리] 31주차 0.15s (국제대회 0.00s | 챔스 0.00s | 클럽WC 0.00s | 국내컵 0.00s | 리그시뮬 0.14s)
[09-03 19:37:47] [PERF-DAY] 31주차 217일차 처리 0.147s (stype='휴식' | 그주마지막날=True | 경기있음=False | 부상=False)
[09-03 19:37:47] [AI리그] 32주차 6569경기, OVR캐시 11393→11393) 세부: 경기조회 0.011s | 시뮬루프 0.052s | executemany(6569건) 0.016s | teams반영+commit 0.042s
[09-03 19:37:47] [주 마무리] 32주차 0.22s (국제대회 0.00s | 챔스 0.00s | 클럽WC 0.00s | 국내컵 0.10s | 리그시뮬 0.13s)
[09-03 19:37:47] [PERF-DAY] 32주차 224일차 처리 0.224s (stype='휴식' | 그주마지막날=True | 경기있음=False | 부상=False)
[09-03 19:37:47] [AI리그] 33주차 6949경기, OVR캐시 11393→11393) 세부: 경기조회 0.010s | 시뮬루프 0.053s | executemany(6949건) 0.024s | teams반영+commit 0.039s
[09-03 19:37:47] [주 마무리] 33주차 0.13s (국제대회 0.00s | 챔스 0.00s | 클럽WC 0.00s | 국내컵 0.00s | 리그시뮬 0.13s)
[09-03 19:37:47] [PERF-DAY] 33주차 231일차 처리 0.135s (stype='휴식' | 그주마지막날=True | 경기있음=False | 부상=False)
[09-03 19:37:47] [AI리그] 34주차 6515경기, OVR캐시 11393→11393) 세부: 경기조회 0.011s | 시뮬루프 0.080s | executemany(6515건) 0.016s | teams반영+commit 0.059s
[09-03 19:37:47] [주 마무리] 34주차 0.24s (국제대회 0.00s | 챔스 0.00s | 클럽WC 0.00s | 국내컵 0.07s | 리그시뮬 0.17s)
[09-03 19:37:47] [PERF-DAY] 34주차 238일차 처리 0.241s (stype='휴식' | 그주마지막날=True | 경기있음=False | 부상=False)
[09-03 19:37:48] [AI리그] 35주차 6888경기, OVR캐시 11393→11393) 세부: 경기조회 0.012s | 시뮬루프 0.061s | executemany(6888건) 0.018s | teams반영+commit 0.060s
[09-03 19:37:48] [주 마무리] 35주차 0.16s (국제대회 0.00s | 챔스 0.00s | 클럽WC 0.00s | 국내컵 0.00s | 리그시뮬 0.16s)
[09-03 19:37:48] [PERF-DAY] 35주차 245일차 처리 0.162s (stype='휴식' | 그주마지막날=True | 경기있음=False | 부상=False)
[09-03 19:37:49] [AI리그] 36주차 7137경기, OVR캐시 11393→11393) 세부: 경기조회 0.009s | 시뮬루프 0.055s | executemany(7137건) 0.016s | teams반영+commit 0.038s
[09-03 19:37:49] [주 마무리] 36주차 0.19s (국제대회 0.00s | 챔스 0.00s | 클럽WC 0.00s | 국내컵 0.06s | 리그시뮬 0.12s)
[09-03 19:37:49] [PERF-DAY] 36주차 252일차 처리 0.189s (stype='휴식' | 그주마지막날=True | 경기있음=False | 부상=False)
[09-03 19:37:49] [AI리그] 37주차 6556경기, OVR캐시 11393→11393) 세부: 경기조회 0.008s | 시뮬루프 0.054s | executemany(6556건) 0.016s | teams반영+commit 0.041s
[09-03 19:37:49] [주 마무리] 37주차 0.12s (국제대회 0.00s | 챔스 0.00s | 클럽WC 0.00s | 국내컵 0.00s | 리그시뮬 0.12s)
[09-03 19:37:49] [PERF-DAY] 37주차 259일차 처리 0.126s (stype='휴식' | 그주마지막날=True | 경기있음=False | 부상=False)
[09-03 19:37:49] [AI리그] 38주차 6730경기, OVR캐시 11393→11393) 세부: 경기조회 0.008s | 시뮬루프 0.053s | executemany(6730건) 0.016s | teams반영+commit 0.039s
[09-03 19:37:49] [주 마무리] 38주차 0.19s (국제대회 0.00s | 챔스 0.00s | 클럽WC 0.00s | 국내컵 0.07s | 리그시뮬 0.12s)
[09-03 19:37:49] [PERF-DAY] 38주차 266일차 처리 0.194s (stype='휴식' | 그주마지막날=True | 경기있음=False | 부상=False)
[09-03 19:37:50] [AI리그] 39주차 6855경기, OVR캐시 11393→11393) 세부: 경기조회 0.009s | 시뮬루프 0.066s | executemany(6855건) 0.020s | teams반영+commit 0.049s
[09-03 19:37:50] [주 마무리] 39주차 0.15s (국제대회 0.00s | 챔스 0.00s | 클럽WC 0.00s | 국내컵 0.00s | 리그시뮬 0.15s)
[09-03 19:37:50] [PERF-DAY] 39주차 273일차 처리 0.155s (stype='휴식' | 그주마지막날=True | 경기있음=False | 부상=False)
[09-03 19:37:50] [AI리그] 40주차 6844경기, OVR캐시 11393→11393) 세부: 경기조회 0.011s | 시뮬루프 0.057s | executemany(6844건) 0.020s | teams반영+commit 0.036s
[09-03 19:37:50] [주 마무리] 40주차 0.16s (국제대회 0.00s | 챔스 0.00s | 클럽WC 0.00s | 국내컵 0.03s | 리그시뮬 0.13s)
[09-03 19:37:50] [PERF-DAY] 40주차 280일차 처리 0.163s (stype='휴식' | 그주마지막날=True | 경기있음=False | 부상=False)
[09-03 19:37:50] [AI리그] 41주차 6841경기, OVR캐시 11393→11393) 세부: 경기조회 0.006s | 시뮬루프 0.052s | executemany(6841건) 0.018s | teams반영+commit 0.043s
[09-03 19:37:50] [주 마무리] 41주차 0.13s (국제대회 0.00s | 챔스 0.00s | 클럽WC 0.00s | 국내컵 0.00s | 리그시뮬 0.12s)
[09-03 19:37:50] [PERF-DAY] 41주차 287일차 처리 0.127s (stype='휴식' | 그주마지막날=True | 경기있음=False | 부상=False)
[09-03 19:37:51] [AI리그] 42주차 6742경기, OVR캐시 11393→11393) 세부: 경기조회 0.006s | 시뮬루프 0.051s | executemany(6742건) 0.015s | teams반영+commit 0.037s
[09-03 19:37:51] [주 마무리] 42주차 0.12s (국제대회 0.00s | 챔스 0.00s | 클럽WC 0.00s | 국내컵 0.01s | 리그시뮬 0.11s)
[09-03 19:37:51] [PERF-DAY] 42주차 294일차 처리 0.122s (stype='휴식' | 그주마지막날=True | 경기있음=False | 부상=False)
[09-03 19:37:53] [PERF-PROMO] _process_promotion_relegation 세부: my_player/season조회 0.001s | teams+leagues조회 0.013s | standings계산(710개리그) 0.357s | ai_players OVR스캔 0.256s | 승강판정루프(211개국) 0.027s | executemany(1208건) 0.018s | 리스케일(1208건) 0.381s | commit/close 0.364s | 캐시무효화 0.000s
[09-03 19:37:53] [PERF-SEASON] finalize_club_season 세부: finish_incomplete_matches=0.083s | promotion_relegation=1.426s
[09-03 19:37:53] [PERF-YEAR] 43주차(CLUB_SEASON_END_DAY) 세부: finalize_club_season=1.510s | promotion_playoffs=0.025s | PRAGMA optimize=0.000s
[09-03 19:37:53] [PERF-DAY] 43주차 300일차 처리 1.552s (stype='휴식' | 그주마지막날=False | 경기있음=False | 부상=False)
[09-03 19:37:53] [진행 총계] 1.58초
[09-03 19:37:53] [PERF-DAILYHOOK] 44주차 302일차: process_po_week 0.077s
[09-03 19:37:53] [PERF-DAY] 44주차 302일차 처리 0.079s (stype='고강도' | 그주마지막날=False | 경기있음=False | 부상=False)
[09-03 19:37:53] [PERF-DAILYHOOK] 44주차 304일차: process_po_week 0.068s
[09-03 19:37:53] [PERF-DAY] 44주차 304일차 처리 0.069s (stype='고강도' | 그주마지막날=False | 경기있음=False | 부상=False)
[09-03 19:37:54] [PERF-DAILYHOOK] 44주차 306일차: process_po_week 0.088s
[09-03 19:37:54] [PERF-DAY] 44주차 306일차 처리 0.089s (stype='고강도' | 그주마지막날=False | 경기있음=False | 부상=False)
[09-03 19:37:54] [PERF-DAILYHOOK] 46주차 316일차: process_intl_week 0.172s | process_cwc_week 0.000s
[09-03 19:37:54] [PERF-DAY] 46주차 316일차 처리 0.174s (stype='고강도' | 그주마지막날=False | 경기있음=False | 부상=False)
[09-03 19:37:54] [PERF-DAILYHOOK] 46주차 317일차: process_intl_week 0.151s | process_cwc_week 0.000s
[09-03 19:37:54] [PERF-DAY] 46주차 317일차 처리 0.154s (stype='휴식' | 그주마지막날=False | 경기있음=False | 부상=False)
[09-03 19:37:54] [PERF-DAILYHOOK] 46주차 318일차: process_intl_week 0.151s | process_cwc_week 0.000s
[09-03 19:37:54] [PERF-DAY] 46주차 318일차 처리 0.153s (stype='고강도' | 그주마지막날=False | 경기있음=False | 부상=False)
[09-03 19:37:54] [PERF-DAILYHOOK] 46주차 319일차: process_intl_week 0.156s | process_cwc_week 0.000s
[09-03 19:37:54] [PERF-DAY] 46주차 319일차 처리 0.158s (stype='휴식' | 그주마지막날=False | 경기있음=False | 부상=False)
[09-03 19:37:54] [진행 총계] 0.67초
[09-03 19:38:48] [PERF]   _end_of_season 세부: AI생애주기 51.41s (승강제 타이밍은 43주 _finalize_club_season으로 이동 — 여기 안 잡힘)
[09-03 19:38:58] [PERF]   일정생성 세부: 아카이브이동 9.36s | 완비판정조회 0.01s | 기존경기dedup조회 0.00s | 일정계산 0.25s | INSERT+commit 0.37s | (대상리그 710개, 신규경기 201400건)
[09-03 19:38:58] [PERF]   인덱스재생성 0.40s
[09-03 19:39:00] [PERF] 연도전환 총 63.66s (커리어정리 0.00s | _end_of_season 51.42s | 일정생성 10.40s | 파워랭킹 1.84s | PRAGMA optimize 0.00s)
[09-03 19:39:00] [PERF-WEEKTAIL] 52주차: _pay_salary 0.000s | _advance_week 63.661s
[09-03 19:39:00] [PERF-DAY] 52주차 364일차 처리 63.664s (stype='휴식' | 그주마지막날=True | 경기있음=False | 부상=False)
[09-03 19:39:00] [진행 총계] 63.67초
[09-03 19:39:01] [AI리그] 4주차 4527경기, OVR캐시 0→9054) 세부: 경기조회 0.022s | 시뮬루프 0.395s | executemany(4527건) 0.010s | teams반영+commit 0.026s
[09-03 19:39:01] [주 마무리] 4주차 0.46s (국제대회 0.00s | 챔스 0.00s | 클럽WC 0.00s | 국내컵 0.00s | 리그시뮬 0.46s)
[09-03 19:39:01] [PERF-WEEKTAIL] 4주차: _pay_salary 0.000s | _advance_week 0.242s
[09-03 19:39:01] [PERF-DAY] 4주차 28일차 처리 0.700s (stype='휴식' | 그주마지막날=True | 경기있음=False | 부상=False)
[09-03 19:39:01] [진행 총계] 0.71초
[09-03 19:39:02] [AI리그] 5주차 5771경기, OVR캐시 11263→11393) 세부: 경기조회 0.018s | 시뮬루프 0.076s | executemany(5771건) 0.014s | teams반영+commit 0.046s
[09-03 19:39:02] [주 마무리] 5주차 0.30s (국제대회 0.00s | 챔스 0.00s | 클럽WC 0.00s | 국내컵 0.14s | 리그시뮬 0.16s)
[09-03 19:39:02] [PERF-DAY] 5주차 35일차 처리 0.304s (stype='휴식' | 그주마지막날=True | 경기있음=False | 부상=False)
[09-03 19:39:02] [진행 총계] 0.31초
[09-03 19:39:02] [AI리그] 6주차 5734경기, OVR캐시 11393→11393) 세부: 경기조회 0.016s | 시뮬루프 0.049s | executemany(5734건) 0.013s | teams반영+commit 0.044s
[09-03 19:39:02] [주 마무리] 6주차 0.29s (국제대회 0.00s | 챔스 0.00s | 클럽WC 0.00s | 국내컵 0.16s | 리그시뮬 0.13s)
[09-03 19:39:02] [PERF-DAY] 6주차 42일차 처리 0.288s (stype='휴식' | 그주마지막날=True | 경기있음=False | 부상=False)
[09-03 19:39:03] [AI리그] 7주차 5801경기, OVR캐시 11393→11393) 세부: 경기조회 0.024s | 시뮬루프 0.056s | executemany(5801건) 0.013s | teams반영+commit 0.040s
[09-03 19:39:03] [주 마무리] 7주차 0.27s (국제대회 0.00s | 챔스 0.00s | 클럽WC 0.00s | 국내컵 0.14s | 리그시뮬 0.14s)
[09-03 19:39:04] [PERF-WEEKTAIL] 7주차: _pay_salary 0.000s | _advance_week 0.116s
[09-03 19:39:04] [PERF-DAY] 7주차 49일차 처리 0.389s (stype='휴식' | 그주마지막날=True | 경기있음=False | 부상=False)
[09-03 19:39:04] [진행 총계] 0.39초
[09-03 19:39:04] [AI리그] 8주차 5757경기, OVR캐시 11393→11393) 세부: 경기조회 0.016s | 시뮬루프 0.047s | executemany(5757건) 0.014s | teams반영+commit 0.046s
[09-03 19:39:04] [주 마무리] 8주차 0.14s (국제대회 0.00s | 챔스 0.00s | 클럽WC 0.00s | 국내컵 0.00s | 리그시뮬 0.13s)
[09-03 19:39:04] [PERF-DAY] 8주차 56일차 처리 0.138s (stype='휴식' | 그주마지막날=True | 경기있음=False | 부상=False)
[09-03 19:39:04] [AI리그] 9주차 5731경기, OVR캐시 11393→11393) 세부: 경기조회 0.025s | 시뮬루프 0.066s | executemany(5731건) 0.013s | teams반영+commit 0.041s
[09-03 19:39:04] [주 마무리] 9주차 0.19s (국제대회 0.00s | 챔스 0.04s | 클럽WC 0.00s | 국내컵 0.00s | 리그시뮬 0.15s)
[09-03 19:39:04] [PERF-DAY] 9주차 63일차 처리 0.196s (stype='휴식' | 그주마지막날=True | 경기있음=False | 부상=False)
[09-03 19:39:04] [AI리그] 10주차 5766경기, OVR캐시 11393→11393) 세부: 경기조회 0.015s | 시뮬루프 0.048s | executemany(5766건) 0.014s | teams반영+commit 0.044s
[09-03 19:39:04] [주 마무리] 10주차 0.15s (국제대회 0.00s | 챔스 0.03s | 클럽WC 0.00s | 국내컵 0.00s | 리그시뮬 0.12s)
[09-03 19:39:04] [PERF-DAY] 10주차 70일차 처리 0.154s (stype='휴식' | 그주마지막날=True | 경기있음=False | 부상=False)
[09-03 19:39:05] [AI리그] 11주차 5618경기, OVR캐시 11393→11393) 세부: 경기조회 0.014s | 시뮬루프 0.056s | executemany(5618건) 0.013s | teams반영+commit 0.039s
[09-03 19:39:05] [주 마무리] 11주차 0.17s (국제대회 0.00s | 챔스 0.04s | 클럽WC 0.00s | 국내컵 0.00s | 리그시뮬 0.13s)
[09-03 19:39:05] [PERF-DAY] 11주차 77일차 처리 0.173s (stype='휴식' | 그주마지막날=True | 경기있음=False | 부상=False)
[09-03 19:39:05] [AI리그] 12주차 5609경기, OVR캐시 11393→11393) 세부: 경기조회 0.014s | 시뮬루프 0.049s | executemany(5609건) 0.013s | teams반영+commit 0.037s
[09-03 19:39:05] [주 마무리] 12주차 0.15s (국제대회 0.00s | 챔스 0.03s | 클럽WC 0.00s | 국내컵 0.00s | 리그시뮬 0.12s)
[09-03 19:39:05] [PERF-DAY] 12주차 84일차 처리 0.146s (stype='휴식' | 그주마지막날=True | 경기있음=False | 부상=False)
[09-03 19:39:05] [AI리그] 13주차 5233경기, OVR캐시 11393→11393) 세부: 경기조회 0.014s | 시뮬루프 0.055s | executemany(5233건) 0.012s | teams반영+commit 0.036s
[09-03 19:39:05] [주 마무리] 13주차 0.15s (국제대회 0.00s | 챔스 0.03s | 클럽WC 0.00s | 국내컵 0.00s | 리그시뮬 0.12s)
[09-03 19:39:05] [PERF-DAY] 13주차 91일차 처리 0.153s (stype='휴식' | 그주마지막날=True | 경기있음=False | 부상=False)
[09-03 19:39:06] [AI리그] 14주차 5527경기, OVR캐시 11393→11393) 세부: 경기조회 0.014s | 시뮬루프 0.052s | executemany(5527건) 0.012s | teams반영+commit 0.034s
[09-03 19:39:06] [주 마무리] 14주차 0.14s (국제대회 0.00s | 챔스 0.03s | 클럽WC 0.00s | 국내컵 0.00s | 리그시뮬 0.11s)
[09-03 19:39:06] [PERF-DAY] 14주차 98일차 처리 0.144s (stype='휴식' | 그주마지막날=True | 경기있음=False | 부상=False)
[09-03 19:39:07] [AI리그] 15주차 5747경기, OVR캐시 11393→11393) 세부: 경기조회 0.013s | 시뮬루프 0.048s | executemany(5747건) 0.012s | teams반영+commit 0.036s
[09-03 19:39:07] [주 마무리] 15주차 0.15s (국제대회 0.00s | 챔스 0.03s | 클럽WC 0.00s | 국내컵 0.00s | 리그시뮬 0.11s)
[09-03 19:39:07] [PERF-DAY] 15주차 105일차 처리 0.148s (stype='휴식' | 그주마지막날=True | 경기있음=False | 부상=False)
[09-03 19:39:07] [AI리그] 16주차 5732경기, OVR캐시 11393→11393) 세부: 경기조회 0.013s | 시뮬루프 0.069s | executemany(5732건) 0.013s | teams반영+commit 0.037s
[09-03 19:39:07] [주 마무리] 16주차 0.19s (국제대회 0.00s | 챔스 0.05s | 클럽WC 0.00s | 국내컵 0.00s | 리그시뮬 0.14s)
[09-03 19:39:07] [PERF-DAY] 16주차 112일차 처리 0.191s (stype='휴식' | 그주마지막날=True | 경기있음=False | 부상=False)
[09-03 19:39:07] [AI리그] 17주차 5482경기, OVR캐시 11393→11393) 세부: 경기조회 0.013s | 시뮬루프 0.049s | executemany(5482건) 0.015s | teams반영+commit 0.034s
[09-03 19:39:07] [주 마무리] 17주차 0.12s (국제대회 0.00s | 챔스 0.00s | 클럽WC 0.00s | 국내컵 0.00s | 리그시뮬 0.11s)
[09-03 19:39:07] [PERF-DAY] 17주차 119일차 처리 0.121s (stype='휴식' | 그주마지막날=True | 경기있음=False | 부상=False)
[09-03 19:39:07] [AI리그] 18주차 5384경기, OVR캐시 11393→11393) 세부: 경기조회 0.012s | 시뮬루프 0.043s | executemany(5384건) 0.013s | teams반영+commit 0.038s
[09-03 19:39:07] [주 마무리] 18주차 0.14s (국제대회 0.00s | 챔스 0.03s | 클럽WC 0.00s | 국내컵 0.00s | 리그시뮬 0.11s)
[09-03 19:39:07] [PERF-DAY] 18주차 126일차 처리 0.143s (stype='휴식' | 그주마지막날=True | 경기있음=False | 부상=False)
[09-03 19:39:08] [AI리그] 19주차 3886경기, OVR캐시 11393→11393) 세부: 경기조회 0.018s | 시뮬루프 0.049s | executemany(3886건) 0.009s | teams반영+commit 0.034s
[09-03 19:39:08] [주 마무리] 19주차 0.12s (국제대회 0.00s | 챔스 0.01s | 클럽WC 0.00s | 국내컵 0.00s | 리그시뮬 0.11s)
[09-03 19:39:08] [PERF-DAY] 19주차 133일차 처리 0.124s (stype='휴식' | 그주마지막날=True | 경기있음=False | 부상=False)
[09-03 19:39:09] [AI리그] 20주차 3343경기, OVR캐시 11393→11393) 세부: 경기조회 0.010s | 시뮬루프 0.033s | executemany(3343건) 0.009s | teams반영+commit 0.026s
[09-03 19:39:09] [주 마무리] 20주차 0.11s (국제대회 0.00s | 챔스 0.02s | 클럽WC 0.00s | 국내컵 0.00s | 리그시뮬 0.08s)
[09-03 19:39:09] [PERF-DAY] 20주차 140일차 처리 0.107s (stype='휴식' | 그주마지막날=True | 경기있음=False | 부상=False)
[09-03 19:39:09] [AI리그] 21주차 2934경기, OVR캐시 11393→11393) 세부: 경기조회 0.010s | 시뮬루프 0.025s | executemany(2934건) 0.008s | teams반영+commit 0.022s
[09-03 19:39:09] [주 마무리] 21주차 0.08s (국제대회 0.00s | 챔스 0.01s | 클럽WC 0.00s | 국내컵 0.00s | 리그시뮬 0.07s)
[09-03 19:39:09] [PERF-DAY] 21주차 147일차 처리 0.085s (stype='휴식' | 그주마지막날=True | 경기있음=False | 부상=False)
[09-03 19:39:09] [AI리그] 22주차 2779경기, OVR캐시 11393→11393) 세부: 경기조회 0.009s | 시뮬루프 0.023s | executemany(2779건) 0.007s | teams반영+commit 0.020s
[09-03 19:39:09] [주 마무리] 22주차 0.08s (국제대회 0.00s | 챔스 0.01s | 클럽WC 0.00s | 국내컵 0.00s | 리그시뮬 0.06s)
[09-03 19:39:09] [PERF-DAY] 22주차 154일차 처리 0.078s (stype='휴식' | 그주마지막날=True | 경기있음=False | 부상=False)
[09-03 19:39:10] [주 마무리] 23주차 0.07s (국제대회 0.00s | 챔스 0.02s | 클럽WC 0.00s | 국내컵 0.00s | 리그시뮬 0.05s)
[09-03 19:39:10] [PERF-DAY] 23주차 161일차 처리 0.076s (stype='휴식' | 그주마지막날=True | 경기있음=False | 부상=False)
[09-03 19:39:10] [주 마무리] 24주차 0.05s (국제대회 0.00s | 챔스 0.00s | 클럽WC 0.00s | 국내컵 0.00s | 리그시뮬 0.05s)
[09-03 19:39:10] [PERF-DAY] 24주차 168일차 처리 0.052s (stype='휴식' | 그주마지막날=True | 경기있음=False | 부상=False)
[09-03 19:39:10] [PERF-DAILYHOOK] 25주차 169일차: process_intl_week 0.629s | process_cwc_week 0.000s
[09-03 19:39:10] [PERF-DAY] 25주차 169일차 처리 0.631s (stype='고강도' | 그주마지막날=False | 경기있음=False | 부상=False)
[09-03 19:39:10] [진행 총계] 0.68초
[09-03 19:39:11] [PERF-DAILYHOOK] 27주차 189일차: process_intl_week 0.065s | process_cwc_week 0.000s
[09-03 19:39:11] [PERF-DAY] 27주차 189일차 처리 0.077s (stype='휴식' | 그주마지막날=True | 경기있음=False | 부상=False)
[09-03 19:39:15] [PERF-WEEKTAIL] 28주차: _pay_salary 0.000s | _advance_week 3.300s
[09-03 19:39:15] [PERF-DAY] 28주차 196일차 처리 3.312s (stype='휴식' | 그주마지막날=True | 경기있음=False | 부상=False)
[09-03 19:39:15] [진행 총계] 3.32초
[09-03 19:39:15] [AI리그] 29주차 4943경기, OVR캐시 11393→11393) 세부: 경기조회 0.010s | 시뮬루프 0.042s | executemany(4943건) 0.013s | teams반영+commit 0.035s
[09-03 19:39:15] [주 마무리] 29주차 0.11s (국제대회 0.00s | 챔스 0.00s | 클럽WC 0.00s | 국내컵 0.00s | 리그시뮬 0.10s)
[09-03 19:39:15] [PERF-DAY] 29주차 203일차 처리 0.108s (stype='휴식' | 그주마지막날=True | 경기있음=False | 부상=False)
[09-03 19:39:15] [AI리그] 30주차 6683경기, OVR캐시 11393→11393) 세부: 경기조회 0.011s | 시뮬루프 0.058s | executemany(6683건) 0.016s | teams반영+commit 0.039s
[09-03 19:39:15] [주 마무리] 30주차 0.21s (국제대회 0.00s | 챔스 0.00s | 클럽WC 0.00s | 국내컵 0.08s | 리그시뮬 0.13s)
[09-03 19:39:15] [PERF-DAY] 30주차 210일차 처리 0.210s (stype='휴식' | 그주마지막날=True | 경기있음=False | 부상=False)
[09-03 19:39:16] [AI리그] 31주차 6722경기, OVR캐시 11393→11393) 세부: 경기조회 0.015s | 시뮬루프 0.069s | executemany(6722건) 0.021s | teams반영+commit 0.043s
[09-03 19:39:16] [주 마무리] 31주차 0.16s (국제대회 0.00s | 챔스 0.00s | 클럽WC 0.00s | 국내컵 0.00s | 리그시뮬 0.15s)
[09-03 19:39:16] [PERF-DAY] 31주차 217일차 처리 0.157s (stype='휴식' | 그주마지막날=True | 경기있음=False | 부상=False)
[09-03 19:39:17] [AI리그] 32주차 6569경기, OVR캐시 11393→11393) 세부: 경기조회 0.010s | 시뮬루프 0.052s | executemany(6569건) 0.016s | teams반영+commit 0.039s
[09-03 19:39:17] [주 마무리] 32주차 0.20s (국제대회 0.00s | 챔스 0.00s | 클럽WC 0.00s | 국내컵 0.08s | 리그시뮬 0.12s)
[09-03 19:39:17] [PERF-DAY] 32주차 224일차 처리 0.199s (stype='휴식' | 그주마지막날=True | 경기있음=False | 부상=False)
[09-03 19:39:17] [AI리그] 33주차 6949경기, OVR캐시 11393→11393) 세부: 경기조회 0.010s | 시뮬루프 0.058s | executemany(6949건) 0.022s | teams반영+commit 0.048s
[09-03 19:39:17] [주 마무리] 33주차 0.15s (국제대회 0.00s | 챔스 0.00s | 클럽WC 0.00s | 국내컵 0.00s | 리그시뮬 0.14s)
[09-03 19:39:17] [PERF-DAY] 33주차 231일차 처리 0.147s (stype='휴식' | 그주마지막날=True | 경기있음=False | 부상=False)
[09-03 19:39:17] [AI리그] 34주차 6515경기, OVR캐시 11393→11393) 세부: 경기조회 0.009s | 시뮬루프 0.056s | executemany(6515건) 0.016s | teams반영+commit 0.040s
[09-03 19:39:17] [주 마무리] 34주차 0.18s (국제대회 0.00s | 챔스 0.00s | 클럽WC 0.00s | 국내컵 0.06s | 리그시뮬 0.12s)
[09-03 19:39:17] [PERF-DAY] 34주차 238일차 처리 0.185s (stype='휴식' | 그주마지막날=True | 경기있음=False | 부상=False)
[09-03 19:39:18] [AI리그] 35주차 6888경기, OVR캐시 11393→11393) 세부: 경기조회 0.015s | 시뮬루프 0.058s | executemany(6888건) 0.017s | teams반영+commit 0.042s
[09-03 19:39:18] [주 마무리] 35주차 0.14s (국제대회 0.00s | 챔스 0.00s | 클럽WC 0.00s | 국내컵 0.00s | 리그시뮬 0.14s)
[09-03 19:39:18] [PERF-DAY] 35주차 245일차 처리 0.141s (stype='휴식' | 그주마지막날=True | 경기있음=False | 부상=False)
[09-03 19:39:18] [AI리그] 36주차 7137경기, OVR캐시 11393→11393) 세부: 경기조회 0.009s | 시뮬루프 0.061s | executemany(7137건) 0.017s | teams반영+commit 0.041s
[09-03 19:39:18] [주 마무리] 36주차 0.19s (국제대회 0.00s | 챔스 0.00s | 클럽WC 0.00s | 국내컵 0.05s | 리그시뮬 0.13s)
[09-03 19:39:18] [PERF-DAY] 36주차 252일차 처리 0.187s (stype='휴식' | 그주마지막날=True | 경기있음=False | 부상=False)
[09-03 19:39:18] [AI리그] 37주차 6556경기, OVR캐시 11393→11393) 세부: 경기조회 0.009s | 시뮬루프 0.052s | executemany(6556건) 0.016s | teams반영+commit 0.038s
[09-03 19:39:18] [주 마무리] 37주차 0.12s (국제대회 0.00s | 챔스 0.00s | 클럽WC 0.00s | 국내컵 0.00s | 리그시뮬 0.12s)
[09-03 19:39:18] [PERF-DAY] 37주차 259일차 처리 0.124s (stype='휴식' | 그주마지막날=True | 경기있음=False | 부상=False)
[09-03 19:39:19] [AI리그] 38주차 6730경기, OVR캐시 11393→11393) 세부: 경기조회 0.007s | 시뮬루프 0.072s | executemany(6730건) 0.015s | teams반영+commit 0.044s
[09-03 19:39:19] [주 마무리] 38주차 0.25s (국제대회 0.00s | 챔스 0.00s | 클럽WC 0.00s | 국내컵 0.11s | 리그시뮬 0.14s)
[09-03 19:39:19] [PERF-DAY] 38주차 266일차 처리 0.253s (stype='휴식' | 그주마지막날=True | 경기있음=False | 부상=False)
[09-03 19:39:19] [AI리그] 39주차 6855경기, OVR캐시 11393→11393) 세부: 경기조회 0.012s | 시뮬루프 0.054s | executemany(6855건) 0.015s | teams반영+commit 0.038s
[09-03 19:39:19] [주 마무리] 39주차 0.13s (국제대회 0.00s | 챔스 0.00s | 클럽WC 0.00s | 국내컵 0.00s | 리그시뮬 0.12s)
[09-03 19:39:19] [PERF-DAY] 39주차 273일차 처리 0.128s (stype='휴식' | 그주마지막날=True | 경기있음=False | 부상=False)
[09-03 19:39:20] [AI리그] 40주차 6844경기, OVR캐시 11393→11393) 세부: 경기조회 0.007s | 시뮬루프 0.055s | executemany(6844건) 0.019s | teams반영+commit 0.038s
[09-03 19:39:20] [주 마무리] 40주차 0.15s (국제대회 0.00s | 챔스 0.00s | 클럽WC 0.00s | 국내컵 0.03s | 리그시뮬 0.12s)
[09-03 19:39:20] [PERF-DAY] 40주차 280일차 처리 0.153s (stype='휴식' | 그주마지막날=True | 경기있음=False | 부상=False)
[09-03 19:39:20] [AI리그] 41주차 6841경기, OVR캐시 11393→11393) 세부: 경기조회 0.006s | 시뮬루프 0.054s | executemany(6841건) 0.018s | teams반영+commit 0.043s
[09-03 19:39:20] [주 마무리] 41주차 0.13s (국제대회 0.00s | 챔스 0.00s | 클럽WC 0.00s | 국내컵 0.00s | 리그시뮬 0.13s)
[09-03 19:39:20] [PERF-DAY] 41주차 287일차 처리 0.129s (stype='휴식' | 그주마지막날=True | 경기있음=False | 부상=False)
[09-03 19:39:20] [AI리그] 42주차 6742경기, OVR캐시 11393→11393) 세부: 경기조회 0.007s | 시뮬루프 0.049s | executemany(6742건) 0.015s | teams반영+commit 0.035s
[09-03 19:39:20] [주 마무리] 42주차 0.12s (국제대회 0.00s | 챔스 0.00s | 클럽WC 0.00s | 국내컵 0.01s | 리그시뮬 0.11s)
[09-03 19:39:20] [PERF-DAY] 42주차 294일차 처리 0.121s (stype='휴식' | 그주마지막날=True | 경기있음=False | 부상=False)
[09-03 19:39:22] [PERF-PROMO] _process_promotion_relegation 세부: my_player/season조회 0.001s | teams+leagues조회 0.013s | standings계산(710개리그) 0.328s | ai_players OVR스캔 0.277s | 승강판정루프(211개국) 0.037s | executemany(1208건) 0.018s | 리스케일(1208건) 0.357s | commit/close 0.368s | 캐시무효화 0.000s
[09-03 19:39:22] [PERF-SEASON] finalize_club_season 세부: finish_incomplete_matches=0.059s | promotion_relegation=1.410s
[09-03 19:39:22] [PERF-YEAR] 43주차(CLUB_SEASON_END_DAY) 세부: finalize_club_season=1.469s | promotion_playoffs=0.031s | PRAGMA optimize=0.002s
[09-03 19:39:22] [PERF-DAY] 43주차 300일차 처리 1.523s (stype='휴식' | 그주마지막날=False | 경기있음=False | 부상=False)
[09-03 19:39:22] [진행 총계] 1.56초
[09-03 19:39:22] [PERF-DAILYHOOK] 44주차 302일차: process_po_week 0.060s
[09-03 19:39:22] [PERF-DAY] 44주차 302일차 처리 0.061s (stype='고강도' | 그주마지막날=False | 경기있음=False | 부상=False)
[09-03 19:39:23] [PERF-DAILYHOOK] 44주차 304일차: process_po_week 0.084s
[09-03 19:39:23] [PERF-DAY] 44주차 304일차 처리 0.085s (stype='고강도' | 그주마지막날=False | 경기있음=False | 부상=False)
[09-03 19:39:23] [PERF-DAILYHOOK] 44주차 306일차: process_po_week 0.085s
[09-03 19:39:23] [PERF-DAY] 44주차 306일차 처리 0.086s (stype='고강도' | 그주마지막날=False | 경기있음=False | 부상=False)
[09-03 19:39:23] [PERF-DAILYHOOK] 46주차 316일차: process_intl_week 0.661s | process_cwc_week 0.000s
[09-03 19:39:23] [PERF-DAY] 46주차 316일차 처리 0.662s (stype='고강도' | 그주마지막날=False | 경기있음=False | 부상=False)
[09-03 19:39:23] [PERF-DAILYHOOK] 46주차 317일차: process_intl_week 0.146s | process_cwc_week 0.000s
[09-03 19:39:23] [PERF-DAY] 46주차 317일차 처리 0.148s (stype='휴식' | 그주마지막날=False | 경기있음=False | 부상=False)
[09-03 19:39:24] [PERF-DAILYHOOK] 46주차 320일차: process_intl_week 0.095s | process_cwc_week 0.000s
[09-03 19:39:24] [PERF-DAY] 46주차 320일차 처리 0.097s (stype='고강도' | 그주마지막날=False | 경기있음=False | 부상=False)
[09-03 19:39:24] [진행 총계] 0.97초
[09-03 19:40:18] [PERF]   _end_of_season 세부: AI생애주기 51.93s (승강제 타이밍은 43주 _finalize_club_season으로 이동 — 여기 안 잡힘)
[09-03 19:40:20] [PERF]   일정생성 세부: 아카이브이동 1.34s | 완비판정조회 0.01s | 기존경기dedup조회 0.00s | 일정계산 0.23s | INSERT+commit 0.41s | (대상리그 710개, 신규경기 201400건)
[09-03 19:40:20] [PERF]   인덱스재생성 0.37s
[09-03 19:40:22] [PERF] 연도전환 총 56.26s (커리어정리 0.00s | _end_of_season 51.94s | 일정생성 2.37s | 파워랭킹 1.90s | PRAGMA optimize 0.05s)
[09-03 19:40:22] [PERF-WEEKTAIL] 52주차: _pay_salary 0.000s | _advance_week 56.259s
[09-03 19:40:22] [PERF-DAY] 52주차 364일차 처리 56.262s (stype='휴식' | 그주마지막날=True | 경기있음=False | 부상=False)
[09-03 19:40:22] [진행 총계] 56.27초
[09-03 19:40:24] [AI리그] 4주차 4527경기, OVR캐시 0→9054) 세부: 경기조회 0.016s | 시뮬루프 0.385s | executemany(4527건) 0.019s | teams반영+commit 0.028s
[09-03 19:40:24] [주 마무리] 4주차 0.45s (국제대회 0.00s | 챔스 0.00s | 클럽WC 0.00s | 국내컵 0.00s | 리그시뮬 0.45s)
[09-03 19:40:24] [PERF-WEEKTAIL] 4주차: _pay_salary 0.000s | _advance_week 0.242s
[09-03 19:40:24] [PERF-DAY] 4주차 28일차 처리 0.695s (stype='휴식' | 그주마지막날=True | 경기있음=False | 부상=False)
[09-03 19:40:24] [진행 총계] 0.70초
[09-03 19:40:25] [AI리그] 5주차 5771경기, OVR캐시 11263→11393) 세부: 경기조회 0.018s | 시뮬루프 0.076s | executemany(5771건) 0.015s | teams반영+commit 0.045s
[09-03 19:40:25] [주 마무리] 5주차 0.31s (국제대회 0.00s | 챔스 0.00s | 클럽WC 0.00s | 국내컵 0.15s | 리그시뮬 0.16s)
[09-03 19:40:25] [PERF-DAY] 5주차 35일차 처리 0.313s (stype='휴식' | 그주마지막날=True | 경기있음=False | 부상=False)
[09-03 19:40:25] [진행 총계] 0.32초
[09-03 19:40:25] [AI리그] 6주차 5734경기, OVR캐시 11393→11393) 세부: 경기조회 0.016s | 시뮬루프 0.049s | executemany(5734건) 0.018s | teams반영+commit 0.064s
[09-03 19:40:25] [주 마무리] 6주차 0.31s (국제대회 0.00s | 챔스 0.00s | 클럽WC 0.00s | 국내컵 0.16s | 리그시뮬 0.15s)
[09-03 19:40:25] [PERF-DAY] 6주차 42일차 처리 0.313s (stype='휴식' | 그주마지막날=True | 경기있음=False | 부상=False)
[09-03 19:40:25] [진행 총계] 0.32초
[09-03 19:40:26] [AI리그] 7주차 5801경기, OVR캐시 11393→11393) 세부: 경기조회 0.016s | 시뮬루프 0.069s | executemany(5801건) 0.020s | teams반영+commit 0.055s
[09-03 19:40:26] [주 마무리] 7주차 0.29s (국제대회 0.00s | 챔스 0.00s | 클럽WC 0.00s | 국내컵 0.12s | 리그시뮬 0.17s)
[09-03 19:40:26] [PERF-WEEKTAIL] 7주차: _pay_salary 0.000s | _advance_week 0.122s
[09-03 19:40:26] [PERF-DAY] 7주차 49일차 처리 0.414s (stype='휴식' | 그주마지막날=True | 경기있음=False | 부상=False)
[09-03 19:40:26] [진행 총계] 0.42초
[09-03 19:40:27] [AI리그] 8주차 5757경기, OVR캐시 11393→11393) 세부: 경기조회 0.016s | 시뮬루프 0.048s | executemany(5757건) 0.016s | teams반영+commit 0.046s
[09-03 19:40:27] [주 마무리] 8주차 0.14s (국제대회 0.00s | 챔스 0.00s | 클럽WC 0.00s | 국내컵 0.00s | 리그시뮬 0.13s)
[09-03 19:40:27] [PERF-DAY] 8주차 56일차 처리 0.137s (stype='휴식' | 그주마지막날=True | 경기있음=False | 부상=False)
[09-03 19:40:27] [AI리그] 9주차 5731경기, OVR캐시 11393→11393) 세부: 경기조회 0.016s | 시뮬루프 0.070s | executemany(5731건) 0.015s | teams반영+commit 0.045s
[09-03 19:40:27] [주 마무리] 9주차 0.18s (국제대회 0.00s | 챔스 0.03s | 클럽WC 0.00s | 국내컵 0.00s | 리그시뮬 0.15s)
[09-03 19:40:27] [PERF-DAY] 9주차 63일차 처리 0.186s (stype='휴식' | 그주마지막날=True | 경기있음=False | 부상=False)
[09-03 19:40:27] [AI리그] 10주차 5766경기, OVR캐시 11393→11393) 세부: 경기조회 0.015s | 시뮬루프 0.048s | executemany(5766건) 0.014s | teams반영+commit 0.051s
[09-03 19:40:27] [주 마무리] 10주차 0.16s (국제대회 0.00s | 챔스 0.03s | 클럽WC 0.00s | 국내컵 0.00s | 리그시뮬 0.13s)
[09-03 19:40:27] [PERF-DAY] 10주차 70일차 처리 0.162s (stype='휴식' | 그주마지막날=True | 경기있음=False | 부상=False)
[09-03 19:40:28] [AI리그] 11주차 5618경기, OVR캐시 11393→11393) 세부: 경기조회 0.018s | 시뮬루프 0.055s | executemany(5618건) 0.014s | teams반영+commit 0.045s
[09-03 19:40:28] [주 마무리] 11주차 0.17s (국제대회 0.00s | 챔스 0.03s | 클럽WC 0.00s | 국내컵 0.00s | 리그시뮬 0.14s)
[09-03 19:40:28] [PERF-DAY] 11주차 77일차 처리 0.173s (stype='휴식' | 그주마지막날=True | 경기있음=False | 부상=False)
[09-03 19:40:28] [AI리그] 12주차 5609경기, OVR캐시 11393→11393) 세부: 경기조회 0.014s | 시뮬루프 0.050s | executemany(5609건) 0.014s | teams반영+commit 0.043s
[09-03 19:40:28] [주 마무리] 12주차 0.16s (국제대회 0.00s | 챔스 0.03s | 클럽WC 0.00s | 국내컵 0.00s | 리그시뮬 0.12s)
[09-03 19:40:28] [PERF-DAY] 12주차 84일차 처리 0.160s (stype='휴식' | 그주마지막날=True | 경기있음=False | 부상=False)
[09-03 19:40:28] [AI리그] 13주차 5233경기, OVR캐시 11393→11393) 세부: 경기조회 0.014s | 시뮬루프 0.045s | executemany(5233건) 0.013s | teams반영+commit 0.042s
[09-03 19:40:28] [주 마무리] 13주차 0.15s (국제대회 0.00s | 챔스 0.03s | 클럽WC 0.00s | 국내컵 0.00s | 리그시뮬 0.12s)
[09-03 19:40:28] [PERF-DAY] 13주차 91일차 처리 0.150s (stype='휴식' | 그주마지막날=True | 경기있음=False | 부상=False)
[09-03 19:40:29] [AI리그] 14주차 5527경기, OVR캐시 11393→11393) 세부: 경기조회 0.014s | 시뮬루프 0.054s | executemany(5527건) 0.014s | teams반영+commit 0.039s
[09-03 19:40:29] [주 마무리] 14주차 0.15s (국제대회 0.00s | 챔스 0.03s | 클럽WC 0.00s | 국내컵 0.00s | 리그시뮬 0.12s)
[09-03 19:40:29] [PERF-DAY] 14주차 98일차 처리 0.155s (stype='휴식' | 그주마지막날=True | 경기있음=False | 부상=False)
[09-03 19:40:30] [AI리그] 15주차 5747경기, OVR캐시 11393→11393) 세부: 경기조회 0.016s | 시뮬루프 0.049s | executemany(5747건) 0.014s | teams반영+commit 0.045s
[09-03 19:40:30] [주 마무리] 15주차 0.17s (국제대회 0.00s | 챔스 0.04s | 클럽WC 0.00s | 국내컵 0.00s | 리그시뮬 0.13s)
[09-03 19:40:30] [PERF-DAY] 15주차 105일차 처리 0.169s (stype='휴식' | 그주마지막날=True | 경기있음=False | 부상=False)
[09-03 19:40:30] [AI리그] 16주차 5732경기, OVR캐시 11393→11393) 세부: 경기조회 0.014s | 시뮬루프 0.057s | executemany(5732건) 0.015s | teams반영+commit 0.044s
[09-03 19:40:30] [주 마무리] 16주차 0.19s (국제대회 0.00s | 챔스 0.05s | 클럽WC 0.00s | 국내컵 0.00s | 리그시뮬 0.13s)
[09-03 19:40:30] [PERF-DAY] 16주차 112일차 처리 0.189s (stype='휴식' | 그주마지막날=True | 경기있음=False | 부상=False)
[09-03 19:40:30] [AI리그] 17주차 5482경기, OVR캐시 11393→11393) 세부: 경기조회 0.013s | 시뮬루프 0.050s | executemany(5482건) 0.015s | teams반영+commit 0.053s
[09-03 19:40:30] [주 마무리] 17주차 0.14s (국제대회 0.00s | 챔스 0.00s | 클럽WC 0.00s | 국내컵 0.00s | 리그시뮬 0.13s)
[09-03 19:40:30] [PERF-DAY] 17주차 119일차 처리 0.142s (stype='휴식' | 그주마지막날=True | 경기있음=False | 부상=False)
[09-03 19:40:30] [AI리그] 18주차 5384경기, OVR캐시 11393→11393) 세부: 경기조회 0.013s | 시뮬루프 0.046s | executemany(5384건) 0.013s | teams반영+commit 0.039s
[09-03 19:40:30] [주 마무리] 18주차 0.14s (국제대회 0.00s | 챔스 0.03s | 클럽WC 0.00s | 국내컵 0.00s | 리그시뮬 0.11s)
[09-03 19:40:30] [PERF-DAY] 18주차 126일차 처리 0.146s (stype='휴식' | 그주마지막날=True | 경기있음=False | 부상=False)
[09-03 19:40:31] [AI리그] 19주차 3886경기, OVR캐시 11393→11393) 세부: 경기조회 0.012s | 시뮬루프 0.035s | executemany(3886건) 0.009s | teams반영+commit 0.025s
[09-03 19:40:31] [주 마무리] 19주차 0.09s (국제대회 0.00s | 챔스 0.00s | 클럽WC 0.00s | 국내컵 0.00s | 리그시뮬 0.08s)
[09-03 19:40:31] [PERF-DAY] 19주차 133일차 처리 0.091s (stype='휴식' | 그주마지막날=True | 경기있음=False | 부상=False)
[09-03 19:40:32] [AI리그] 20주차 3343경기, OVR캐시 11393→11393) 세부: 경기조회 0.011s | 시뮬루프 0.033s | executemany(3343건) 0.008s | teams반영+commit 0.023s
[09-03 19:40:32] [주 마무리] 20주차 0.10s (국제대회 0.00s | 챔스 0.02s | 클럽WC 0.00s | 국내컵 0.00s | 리그시뮬 0.08s)
[09-03 19:40:32] [PERF-DAY] 20주차 140일차 처리 0.103s (stype='휴식' | 그주마지막날=True | 경기있음=False | 부상=False)
[09-03 19:40:32] [AI리그] 21주차 2934경기, OVR캐시 11393→11393) 세부: 경기조회 0.010s | 시뮬루프 0.025s | executemany(2934건) 0.008s | teams반영+commit 0.028s
[09-03 19:40:32] [주 마무리] 21주차 0.09s (국제대회 0.00s | 챔스 0.01s | 클럽WC 0.00s | 국내컵 0.00s | 리그시뮬 0.08s)
[09-03 19:40:32] [PERF-DAY] 21주차 147일차 처리 0.094s (stype='휴식' | 그주마지막날=True | 경기있음=False | 부상=False)
[09-03 19:40:32] [AI리그] 22주차 2779경기, OVR캐시 11393→11393) 세부: 경기조회 0.010s | 시뮬루프 0.023s | executemany(2779건) 0.007s | teams반영+commit 0.019s
[09-03 19:40:32] [주 마무리] 22주차 0.08s (국제대회 0.00s | 챔스 0.01s | 클럽WC 0.00s | 국내컵 0.00s | 리그시뮬 0.06s)
[09-03 19:40:32] [PERF-DAY] 22주차 154일차 처리 0.079s (stype='휴식' | 그주마지막날=True | 경기있음=False | 부상=False)
[09-03 19:40:33] [AI리그] 23주차 2291경기, OVR캐시 11393→11393) 세부: 경기조회 0.009s | 시뮬루프 0.021s | executemany(2291건) 0.006s | teams반영+commit 0.016s
[09-03 19:40:33] [주 마무리] 23주차 0.07s (국제대회 0.00s | 챔스 0.02s | 클럽WC 0.00s | 국내컵 0.00s | 리그시뮬 0.05s)
[09-03 19:40:33] [PERF-DAY] 23주차 161일차 처리 0.090s (stype='휴식' | 그주마지막날=True | 경기있음=False | 부상=False)
[09-03 19:40:33] [주 마무리] 24주차 0.05s (국제대회 0.00s | 챔스 0.00s | 클럽WC 0.00s | 국내컵 0.00s | 리그시뮬 0.05s)
[09-03 19:40:33] [PERF-DAY] 24주차 168일차 처리 0.054s (stype='휴식' | 그주마지막날=True | 경기있음=False | 부상=False)
[09-03 19:40:34] [PERF-DAILYHOOK] 25주차 169일차: process_intl_week 1.411s | process_cwc_week 0.000s
[09-03 19:40:34] [PERF-DAY] 25주차 169일차 처리 1.413s (stype='고강도' | 그주마지막날=False | 경기있음=False | 부상=False)
[09-03 19:40:34] [PERF-DAILYHOOK] 25주차 173일차: process_intl_week 0.052s | process_cwc_week 0.000s
[09-03 19:40:34] [PERF-DAY] 25주차 173일차 처리 0.053s (stype='고강도' | 그주마지막날=False | 경기있음=False | 부상=False)
[09-03 19:40:35] [진행 총계] 1.49초
[09-03 19:40:36] [PERF-DAILYHOOK] 27주차 185일차: process_intl_week 0.053s | process_cwc_week 0.000s
[09-03 19:40:36] [PERF-DAY] 27주차 185일차 처리 0.055s (stype='고강도' | 그주마지막날=False | 경기있음=False | 부상=False)
[09-03 19:40:36] [PERF-DAILYHOOK] 27주차 189일차: process_intl_week 0.071s | process_cwc_week 0.000s
[09-03 19:40:36] [PERF-DAY] 27주차 189일차 처리 0.086s (stype='휴식' | 그주마지막날=True | 경기있음=False | 부상=False)
[09-03 19:40:39] [PERF-WEEKTAIL] 28주차: _pay_salary 0.000s | _advance_week 3.232s
[09-03 19:40:39] [PERF-DAY] 28주차 196일차 처리 3.244s (stype='휴식' | 그주마지막날=True | 경기있음=False | 부상=False)
[09-03 19:40:39] [진행 총계] 3.29초
[09-03 19:40:39] [AI리그] 29주차 4943경기, OVR캐시 11393→11393) 세부: 경기조회 0.010s | 시뮬루프 0.039s | executemany(4943건) 0.012s | teams반영+commit 0.034s
[09-03 19:40:39] [주 마무리] 29주차 0.10s (국제대회 0.00s | 챔스 0.00s | 클럽WC 0.00s | 국내컵 0.00s | 리그시뮬 0.10s)
[09-03 19:40:39] [PERF-DAY] 29주차 203일차 처리 0.104s (stype='휴식' | 그주마지막날=True | 경기있음=False | 부상=False)
[09-03 19:40:39] [AI리그] 30주차 6683경기, OVR캐시 11393→11393) 세부: 경기조회 0.014s | 시뮬루프 0.068s | executemany(6683건) 0.015s | teams반영+commit 0.036s
[09-03 19:40:39] [주 마무리] 30주차 0.27s (국제대회 0.00s | 챔스 0.00s | 클럽WC 0.00s | 국내컵 0.13s | 리그시뮬 0.14s)
[09-03 19:40:39] [PERF-DAY] 30주차 210일차 처리 0.268s (stype='휴식' | 그주마지막날=True | 경기있음=False | 부상=False)
[09-03 19:40:41] [AI리그] 31주차 6722경기, OVR캐시 11393→11393) 세부: 경기조회 0.016s | 시뮬루프 0.073s | executemany(6722건) 0.017s | teams반영+commit 0.040s
[09-03 19:40:41] [주 마무리] 31주차 0.16s (국제대회 0.00s | 챔스 0.00s | 클럽WC 0.00s | 국내컵 0.00s | 리그시뮬 0.15s)
[09-03 19:40:41] [PERF-DAY] 31주차 217일차 처리 0.157s (stype='휴식' | 그주마지막날=True | 경기있음=False | 부상=False)
[09-03 19:40:41] [AI리그] 32주차 6569경기, OVR캐시 11393→11393) 세부: 경기조회 0.012s | 시뮬루프 0.051s | executemany(6569건) 0.016s | teams반영+commit 0.050s
[09-03 19:40:41] [주 마무리] 32주차 0.22s (국제대회 0.00s | 챔스 0.00s | 클럽WC 0.00s | 국내컵 0.08s | 리그시뮬 0.13s)
[09-03 19:40:41] [PERF-DAY] 32주차 224일차 처리 0.217s (stype='휴식' | 그주마지막날=True | 경기있음=False | 부상=False)
[09-03 19:40:41] [AI리그] 33주차 6949경기, OVR캐시 11393→11393) 세부: 경기조회 0.010s | 시뮬루프 0.062s | executemany(6949건) 0.026s | teams반영+commit 0.044s
[09-03 19:40:41] [주 마무리] 33주차 0.15s (국제대회 0.00s | 챔스 0.00s | 클럽WC 0.00s | 국내컵 0.00s | 리그시뮬 0.15s)
[09-03 19:40:41] [PERF-DAY] 33주차 231일차 처리 0.150s (stype='휴식' | 그주마지막날=True | 경기있음=False | 부상=False)
[09-03 19:40:41] [AI리그] 34주차 6515경기, OVR캐시 11393→11393) 세부: 경기조회 0.009s | 시뮬루프 0.050s | executemany(6515건) 0.016s | teams반영+commit 0.042s
[09-03 19:40:41] [주 마무리] 34주차 0.19s (국제대회 0.00s | 챔스 0.00s | 클럽WC 0.00s | 국내컵 0.07s | 리그시뮬 0.12s)
[09-03 19:40:41] [PERF-DAY] 34주차 238일차 처리 0.195s (stype='휴식' | 그주마지막날=True | 경기있음=False | 부상=False)
[09-03 19:40:43] [AI리그] 35주차 6888경기, OVR캐시 11393→11393) 세부: 경기조회 0.014s | 시뮬루프 0.056s | executemany(6888건) 0.017s | teams반영+commit 0.042s
[09-03 19:40:43] [주 마무리] 35주차 0.14s (국제대회 0.00s | 챔스 0.00s | 클럽WC 0.00s | 국내컵 0.00s | 리그시뮬 0.13s)
[09-03 19:40:43] [PERF-DAY] 35주차 245일차 처리 0.140s (stype='휴식' | 그주마지막날=True | 경기있음=False | 부상=False)
[09-03 19:40:43] [AI리그] 36주차 7137경기, OVR캐시 11393→11393) 세부: 경기조회 0.009s | 시뮬루프 0.056s | executemany(7137건) 0.017s | teams반영+commit 0.043s
[09-03 19:40:43] [주 마무리] 36주차 0.18s (국제대회 0.00s | 챔스 0.00s | 클럽WC 0.00s | 국내컵 0.05s | 리그시뮬 0.13s)
[09-03 19:40:43] [PERF-DAY] 36주차 252일차 처리 0.185s (stype='휴식' | 그주마지막날=True | 경기있음=False | 부상=False)
[09-03 19:40:43] [AI리그] 37주차 6556경기, OVR캐시 11393→11393) 세부: 경기조회 0.009s | 시뮬루프 0.059s | executemany(6556건) 0.016s | teams반영+commit 0.043s
[09-03 19:40:43] [주 마무리] 37주차 0.13s (국제대회 0.00s | 챔스 0.00s | 클럽WC 0.00s | 국내컵 0.00s | 리그시뮬 0.13s)
[09-03 19:40:43] [PERF-DAY] 37주차 259일차 처리 0.135s (stype='휴식' | 그주마지막날=True | 경기있음=False | 부상=False)
[09-03 19:40:43] [AI리그] 38주차 6730경기, OVR캐시 11393→11393) 세부: 경기조회 0.008s | 시뮬루프 0.053s | executemany(6730건) 0.016s | teams반영+commit 0.041s
[09-03 19:40:43] [주 마무리] 38주차 0.20s (국제대회 0.00s | 챔스 0.00s | 클럽WC 0.00s | 국내컵 0.08s | 리그시뮬 0.12s)
[09-03 19:40:43] [PERF-DAY] 38주차 266일차 처리 0.200s (stype='휴식' | 그주마지막날=True | 경기있음=False | 부상=False)
[09-03 19:40:44] [AI리그] 39주차 6855경기, OVR캐시 11393→11393) 세부: 경기조회 0.013s | 시뮬루프 0.066s | executemany(6855건) 0.016s | teams반영+commit 0.043s
[09-03 19:40:44] [주 마무리] 39주차 0.15s (국제대회 0.00s | 챔스 0.00s | 클럽WC 0.00s | 국내컵 0.00s | 리그시뮬 0.14s)
[09-03 19:40:44] [PERF-DAY] 39주차 273일차 처리 0.149s (stype='휴식' | 그주마지막날=True | 경기있음=False | 부상=False)
[09-03 19:40:44] [AI리그] 40주차 6844경기, OVR캐시 11393→11393) 세부: 경기조회 0.010s | 시뮬루프 0.062s | executemany(6844건) 0.022s | teams반영+commit 0.037s
[09-03 19:40:44] [주 마무리] 40주차 0.18s (국제대회 0.00s | 챔스 0.00s | 클럽WC 0.00s | 국내컵 0.05s | 리그시뮬 0.13s)
[09-03 19:40:44] [PERF-DAY] 40주차 280일차 처리 0.184s (stype='휴식' | 그주마지막날=True | 경기있음=False | 부상=False)
[09-03 19:40:45] [AI리그] 41주차 6841경기, OVR캐시 11393→11393) 세부: 경기조회 0.006s | 시뮬루프 0.053s | executemany(6841건) 0.020s | teams반영+commit 0.049s
[09-03 19:40:45] [주 마무리] 41주차 0.14s (국제대회 0.00s | 챔스 0.00s | 클럽WC 0.00s | 국내컵 0.00s | 리그시뮬 0.13s)
[09-03 19:40:45] [PERF-DAY] 41주차 287일차 처리 0.137s (stype='휴식' | 그주마지막날=True | 경기있음=False | 부상=False)
[09-03 19:40:45] [AI리그] 42주차 6742경기, OVR캐시 11393→11393) 세부: 경기조회 0.006s | 시뮬루프 0.051s | executemany(6742건) 0.016s | teams반영+commit 0.034s
[09-03 19:40:45] [주 마무리] 42주차 0.12s (국제대회 0.00s | 챔스 0.00s | 클럽WC 0.00s | 국내컵 0.01s | 리그시뮬 0.11s)
[09-03 19:40:45] [PERF-DAY] 42주차 294일차 처리 0.122s (stype='휴식' | 그주마지막날=True | 경기있음=False | 부상=False)
[09-03 19:40:47] [PERF-PROMO] _process_promotion_relegation 세부: my_player/season조회 0.001s | teams+leagues조회 0.014s | standings계산(710개리그) 0.323s | ai_players OVR스캔 0.266s | 승강판정루프(211개국) 0.028s | executemany(1208건) 0.017s | 리스케일(1208건) 0.375s | commit/close 0.367s | 캐시무효화 0.000s
[09-03 19:40:47] [PERF-SEASON] finalize_club_season 세부: finish_incomplete_matches=0.057s | promotion_relegation=1.399s
[09-03 19:40:47] [PERF-YEAR] 43주차(CLUB_SEASON_END_DAY) 세부: finalize_club_season=1.456s | promotion_playoffs=0.025s | PRAGMA optimize=0.001s
[09-03 19:40:47] [PERF-DAY] 43주차 300일차 처리 1.494s (stype='휴식' | 그주마지막날=False | 경기있음=False | 부상=False)
[09-03 19:40:47] [진행 총계] 1.52초
[09-03 19:40:47] [PERF-DAILYHOOK] 44주차 302일차: process_po_week 0.062s
[09-03 19:40:47] [PERF-DAY] 44주차 302일차 처리 0.063s (stype='고강도' | 그주마지막날=False | 경기있음=False | 부상=False)
[09-03 19:40:47] [PERF-DAILYHOOK] 44주차 304일차: process_po_week 0.061s
[09-03 19:40:47] [PERF-DAY] 44주차 304일차 처리 0.062s (stype='고강도' | 그주마지막날=False | 경기있음=False | 부상=False)
[09-03 19:40:48] [PERF-DAILYHOOK] 44주차 306일차: process_po_week 0.086s
[09-03 19:40:48] [PERF-DAY] 44주차 306일차 처리 0.087s (stype='고강도' | 그주마지막날=False | 경기있음=False | 부상=False)
[09-03 19:41:44] [PERF]   _end_of_season 세부: AI생애주기 53.87s (승강제 타이밍은 43주 _finalize_club_season으로 이동 — 여기 안 잡힘)
[09-03 19:41:46] [PERF]   일정생성 세부: 아카이브이동 1.38s | 완비판정조회 0.01s | 기존경기dedup조회 0.00s | 일정계산 0.21s | INSERT+commit 0.37s | (대상리그 710개, 신규경기 201400건)
[09-03 19:41:46] [PERF]   인덱스재생성 0.41s
[09-03 19:41:48] [PERF] 연도전환 총 58.09s (커리어정리 0.00s | _end_of_season 53.87s | 일정생성 2.39s | 파워랭킹 1.83s | PRAGMA optimize 0.00s)
[09-03 19:41:48] [PERF-WEEKTAIL] 52주차: _pay_salary 0.000s | _advance_week 58.095s
[09-03 19:41:48] [PERF-DAY] 52주차 364일차 처리 58.097s (stype='휴식' | 그주마지막날=True | 경기있음=False | 부상=False)
[09-03 19:41:48] [진행 총계] 58.10초
[09-04 03:49:18] [PERF]   일정생성 세부: 아카이브이동 0.00s | 완비판정조회 0.01s | 기존경기dedup조회 0.00s | 일정계산 0.25s | INSERT+commit 0.51s | (대상리그 710개, 신규경기 201400건)
[09-04 03:49:18] [PERF]   인덱스재생성 0.36s
[09-04 03:49:33] [AI리그] 4주차 4527경기, OVR캐시 0→9054) 세부: 경기조회 0.014s | 시뮬루프 0.366s | executemany(4527건) 0.011s | teams반영+commit 0.029s
[09-04 03:49:33] [주 마무리] 4주차 0.42s (국제대회 0.00s | 챔스 0.00s | 클럽WC 0.00s | 국내컵 0.00s | 리그시뮬 0.42s)
[09-04 03:49:34] [PERF-WEEKTAIL] 4주차: _pay_salary 0.000s | _advance_week 0.156s
[09-04 03:49:34] [PERF-DAY] 4주차 28일차 처리 0.580s (stype='휴식' | 그주마지막날=True | 경기있음=False | 부상=False)
[09-04 03:49:34] [진행 총계] 0.58초
[09-04 03:49:34] [AI리그] 5주차 5771경기, OVR캐시 11263→11393) 세부: 경기조회 0.015s | 시뮬루프 0.169s | executemany(5771건) 0.014s | teams반영+commit 0.041s
[09-04 03:49:34] [주 마무리] 5주차 0.38s (국제대회 0.00s | 챔스 0.00s | 클럽WC 0.00s | 국내컵 0.13s | 리그시뮬 0.24s)
[09-04 03:49:34] [PERF-DAY] 5주차 35일차 처리 0.377s (stype='휴식' | 그주마지막날=True | 경기있음=False | 부상=False)
[09-04 03:49:34] [진행 총계] 0.38초
[09-04 03:49:34] [AI리그] 6주차 5734경기, OVR캐시 11393→11393) 세부: 경기조회 0.014s | 시뮬루프 0.154s | executemany(5734건) 0.013s | teams반영+commit 0.042s
[09-04 03:49:34] [주 마무리] 6주차 0.37s (국제대회 0.00s | 챔스 0.00s | 클럽WC 0.00s | 국내컵 0.14s | 리그시뮬 0.22s)
[09-04 03:49:34] [PERF-DAY] 6주차 42일차 처리 0.368s (stype='휴식' | 그주마지막날=True | 경기있음=False | 부상=False)
[09-04 03:49:34] [진행 총계] 0.37초
[09-04 03:49:35] [AI리그] 7주차 5801경기, OVR캐시 11393→11393) 세부: 경기조회 0.014s | 시뮬루프 0.151s | executemany(5801건) 0.013s | teams반영+commit 0.041s
[09-04 03:49:35] [주 마무리] 7주차 0.33s (국제대회 0.00s | 챔스 0.00s | 클럽WC 0.00s | 국내컵 0.11s | 리그시뮬 0.22s)
[09-04 03:49:35] [PERF-DAY] 7주차 49일차 처리 0.371s (stype='휴식' | 그주마지막날=True | 경기있음=False | 부상=False)
[09-04 03:49:35] [진행 총계] 0.38초
[09-04 03:49:35] [AI리그] 8주차 5757경기, OVR캐시 11393→11393) 세부: 경기조회 0.014s | 시뮬루프 0.166s | executemany(5757건) 0.013s | teams반영+commit 0.039s
[09-04 03:49:35] [주 마무리] 8주차 0.24s (국제대회 0.00s | 챔스 0.00s | 클럽WC 0.00s | 국내컵 0.00s | 리그시뮬 0.23s)
[09-04 03:49:35] [PERF-DAY] 8주차 56일차 처리 0.239s (stype='휴식' | 그주마지막날=True | 경기있음=False | 부상=False)
[09-04 03:49:36] [AI리그] 9주차 5731경기, OVR캐시 11393→11393) 세부: 경기조회 0.014s | 시뮬루프 0.150s | executemany(5731건) 0.014s | teams반영+commit 0.040s
[09-04 03:49:36] [주 마무리] 9주차 0.25s (국제대회 0.00s | 챔스 0.03s | 클럽WC 0.00s | 국내컵 0.00s | 리그시뮬 0.22s)
[09-04 03:49:36] [PERF-DAY] 9주차 63일차 처리 0.251s (stype='휴식' | 그주마지막날=True | 경기있음=False | 부상=False)
[09-04 03:49:36] [AI리그] 10주차 5766경기, OVR캐시 11393→11393) 세부: 경기조회 0.014s | 시뮬루프 0.158s | executemany(5766건) 0.014s | teams반영+commit 0.040s
[09-04 03:49:36] [주 마무리] 10주차 0.25s (국제대회 0.00s | 챔스 0.02s | 클럽WC 0.00s | 국내컵 0.00s | 리그시뮬 0.23s)
[09-04 03:49:36] [PERF-DAY] 10주차 70일차 처리 0.254s (stype='휴식' | 그주마지막날=True | 경기있음=False | 부상=False)
[09-04 03:49:36] [AI리그] 11주차 5618경기, OVR캐시 11393→11393) 세부: 경기조회 0.013s | 시뮬루프 0.149s | executemany(5618건) 0.014s | teams반영+commit 0.040s
[09-04 03:49:36] [주 마무리] 11주차 0.24s (국제대회 0.00s | 챔스 0.02s | 클럽WC 0.00s | 국내컵 0.00s | 리그시뮬 0.22s)
[09-04 03:49:36] [PERF-DAY] 11주차 77일차 처리 0.244s (stype='휴식' | 그주마지막날=True | 경기있음=False | 부상=False)
[09-04 03:49:37] [AI리그] 12주차 5609경기, OVR캐시 11393→11393) 세부: 경기조회 0.013s | 시뮬루프 0.145s | executemany(5609건) 0.014s | teams반영+commit 0.040s
[09-04 03:49:37] [주 마무리] 12주차 0.24s (국제대회 0.00s | 챔스 0.02s | 클럽WC 0.00s | 국내컵 0.00s | 리그시뮬 0.21s)
[09-04 03:49:37] [PERF-DAY] 12주차 84일차 처리 0.241s (stype='휴식' | 그주마지막날=True | 경기있음=False | 부상=False)
[09-04 03:49:37] [AI리그] 13주차 5233경기, OVR캐시 11393→11393) 세부: 경기조회 0.013s | 시뮬루프 0.138s | executemany(5233건) 0.012s | teams반영+commit 0.036s
[09-04 03:49:37] [주 마무리] 13주차 0.23s (국제대회 0.00s | 챔스 0.02s | 클럽WC 0.00s | 국내컵 0.00s | 리그시뮬 0.20s)
[09-04 03:49:37] [PERF-DAY] 13주차 91일차 처리 0.228s (stype='휴식' | 그주마지막날=True | 경기있음=False | 부상=False)
[09-04 03:49:37] [AI리그] 14주차 5527경기, OVR캐시 11393→11393) 세부: 경기조회 0.012s | 시뮬루프 0.143s | executemany(5527건) 0.013s | teams반영+commit 0.035s
[09-04 03:49:37] [주 마무리] 14주차 0.23s (국제대회 0.00s | 챔스 0.02s | 클럽WC 0.00s | 국내컵 0.00s | 리그시뮬 0.21s)
[09-04 03:49:37] [PERF-DAY] 14주차 98일차 처리 0.232s (stype='휴식' | 그주마지막날=True | 경기있음=False | 부상=False)
[09-04 03:49:38] [AI리그] 15주차 5747경기, OVR캐시 11393→11393) 세부: 경기조회 0.012s | 시뮬루프 0.154s | executemany(5747건) 0.014s | teams반영+commit 0.039s
[09-04 03:49:38] [주 마무리] 15주차 0.25s (국제대회 0.00s | 챔스 0.02s | 클럽WC 0.00s | 국내컵 0.00s | 리그시뮬 0.22s)
[09-04 03:49:38] [PERF-DAY] 15주차 105일차 처리 0.247s (stype='휴식' | 그주마지막날=True | 경기있음=False | 부상=False)
[09-04 03:49:38] [AI리그] 16주차 5732경기, OVR캐시 11393→11393) 세부: 경기조회 0.012s | 시뮬루프 0.152s | executemany(5732건) 0.014s | teams반영+commit 0.039s
[09-04 03:49:38] [주 마무리] 16주차 0.27s (국제대회 0.00s | 챔스 0.05s | 클럽WC 0.00s | 국내컵 0.00s | 리그시뮬 0.22s)
[09-04 03:49:38] [PERF-DAY] 16주차 112일차 처리 0.267s (stype='휴식' | 그주마지막날=True | 경기있음=False | 부상=False)
[09-04 03:49:38] [AI리그] 17주차 5482경기, OVR캐시 11393→11393) 세부: 경기조회 0.013s | 시뮬루프 0.151s | executemany(5482건) 0.013s | teams반영+commit 0.037s
[09-04 03:49:38] [주 마무리] 17주차 0.22s (국제대회 0.00s | 챔스 0.00s | 클럽WC 0.00s | 국내컵 0.00s | 리그시뮬 0.22s)
[09-04 03:49:38] [PERF-DAY] 17주차 119일차 처리 0.220s (stype='휴식' | 그주마지막날=True | 경기있음=False | 부상=False)
[09-04 03:49:39] [AI리그] 18주차 5384경기, OVR캐시 11393→11393) 세부: 경기조회 0.011s | 시뮬루프 0.138s | executemany(5384건) 0.011s | teams반영+commit 0.029s
[09-04 03:49:39] [주 마무리] 18주차 0.22s (국제대회 0.00s | 챔스 0.03s | 클럽WC 0.00s | 국내컵 0.00s | 리그시뮬 0.19s)
[09-04 03:49:39] [PERF-DAY] 18주차 126일차 처리 0.218s (stype='휴식' | 그주마지막날=True | 경기있음=False | 부상=False)
[09-04 03:49:39] [AI리그] 19주차 3886경기, OVR캐시 11393→11393) 세부: 경기조회 0.012s | 시뮬루프 0.101s | executemany(3886건) 0.008s | teams반영+commit 0.023s
[09-04 03:49:39] [주 마무리] 19주차 0.15s (국제대회 0.00s | 챔스 0.00s | 클럽WC 0.00s | 국내컵 0.00s | 리그시뮬 0.15s)
[09-04 03:49:39] [PERF-DAY] 19주차 133일차 처리 0.152s (stype='휴식' | 그주마지막날=True | 경기있음=False | 부상=False)
[09-04 03:49:39] [AI리그] 20주차 3343경기, OVR캐시 11393→11393) 세부: 경기조회 0.010s | 시뮬루프 0.106s | executemany(3343건) 0.008s | teams반영+commit 0.018s
[09-04 03:49:39] [주 마무리] 20주차 0.16s (국제대회 0.00s | 챔스 0.02s | 클럽WC 0.00s | 국내컵 0.00s | 리그시뮬 0.14s)
[09-04 03:49:39] [PERF-DAY] 20주차 140일차 처리 0.165s (stype='휴식' | 그주마지막날=True | 경기있음=False | 부상=False)
[09-04 03:49:39] [AI리그] 21주차 2934경기, OVR캐시 11393→11393) 세부: 경기조회 0.009s | 시뮬루프 0.078s | executemany(2934건) 0.007s | teams반영+commit 0.017s
[09-04 03:49:39] [주 마무리] 21주차 0.13s (국제대회 0.00s | 챔스 0.01s | 클럽WC 0.00s | 국내컵 0.00s | 리그시뮬 0.11s)
[09-04 03:49:39] [PERF-DAY] 21주차 147일차 처리 0.128s (stype='휴식' | 그주마지막날=True | 경기있음=False | 부상=False)
[09-04 03:49:40] [AI리그] 22주차 2779경기, OVR캐시 11393→11393) 세부: 경기조회 0.010s | 시뮬루프 0.078s | executemany(2779건) 0.007s | teams반영+commit 0.019s
[09-04 03:49:40] [주 마무리] 22주차 0.13s (국제대회 0.00s | 챔스 0.01s | 클럽WC 0.00s | 국내컵 0.00s | 리그시뮬 0.12s)
[09-04 03:49:40] [PERF-DAY] 22주차 154일차 처리 0.128s (stype='휴식' | 그주마지막날=True | 경기있음=False | 부상=False)
[09-04 03:49:40] [AI리그] 23주차 2291경기, OVR캐시 11393→11393) 세부: 경기조회 0.008s | 시뮬루프 0.058s | executemany(2291건) 0.006s | teams반영+commit 0.014s
[09-04 03:49:40] [주 마무리] 23주차 0.10s (국제대회 0.00s | 챔스 0.01s | 클럽WC 0.00s | 국내컵 0.00s | 리그시뮬 0.09s)
[09-04 03:49:40] [PERF-DAY] 23주차 161일차 처리 0.104s (stype='휴식' | 그주마지막날=True | 경기있음=False | 부상=False)
[09-04 03:49:40] [AI리그] 24주차 2602경기, OVR캐시 11393→11393) 세부: 경기조회 0.009s | 시뮬루프 0.050s | executemany(2602건) 0.006s | teams반영+commit 0.011s
[09-04 03:49:40] [주 마무리] 24주차 0.08s (국제대회 0.00s | 챔스 0.00s | 클럽WC 0.00s | 국내컵 0.00s | 리그시뮬 0.08s)
[09-04 03:49:40] [PERF-DAY] 24주차 168일차 처리 0.080s (stype='휴식' | 그주마지막날=True | 경기있음=False | 부상=False)
[09-04 03:49:41] [PERF-DAILYHOOK] 25주차 169일차: process_intl_week 0.434s | process_cwc_week 0.000s
[09-04 03:49:41] [PERF-DAY] 25주차 169일차 처리 0.436s (stype='고강도' | 그주마지막날=False | 경기있음=False | 부상=False)
[09-04 03:49:41] [진행 총계] 0.47초
[09-04 03:49:44] [PERF-WEEKTAIL] 28주차: _pay_salary 0.000s | _advance_week 2.752s
[09-04 03:49:44] [PERF-DAY] 28주차 196일차 처리 2.761s (stype='휴식' | 그주마지막날=True | 경기있음=False | 부상=False)
[09-04 03:49:44] [진행 총계] 2.77초
[09-04 03:49:44] [AI리그] 29주차 4943경기, OVR캐시 11393→11393) 세부: 경기조회 0.010s | 시뮬루프 0.132s | executemany(4943건) 0.011s | teams반영+commit 0.026s
[09-04 03:49:44] [주 마무리] 29주차 0.18s (국제대회 0.00s | 챔스 0.00s | 클럽WC 0.00s | 국내컵 0.00s | 리그시뮬 0.18s)
[09-04 03:49:44] [PERF-DAY] 29주차 203일차 처리 0.183s (stype='휴식' | 그주마지막날=True | 경기있음=False | 부상=False)
[09-04 03:49:44] [AI리그] 30주차 6683경기, OVR캐시 11393→11393) 세부: 경기조회 0.010s | 시뮬루프 0.163s | executemany(6683건) 0.015s | teams반영+commit 0.035s
[09-04 03:49:44] [주 마무리] 30주차 0.30s (국제대회 0.00s | 챔스 0.00s | 클럽WC 0.00s | 국내컵 0.08s | 리그시뮬 0.22s)
[09-04 03:49:44] [PERF-DAY] 30주차 210일차 처리 0.302s (stype='휴식' | 그주마지막날=True | 경기있음=False | 부상=False)
[09-04 03:49:44] [진행 총계] 0.31초
[09-04 03:49:45] [AI리그] 31주차 6722경기, OVR캐시 11393→11393) 세부: 경기조회 0.010s | 시뮬루프 0.162s | executemany(6722건) 0.014s | teams반영+commit 0.034s
[09-04 03:49:45] [주 마무리] 31주차 0.22s (국제대회 0.00s | 챔스 0.00s | 클럽WC 0.00s | 국내컵 0.00s | 리그시뮬 0.22s)
[09-04 03:49:45] [PERF-DAY] 31주차 217일차 처리 0.225s (stype='휴식' | 그주마지막날=True | 경기있음=False | 부상=False)
[09-04 03:49:45] [AI리그] 32주차 6569경기, OVR캐시 11393→11393) 세부: 경기조회 0.009s | 시뮬루프 0.160s | executemany(6569건) 0.013s | teams반영+commit 0.032s
[09-04 03:49:45] [주 마무리] 32주차 0.29s (국제대회 0.00s | 챔스 0.00s | 클럽WC 0.00s | 국내컵 0.07s | 리그시뮬 0.22s)
[09-04 03:49:45] [PERF-DAY] 32주차 224일차 처리 0.287s (stype='휴식' | 그주마지막날=True | 경기있음=False | 부상=False)
[09-04 03:49:46] [AI리그] 33주차 6949경기, OVR캐시 11393→11393) 세부: 경기조회 0.009s | 시뮬루프 0.164s | executemany(6949건) 0.016s | teams반영+commit 0.039s
[09-04 03:49:46] [주 마무리] 33주차 0.23s (국제대회 0.00s | 챔스 0.00s | 클럽WC 0.00s | 국내컵 0.00s | 리그시뮬 0.23s)
[09-04 03:49:46] [PERF-DAY] 33주차 231일차 처리 0.232s (stype='휴식' | 그주마지막날=True | 경기있음=False | 부상=False)
[09-04 03:49:46] [AI리그] 34주차 6515경기, OVR캐시 11393→11393) 세부: 경기조회 0.008s | 시뮬루프 0.173s | executemany(6515건) 0.015s | teams반영+commit 0.040s
[09-04 03:49:46] [주 마무리] 34주차 0.29s (국제대회 0.00s | 챔스 0.00s | 클럽WC 0.00s | 국내컵 0.06s | 리그시뮬 0.24s)
[09-04 03:49:46] [PERF-DAY] 34주차 238일차 처리 0.294s (stype='휴식' | 그주마지막날=True | 경기있음=False | 부상=False)
[09-04 03:49:47] [AI리그] 35주차 6888경기, OVR캐시 11393→11393) 세부: 경기조회 0.009s | 시뮬루프 0.166s | executemany(6888건) 0.016s | teams반영+commit 0.040s
[09-04 03:49:47] [주 마무리] 35주차 0.23s (국제대회 0.00s | 챔스 0.00s | 클럽WC 0.00s | 국내컵 0.00s | 리그시뮬 0.23s)
[09-04 03:49:47] [PERF-DAY] 35주차 245일차 처리 0.236s (stype='휴식' | 그주마지막날=True | 경기있음=False | 부상=False)
[09-04 03:49:47] [AI리그] 36주차 7137경기, OVR캐시 11393→11393) 세부: 경기조회 0.008s | 시뮬루프 0.168s | executemany(7137건) 0.016s | teams반영+commit 0.037s
[09-04 03:49:47] [주 마무리] 36주차 0.28s (국제대회 0.00s | 챔스 0.00s | 클럽WC 0.00s | 국내컵 0.05s | 리그시뮬 0.23s)
[09-04 03:49:47] [PERF-DAY] 36주차 252일차 처리 0.283s (stype='휴식' | 그주마지막날=True | 경기있음=False | 부상=True)
[09-04 03:49:47] [AI리그] 37주차 6556경기, OVR캐시 11393→11393) 세부: 경기조회 0.007s | 시뮬루프 0.161s | executemany(6556건) 0.014s | teams반영+commit 0.037s
[09-04 03:49:47] [주 마무리] 37주차 0.22s (국제대회 0.00s | 챔스 0.00s | 클럽WC 0.00s | 국내컵 0.00s | 리그시뮬 0.22s)
[09-04 03:49:47] [PERF-DAY] 37주차 259일차 처리 0.223s (stype='휴식' | 그주마지막날=True | 경기있음=False | 부상=True)
[09-04 03:49:48] [AI리그] 38주차 6730경기, OVR캐시 11393→11393) 세부: 경기조회 0.007s | 시뮬루프 0.166s | executemany(6730건) 0.015s | teams반영+commit 0.039s
[09-04 03:49:48] [주 마무리] 38주차 0.29s (국제대회 0.00s | 챔스 0.00s | 클럽WC 0.00s | 국내컵 0.06s | 리그시뮬 0.23s)
[09-04 03:49:48] [PERF-DAY] 38주차 266일차 처리 0.293s (stype='휴식' | 그주마지막날=True | 경기있음=False | 부상=False)
[09-04 03:49:48] [AI리그] 39주차 6855경기, OVR캐시 11393→11393) 세부: 경기조회 0.007s | 시뮬루프 0.166s | executemany(6855건) 0.015s | teams반영+commit 0.038s
[09-04 03:49:48] [주 마무리] 39주차 0.23s (국제대회 0.00s | 챔스 0.00s | 클럽WC 0.00s | 국내컵 0.00s | 리그시뮬 0.23s)
[09-04 03:49:48] [PERF-DAY] 39주차 273일차 처리 0.230s (stype='휴식' | 그주마지막날=True | 경기있음=False | 부상=False)
[09-04 03:49:48] [AI리그] 40주차 6844경기, OVR캐시 11393→11393) 세부: 경기조회 0.006s | 시뮬루프 0.165s | executemany(6844건) 0.016s | teams반영+commit 0.040s
[09-04 03:49:48] [주 마무리] 40주차 0.25s (국제대회 0.00s | 챔스 0.00s | 클럽WC 0.00s | 국내컵 0.02s | 리그시뮬 0.23s)
[09-04 03:49:48] [PERF-DAY] 40주차 280일차 처리 0.254s (stype='휴식' | 그주마지막날=True | 경기있음=False | 부상=False)
[09-04 03:49:49] [AI리그] 41주차 6841경기, OVR캐시 11393→11393) 세부: 경기조회 0.005s | 시뮬루프 0.161s | executemany(6841건) 0.014s | teams반영+commit 0.033s
[09-04 03:49:49] [주 마무리] 41주차 0.22s (국제대회 0.00s | 챔스 0.00s | 클럽WC 0.00s | 국내컵 0.00s | 리그시뮬 0.22s)
[09-04 03:49:49] [PERF-DAY] 41주차 287일차 처리 0.217s (stype='휴식' | 그주마지막날=True | 경기있음=False | 부상=False)
[09-04 03:49:49] [AI리그] 42주차 6742경기, OVR캐시 11393→11393) 세부: 경기조회 0.005s | 시뮬루프 0.153s | executemany(6742건) 0.015s | teams반영+commit 0.034s
[09-04 03:49:49] [주 마무리] 42주차 0.21s (국제대회 0.00s | 챔스 0.00s | 클럽WC 0.00s | 국내컵 0.01s | 리그시뮬 0.21s)
[09-04 03:49:49] [PERF-DAY] 42주차 294일차 처리 0.216s (stype='휴식' | 그주마지막날=True | 경기있음=False | 부상=False)
[09-04 03:49:50] [PERF-PROMO] _process_promotion_relegation 세부: my_player/season조회 0.001s | teams+leagues조회 0.012s | standings계산(710개리그) 0.283s | ai_players OVR스캔 0.202s | 승강판정루프(211개국) 0.025s | executemany(1212건) 0.016s | 리스케일(1212건) 0.335s | commit/close 0.302s | 캐시무효화 0.000s
[09-04 03:49:50] [PERF-SEASON] finalize_club_season 세부: finish_incomplete_matches=0.045s | promotion_relegation=1.183s
[09-04 03:49:51] [PERF-YEAR] 43주차(CLUB_SEASON_END_DAY) 세부: finalize_club_season=1.228s | promotion_playoffs=0.030s | PRAGMA optimize=0.006s
[09-04 03:49:51] [PERF-DAY] 43주차 300일차 처리 1.277s (stype='휴식' | 그주마지막날=False | 경기있음=False | 부상=False)
[09-04 03:49:51] [진행 총계] 1.30초
[09-04 03:49:51] [PERF-DAILYHOOK] 44주차 306일차: process_po_week 0.071s
[09-04 03:49:51] [PERF-DAY] 44주차 306일차 처리 0.072s (stype='고강도' | 그주마지막날=False | 경기있음=False | 부상=False)
[09-04 03:49:51] [PERF-DAILYHOOK] 46주차 316일차: process_intl_week 0.157s | process_cwc_week 0.000s
[09-04 03:49:51] [PERF-DAY] 46주차 316일차 처리 0.159s (stype='고강도' | 그주마지막날=False | 경기있음=False | 부상=False)
[09-04 03:49:51] [PERF-DAILYHOOK] 46주차 317일차: process_intl_week 0.135s | process_cwc_week 0.000s
[09-04 03:49:51] [PERF-DAY] 46주차 317일차 처리 0.136s (stype='휴식' | 그주마지막날=False | 경기있음=False | 부상=False)
[09-04 03:49:51] [PERF-DAILYHOOK] 46주차 318일차: process_intl_week 0.151s | process_cwc_week 0.000s
[09-04 03:49:51] [PERF-DAY] 46주차 318일차 처리 0.152s (stype='고강도' | 그주마지막날=False | 경기있음=False | 부상=False)
[09-04 03:49:51] [PERF-DAILYHOOK] 46주차 319일차: process_intl_week 0.138s | process_cwc_week 0.000s
[09-04 03:49:51] [PERF-DAY] 46주차 319일차 처리 0.139s (stype='휴식' | 그주마지막날=False | 경기있음=False | 부상=False)
[09-04 03:49:51] [진행 총계] 0.61초
[09-04 03:50:27] [PERF]   _end_of_season 세부: AI생애주기 34.77s (승강제 타이밍은 43주 _finalize_club_season으로 이동 — 여기 안 잡힘)
[09-04 03:50:29] [PERF]   일정생성 세부: 아카이브이동 0.73s | 완비판정조회 0.01s | 기존경기dedup조회 0.00s | 일정계산 0.21s | INSERT+commit 0.37s | (대상리그 710개, 신규경기 201400건)
[09-04 03:50:29] [PERF]   인덱스재생성 0.35s
[09-04 03:50:31] [PERF] 연도전환 총 38.35s (커리어정리 0.00s | _end_of_season 34.78s | 일정생성 1.68s | 파워랭킹 1.88s | PRAGMA optimize 0.01s)
[09-04 03:50:31] [PERF-WEEKTAIL] 52주차: _pay_salary 0.000s | _advance_week 38.346s
[09-04 03:50:31] [PERF-DAY] 52주차 364일차 처리 38.347s (stype='휴식' | 그주마지막날=True | 경기있음=False | 부상=False)
[09-04 03:50:31] [진행 총계] 38.35초
[09-04 03:50:32] [AI리그] 4주차 4527경기, OVR캐시 0→9054) 세부: 경기조회 0.014s | 시뮬루프 0.309s | executemany(4527건) 0.010s | teams반영+commit 0.026s
[09-04 03:50:32] [주 마무리] 4주차 0.36s (국제대회 0.00s | 챔스 0.00s | 클럽WC 0.00s | 국내컵 0.00s | 리그시뮬 0.36s)
[09-04 03:50:32] [PERF-WEEKTAIL] 4주차: _pay_salary 0.000s | _advance_week 0.189s
[09-04 03:50:32] [PERF-DAY] 4주차 28일차 처리 0.553s (stype='휴식' | 그주마지막날=True | 경기있음=False | 부상=False)
[09-04 03:50:32] [진행 총계] 0.56초
[09-04 03:50:32] [AI리그] 5주차 5771경기, OVR캐시 11263→11393) 세부: 경기조회 0.016s | 시뮬루프 0.066s | executemany(5771건) 0.012s | teams반영+commit 0.037s
[09-04 03:50:32] [주 마무리] 5주차 0.27s (국제대회 0.00s | 챔스 0.00s | 클럽WC 0.00s | 국내컵 0.14s | 리그시뮬 0.13s)
[09-04 03:50:32] [PERF-DAY] 5주차 35일차 처리 0.275s (stype='휴식' | 그주마지막날=True | 경기있음=False | 부상=False)
[09-04 03:50:32] [AI리그] 6주차 5734경기, OVR캐시 11393→11393) 세부: 경기조회 0.015s | 시뮬루프 0.049s | executemany(5734건) 0.013s | teams반영+commit 0.043s
[09-04 03:50:32] [주 마무리] 6주차 0.27s (국제대회 0.00s | 챔스 0.00s | 클럽WC 0.00s | 국내컵 0.15s | 리그시뮬 0.12s)
[09-04 03:50:32] [PERF-DAY] 6주차 42일차 처리 0.271s (stype='휴식' | 그주마지막날=True | 경기있음=False | 부상=False)
[09-04 03:50:33] [AI리그] 7주차 5801경기, OVR캐시 11393→11393) 세부: 경기조회 0.016s | 시뮬루프 0.052s | executemany(5801건) 0.013s | teams반영+commit 0.039s
[09-04 03:50:33] [주 마무리] 7주차 0.23s (국제대회 0.00s | 챔스 0.00s | 클럽WC 0.00s | 국내컵 0.11s | 리그시뮬 0.12s)
[09-04 03:50:33] [PERF-DAY] 7주차 49일차 처리 0.295s (stype='휴식' | 그주마지막날=True | 경기있음=False | 부상=False)
[09-04 03:50:33] [AI리그] 8주차 5757경기, OVR캐시 11393→11393) 세부: 경기조회 0.015s | 시뮬루프 0.045s | executemany(5757건) 0.013s | teams반영+commit 0.041s
[09-04 03:50:33] [주 마무리] 8주차 0.12s (국제대회 0.00s | 챔스 0.00s | 클럽WC 0.00s | 국내컵 0.00s | 리그시뮬 0.12s)
[09-04 03:50:33] [PERF-DAY] 8주차 56일차 처리 0.121s (stype='휴식' | 그주마지막날=True | 경기있음=False | 부상=False)
[09-04 03:50:33] [AI리그] 9주차 5731경기, OVR캐시 11393→11393) 세부: 경기조회 0.015s | 시뮬루프 0.055s | executemany(5731건) 0.013s | teams반영+commit 0.041s
[09-04 03:50:33] [주 마무리] 9주차 0.16s (국제대회 0.00s | 챔스 0.03s | 클럽WC 0.00s | 국내컵 0.00s | 리그시뮬 0.13s)
[09-04 03:50:33] [PERF-DAY] 9주차 63일차 처리 0.159s (stype='휴식' | 그주마지막날=True | 경기있음=False | 부상=False)
[09-04 03:50:34] [AI리그] 10주차 5766경기, OVR캐시 11393→11393) 세부: 경기조회 0.014s | 시뮬루프 0.043s | executemany(5766건) 0.014s | teams반영+commit 0.044s
[09-04 03:50:34] [주 마무리] 10주차 0.14s (국제대회 0.00s | 챔스 0.02s | 클럽WC 0.00s | 국내컵 0.00s | 리그시뮬 0.12s)
[09-04 03:50:34] [PERF-DAY] 10주차 70일차 처리 0.145s (stype='휴식' | 그주마지막날=True | 경기있음=False | 부상=False)
[09-04 03:50:34] [AI리그] 11주차 5618경기, OVR캐시 11393→11393) 세부: 경기조회 0.014s | 시뮬루프 0.042s | executemany(5618건) 0.015s | teams반영+commit 0.039s
[09-04 03:50:34] [주 마무리] 11주차 0.14s (국제대회 0.00s | 챔스 0.02s | 클럽WC 0.00s | 국내컵 0.00s | 리그시뮬 0.11s)
[09-04 03:50:34] [PERF-DAY] 11주차 77일차 처리 0.139s (stype='휴식' | 그주마지막날=True | 경기있음=False | 부상=False)
[09-04 03:50:34] [AI리그] 12주차 5609경기, OVR캐시 11393→11393) 세부: 경기조회 0.014s | 시뮬루프 0.047s | executemany(5609건) 0.013s | teams반영+commit 0.037s
[09-04 03:50:34] [주 마무리] 12주차 0.14s (국제대회 0.00s | 챔스 0.02s | 클럽WC 0.00s | 국내컵 0.00s | 리그시뮬 0.11s)
[09-04 03:50:34] [PERF-DAY] 12주차 84일차 처리 0.139s (stype='휴식' | 그주마지막날=True | 경기있음=False | 부상=False)
[09-04 03:50:34] [AI리그] 13주차 5233경기, OVR캐시 11393→11393) 세부: 경기조회 0.013s | 시뮬루프 0.041s | executemany(5233건) 0.012s | teams반영+commit 0.035s
[09-04 03:50:34] [주 마무리] 13주차 0.13s (국제대회 0.00s | 챔스 0.02s | 클럽WC 0.00s | 국내컵 0.00s | 리그시뮬 0.10s)
[09-04 03:50:34] [PERF-DAY] 13주차 91일차 처리 0.129s (stype='휴식' | 그주마지막날=True | 경기있음=False | 부상=False)
[09-04 03:50:35] [AI리그] 14주차 5527경기, OVR캐시 11393→11393) 세부: 경기조회 0.013s | 시뮬루프 0.045s | executemany(5527건) 0.013s | teams반영+commit 0.035s
[09-04 03:50:35] [주 마무리] 14주차 0.13s (국제대회 0.00s | 챔스 0.02s | 클럽WC 0.00s | 국내컵 0.00s | 리그시뮬 0.11s)
[09-04 03:50:35] [PERF-DAY] 14주차 98일차 처리 0.135s (stype='휴식' | 그주마지막날=True | 경기있음=False | 부상=False)
[09-04 03:50:35] [AI리그] 15주차 5747경기, OVR캐시 11393→11393) 세부: 경기조회 0.013s | 시뮬루프 0.049s | executemany(5747건) 0.013s | teams반영+commit 0.037s
[09-04 03:50:35] [주 마무리] 15주차 0.14s (국제대회 0.00s | 챔스 0.02s | 클럽WC 0.00s | 국내컵 0.00s | 리그시뮬 0.11s)
[09-04 03:50:35] [PERF-DAY] 15주차 105일차 처리 0.141s (stype='휴식' | 그주마지막날=True | 경기있음=False | 부상=False)
[09-04 03:50:35] [AI리그] 16주차 5732경기, OVR캐시 11393→11393) 세부: 경기조회 0.012s | 시뮬루프 0.043s | executemany(5732건) 0.012s | teams반영+commit 0.039s
[09-04 03:50:35] [주 마무리] 16주차 0.16s (국제대회 0.00s | 챔스 0.05s | 클럽WC 0.00s | 국내컵 0.00s | 리그시뮬 0.11s)
[09-04 03:50:35] [PERF-DAY] 16주차 112일차 처리 0.161s (stype='휴식' | 그주마지막날=True | 경기있음=False | 부상=False)
[09-04 03:50:35] [AI리그] 17주차 5482경기, OVR캐시 11393→11393) 세부: 경기조회 0.013s | 시뮬루프 0.045s | executemany(5482건) 0.012s | teams반영+commit 0.036s
[09-04 03:50:35] [주 마무리] 17주차 0.11s (국제대회 0.00s | 챔스 0.00s | 클럽WC 0.00s | 국내컵 0.00s | 리그시뮬 0.11s)
[09-04 03:50:35] [PERF-DAY] 17주차 119일차 처리 0.114s (stype='휴식' | 그주마지막날=True | 경기있음=False | 부상=False)
[09-04 03:50:36] [AI리그] 18주차 5384경기, OVR캐시 11393→11393) 세부: 경기조회 0.012s | 시뮬루프 0.046s | executemany(5384건) 0.012s | teams반영+commit 0.032s
[09-04 03:50:36] [주 마무리] 18주차 0.13s (국제대회 0.00s | 챔스 0.03s | 클럽WC 0.00s | 국내컵 0.00s | 리그시뮬 0.10s)
[09-04 03:50:36] [PERF-DAY] 18주차 126일차 처리 0.133s (stype='휴식' | 그주마지막날=True | 경기있음=False | 부상=False)
[09-04 03:50:36] [AI리그] 19주차 3886경기, OVR캐시 11393→11393) 세부: 경기조회 0.010s | 시뮬루프 0.030s | executemany(3886건) 0.010s | teams반영+commit 0.026s
[09-04 03:50:36] [주 마무리] 19주차 0.08s (국제대회 0.00s | 챔스 0.00s | 클럽WC 0.00s | 국내컵 0.00s | 리그시뮬 0.08s)
[09-04 03:50:36] [PERF-DAY] 19주차 133일차 처리 0.083s (stype='휴식' | 그주마지막날=True | 경기있음=False | 부상=False)
[09-04 03:50:36] [AI리그] 20주차 3343경기, OVR캐시 11393→11393) 세부: 경기조회 0.010s | 시뮬루프 0.025s | executemany(3343건) 0.008s | teams반영+commit 0.023s
[09-04 03:50:36] [주 마무리] 20주차 0.09s (국제대회 0.00s | 챔스 0.02s | 클럽WC 0.00s | 국내컵 0.00s | 리그시뮬 0.07s)
[09-04 03:50:36] [PERF-DAY] 20주차 140일차 처리 0.089s (stype='휴식' | 그주마지막날=True | 경기있음=False | 부상=False)
[09-04 03:50:36] [AI리그] 21주차 2934경기, OVR캐시 11393→11393) 세부: 경기조회 0.009s | 시뮬루프 0.029s | executemany(2934건) 0.008s | teams반영+commit 0.020s
[09-04 03:50:36] [주 마무리] 21주차 0.08s (국제대회 0.00s | 챔스 0.01s | 클럽WC 0.00s | 국내컵 0.00s | 리그시뮬 0.07s)
[09-04 03:50:36] [PERF-DAY] 21주차 147일차 처리 0.084s (stype='휴식' | 그주마지막날=True | 경기있음=False | 부상=False)
[09-04 03:50:36] [AI리그] 22주차 2779경기, OVR캐시 11393→11393) 세부: 경기조회 0.009s | 시뮬루프 0.022s | executemany(2779건) 0.007s | teams반영+commit 0.019s
[09-04 03:50:36] [주 마무리] 22주차 0.07s (국제대회 0.00s | 챔스 0.01s | 클럽WC 0.00s | 국내컵 0.00s | 리그시뮬 0.06s)
[09-04 03:50:36] [PERF-DAY] 22주차 154일차 처리 0.072s (stype='휴식' | 그주마지막날=True | 경기있음=False | 부상=False)
[09-04 03:50:37] [주 마무리] 23주차 0.06s (국제대회 0.00s | 챔스 0.01s | 클럽WC 0.00s | 국내컵 0.00s | 리그시뮬 0.05s)
[09-04 03:50:37] [PERF-DAY] 23주차 161일차 처리 0.075s (stype='휴식' | 그주마지막날=True | 경기있음=False | 부상=False)
[09-04 03:50:38] [PERF-DAILYHOOK] 25주차 169일차: process_intl_week 0.585s | process_cwc_week 0.000s
[09-04 03:50:38] [PERF-DAY] 25주차 169일차 처리 0.587s (stype='고강도' | 그주마지막날=False | 경기있음=False | 부상=False)
[09-04 03:50:38] [진행 총계] 0.62초
[09-04 03:50:38] [PERF-DAILYHOOK] 27주차 189일차: process_intl_week 0.054s | process_cwc_week 0.000s
[09-04 03:50:38] [PERF-DAY] 27주차 189일차 처리 0.065s (stype='휴식' | 그주마지막날=True | 경기있음=False | 부상=False)
[09-04 03:50:41] [PERF-WEEKTAIL] 28주차: _pay_salary 0.000s | _advance_week 2.782s
[09-04 03:50:41] [PERF-DAY] 28주차 196일차 처리 2.793s (stype='휴식' | 그주마지막날=True | 경기있음=False | 부상=False)
[09-04 03:50:41] [진행 총계] 2.80초
[09-04 03:50:41] [AI리그] 29주차 4943경기, OVR캐시 11393→11393) 세부: 경기조회 0.010s | 시뮬루프 0.037s | executemany(4943건) 0.012s | teams반영+commit 0.029s
[09-04 03:50:41] [주 마무리] 29주차 0.09s (국제대회 0.00s | 챔스 0.00s | 클럽WC 0.00s | 국내컵 0.00s | 리그시뮬 0.09s)
[09-04 03:50:41] [PERF-DAY] 29주차 203일차 처리 0.092s (stype='휴식' | 그주마지막날=True | 경기있음=False | 부상=False)
[09-04 03:50:41] [AI리그] 30주차 6683경기, OVR캐시 11393→11393) 세부: 경기조회 0.010s | 시뮬루프 0.047s | executemany(6683건) 0.015s | teams반영+commit 0.037s
[09-04 03:50:41] [주 마무리] 30주차 0.19s (국제대회 0.00s | 챔스 0.00s | 클럽WC 0.00s | 국내컵 0.08s | 리그시뮬 0.11s)
[09-04 03:50:41] [PERF-DAY] 30주차 210일차 처리 0.191s (stype='휴식' | 그주마지막날=True | 경기있음=False | 부상=False)
[09-04 03:50:42] [AI리그] 31주차 6722경기, OVR캐시 11393→11393) 세부: 경기조회 0.012s | 시뮬루프 0.049s | executemany(6722건) 0.015s | teams반영+commit 0.038s
[09-04 03:50:42] [주 마무리] 31주차 0.12s (국제대회 0.00s | 챔스 0.00s | 클럽WC 0.00s | 국내컵 0.00s | 리그시뮬 0.12s)
[09-04 03:50:42] [PERF-DAY] 31주차 217일차 처리 0.120s (stype='휴식' | 그주마지막날=True | 경기있음=False | 부상=False)
[09-04 03:50:42] [AI리그] 32주차 6569경기, OVR캐시 11393→11393) 세부: 경기조회 0.010s | 시뮬루프 0.050s | executemany(6569건) 0.015s | teams반영+commit 0.038s
[09-04 03:50:42] [주 마무리] 32주차 0.19s (국제대회 0.00s | 챔스 0.00s | 클럽WC 0.00s | 국내컵 0.08s | 리그시뮬 0.12s)
[09-04 03:50:42] [PERF-DAY] 32주차 224일차 처리 0.196s (stype='휴식' | 그주마지막날=True | 경기있음=False | 부상=False)
[09-04 03:50:42] [AI리그] 33주차 6949경기, OVR캐시 11393→11393) 세부: 경기조회 0.010s | 시뮬루프 0.053s | executemany(6949건) 0.015s | teams반영+commit 0.037s
[09-04 03:50:42] [주 마무리] 33주차 0.12s (국제대회 0.00s | 챔스 0.00s | 클럽WC 0.00s | 국내컵 0.00s | 리그시뮬 0.12s)
[09-04 03:50:42] [PERF-DAY] 33주차 231일차 처리 0.120s (stype='휴식' | 그주마지막날=True | 경기있음=False | 부상=False)
[09-04 03:50:43] [AI리그] 34주차 6515경기, OVR캐시 11393→11393) 세부: 경기조회 0.009s | 시뮬루프 0.050s | executemany(6515건) 0.014s | teams반영+commit 0.035s
[09-04 03:50:43] [주 마무리] 34주차 0.17s (국제대회 0.00s | 챔스 0.00s | 클럽WC 0.00s | 국내컵 0.06s | 리그시뮬 0.11s)
[09-04 03:50:43] [PERF-DAY] 34주차 238일차 처리 0.171s (stype='휴식' | 그주마지막날=True | 경기있음=False | 부상=False)
[09-04 03:50:43] [AI리그] 35주차 6888경기, OVR캐시 11393→11393) 세부: 경기조회 0.010s | 시뮬루프 0.050s | executemany(6888건) 0.015s | teams반영+commit 0.037s
[09-04 03:50:43] [주 마무리] 35주차 0.12s (국제대회 0.00s | 챔스 0.00s | 클럽WC 0.00s | 국내컵 0.00s | 리그시뮬 0.11s)
[09-04 03:50:43] [PERF-DAY] 35주차 245일차 처리 0.117s (stype='휴식' | 그주마지막날=True | 경기있음=False | 부상=False)
[09-04 03:50:43] [AI리그] 36주차 7137경기, OVR캐시 11393→11393) 세부: 경기조회 0.008s | 시뮬루프 0.050s | executemany(7137건) 0.016s | teams반영+commit 0.035s
[09-04 03:50:43] [주 마무리] 36주차 0.16s (국제대회 0.00s | 챔스 0.00s | 클럽WC 0.00s | 국내컵 0.05s | 리그시뮬 0.11s)
[09-04 03:50:43] [PERF-DAY] 36주차 252일차 처리 0.161s (stype='휴식' | 그주마지막날=True | 경기있음=False | 부상=False)
[09-04 03:50:43] [AI리그] 37주차 6556경기, OVR캐시 11393→11393) 세부: 경기조회 0.007s | 시뮬루프 0.047s | executemany(6556건) 0.014s | teams반영+commit 0.036s
[09-04 03:50:43] [주 마무리] 37주차 0.11s (국제대회 0.00s | 챔스 0.00s | 클럽WC 0.00s | 국내컵 0.00s | 리그시뮬 0.11s)
[09-04 03:50:43] [PERF-DAY] 37주차 259일차 처리 0.109s (stype='휴식' | 그주마지막날=True | 경기있음=False | 부상=False)
[09-04 03:50:44] [AI리그] 38주차 6730경기, OVR캐시 11393→11393) 세부: 경기조회 0.007s | 시뮬루프 0.049s | executemany(6730건) 0.015s | teams반영+commit 0.037s
[09-04 03:50:44] [주 마무리] 38주차 0.17s (국제대회 0.00s | 챔스 0.00s | 클럽WC 0.00s | 국내컵 0.06s | 리그시뮬 0.11s)
[09-04 03:50:44] [PERF-DAY] 38주차 266일차 처리 0.176s (stype='휴식' | 그주마지막날=True | 경기있음=False | 부상=False)
[09-04 03:50:44] [AI리그] 39주차 6855경기, OVR캐시 11393→11393) 세부: 경기조회 0.008s | 시뮬루프 0.050s | executemany(6855건) 0.015s | teams반영+commit 0.036s
[09-04 03:50:44] [주 마무리] 39주차 0.11s (국제대회 0.00s | 챔스 0.00s | 클럽WC 0.00s | 국내컵 0.00s | 리그시뮬 0.11s)
[09-04 03:50:44] [PERF-DAY] 39주차 273일차 처리 0.114s (stype='휴식' | 그주마지막날=True | 경기있음=False | 부상=False)
[09-04 03:50:44] [AI리그] 40주차 6844경기, OVR캐시 11393→11393) 세부: 경기조회 0.007s | 시뮬루프 0.049s | executemany(6844건) 0.015s | teams반영+commit 0.035s
[09-04 03:50:44] [주 마무리] 40주차 0.13s (국제대회 0.00s | 챔스 0.00s | 클럽WC 0.00s | 국내컵 0.02s | 리그시뮬 0.11s)
[09-04 03:50:44] [PERF-DAY] 40주차 280일차 처리 0.134s (stype='휴식' | 그주마지막날=True | 경기있음=False | 부상=False)
[09-04 03:50:44] [AI리그] 41주차 6841경기, OVR캐시 11393→11393) 세부: 경기조회 0.006s | 시뮬루프 0.048s | executemany(6841건) 0.014s | teams반영+commit 0.033s
[09-04 03:50:44] [주 마무리] 41주차 0.11s (국제대회 0.00s | 챔스 0.00s | 클럽WC 0.00s | 국내컵 0.00s | 리그시뮬 0.10s)
[09-04 03:50:44] [PERF-DAY] 41주차 287일차 처리 0.106s (stype='휴식' | 그주마지막날=True | 경기있음=False | 부상=False)
[09-04 03:50:44] [AI리그] 42주차 6742경기, OVR캐시 11393→11393) 세부: 경기조회 0.005s | 시뮬루프 0.049s | executemany(6742건) 0.015s | teams반영+commit 0.037s
[09-04 03:50:44] [주 마무리] 42주차 0.12s (국제대회 0.00s | 챔스 0.00s | 클럽WC 0.00s | 국내컵 0.01s | 리그시뮬 0.11s)
[09-04 03:50:44] [PERF-DAY] 42주차 294일차 처리 0.117s (stype='휴식' | 그주마지막날=True | 경기있음=False | 부상=False)
[09-04 03:50:46] [PERF-PROMO] _process_promotion_relegation 세부: my_player/season조회 0.001s | teams+leagues조회 0.012s | standings계산(710개리그) 0.292s | ai_players OVR스캔 0.223s | 승강판정루프(211개국) 0.027s | executemany(1214건) 0.021s | 리스케일(1214건) 0.352s | commit/close 0.319s | 캐시무효화 0.000s
[09-04 03:50:46] [PERF-SEASON] finalize_club_season 세부: finish_incomplete_matches=0.048s | promotion_relegation=1.255s
[09-04 03:50:46] [PERF-YEAR] 43주차(CLUB_SEASON_END_DAY) 세부: finalize_club_season=1.304s | promotion_playoffs=0.024s | PRAGMA optimize=0.000s
[09-04 03:50:46] [PERF-DAY] 43주차 300일차 처리 1.339s (stype='휴식' | 그주마지막날=False | 경기있음=False | 부상=False)
[09-04 03:50:46] [진행 총계] 1.37초
[09-04 03:50:46] [PERF-DAY] 44주차 302일차 처리 0.052s (stype='고강도' | 그주마지막날=False | 경기있음=False | 부상=False)
[09-04 03:50:46] [PERF-DAY] 44주차 304일차 처리 0.050s (stype='고강도' | 그주마지막날=False | 경기있음=False | 부상=False)
[09-04 03:50:46] [PERF-DAILYHOOK] 44주차 306일차: process_po_week 0.075s
[09-04 03:50:46] [PERF-DAY] 44주차 306일차 처리 0.076s (stype='고강도' | 그주마지막날=False | 경기있음=False | 부상=False)
[09-04 03:50:47] [PERF-DAILYHOOK] 46주차 316일차: process_intl_week 0.594s | process_cwc_week 0.000s
[09-04 03:50:47] [PERF-DAY] 46주차 316일차 처리 0.596s (stype='고강도' | 그주마지막날=False | 경기있음=False | 부상=True)
[09-04 03:50:47] [PERF-DAILYHOOK] 46주차 317일차: process_intl_week 0.127s | process_cwc_week 0.000s
[09-04 03:50:47] [PERF-DAY] 46주차 317일차 처리 0.129s (stype='휴식' | 그주마지막날=False | 경기있음=False | 부상=True)
[09-04 03:50:47] [PERF-DAILYHOOK] 46주차 320일차: process_intl_week 0.096s | process_cwc_week 0.000s
[09-04 03:50:47] [PERF-DAY] 46주차 320일차 처리 0.097s (stype='고강도' | 그주마지막날=False | 경기있음=False | 부상=True)
[09-04 03:50:47] [진행 총계] 0.87초
[09-04 03:51:25] [PERF]   _end_of_season 세부: AI생애주기 36.16s (승강제 타이밍은 43주 _finalize_club_season으로 이동 — 여기 안 잡힘)
[09-04 03:51:29] [PERF]   일정생성 세부: 아카이브이동 3.70s | 완비판정조회 0.01s | 기존경기dedup조회 0.00s | 일정계산 0.21s | INSERT+commit 0.35s | (대상리그 710개, 신규경기 201400건)
[09-04 03:51:29] [PERF]   인덱스재생성 0.36s
[09-04 03:51:31] [PERF] 연도전환 총 42.35s (커리어정리 0.00s | _end_of_season 36.18s | 일정생성 4.63s | 파워랭킹 1.54s | PRAGMA optimize 0.00s)
[09-04 03:51:31] [PERF-WEEKTAIL] 52주차: _pay_salary 0.000s | _advance_week 42.353s
[09-04 03:51:31] [PERF-DAY] 52주차 364일차 처리 42.355s (stype='휴식' | 그주마지막날=True | 경기있음=False | 부상=False)
[09-04 03:51:31] [진행 총계] 42.36초
[09-04 03:51:32] [AI리그] 4주차 4527경기, OVR캐시 0→9054) 세부: 경기조회 0.015s | 시뮬루프 0.304s | executemany(4527건) 0.010s | teams반영+commit 0.026s
[09-04 03:51:32] [주 마무리] 4주차 0.36s (국제대회 0.00s | 챔스 0.00s | 클럽WC 0.00s | 국내컵 0.00s | 리그시뮬 0.36s)
[09-04 03:51:32] [PERF-WEEKTAIL] 4주차: _pay_salary 0.000s | _advance_week 0.187s
[09-04 03:51:32] [PERF-DAY] 4주차 28일차 처리 0.548s (stype='휴식' | 그주마지막날=True | 경기있음=False | 부상=False)
[09-04 03:51:32] [진행 총계] 0.55초
[09-04 03:51:32] [AI리그] 5주차 5771경기, OVR캐시 11263→11393) 세부: 경기조회 0.017s | 시뮬루프 0.068s | executemany(5771건) 0.012s | teams반영+commit 0.036s
[09-04 03:51:32] [주 마무리] 5주차 0.27s (국제대회 0.00s | 챔스 0.00s | 클럽WC 0.00s | 국내컵 0.13s | 리그시뮬 0.14s)
[09-04 03:51:32] [PERF-DAY] 5주차 35일차 처리 0.269s (stype='휴식' | 그주마지막날=True | 경기있음=False | 부상=False)
[09-04 03:51:33] [AI리그] 6주차 5734경기, OVR캐시 11393→11393) 세부: 경기조회 0.015s | 시뮬루프 0.046s | executemany(5734건) 0.012s | teams반영+commit 0.037s
[09-04 03:51:33] [주 마무리] 6주차 0.26s (국제대회 0.00s | 챔스 0.00s | 클럽WC 0.00s | 국내컵 0.15s | 리그시뮬 0.11s)
[09-04 03:51:33] [PERF-DAY] 6주차 42일차 처리 0.260s (stype='휴식' | 그주마지막날=True | 경기있음=False | 부상=False)
[09-04 03:51:33] [AI리그] 7주차 5801경기, OVR캐시 11393→11393) 세부: 경기조회 0.015s | 시뮬루프 0.051s | executemany(5801건) 0.012s | teams반영+commit 0.037s
[09-04 03:51:33] [주 마무리] 7주차 0.23s (국제대회 0.00s | 챔스 0.00s | 클럽WC 0.00s | 국내컵 0.11s | 리그시뮬 0.12s)
[09-04 03:51:33] [PERF-DAY] 7주차 49일차 처리 0.303s (stype='휴식' | 그주마지막날=True | 경기있음=False | 부상=False)
[09-04 03:51:33] [진행 총계] 0.31초
[09-04 03:51:34] [AI리그] 8주차 5757경기, OVR캐시 11393→11393) 세부: 경기조회 0.015s | 시뮬루프 0.043s | executemany(5757건) 0.013s | teams반영+commit 0.041s
[09-04 03:51:34] [주 마무리] 8주차 0.12s (국제대회 0.00s | 챔스 0.00s | 클럽WC 0.00s | 국내컵 0.00s | 리그시뮬 0.11s)
[09-04 03:51:34] [PERF-DAY] 8주차 56일차 처리 0.120s (stype='휴식' | 그주마지막날=True | 경기있음=False | 부상=False)
[09-04 03:51:34] [AI리그] 9주차 5731경기, OVR캐시 11393→11393) 세부: 경기조회 0.015s | 시뮬루프 0.045s | executemany(5731건) 0.013s | teams반영+commit 0.041s
[09-04 03:51:34] [주 마무리] 9주차 0.15s (국제대회 0.00s | 챔스 0.03s | 클럽WC 0.00s | 국내컵 0.00s | 리그시뮬 0.12s)
[09-04 03:51:34] [PERF-DAY] 9주차 63일차 처리 0.151s (stype='휴식' | 그주마지막날=True | 경기있음=False | 부상=False)
[09-04 03:51:34] [AI리그] 10주차 5766경기, OVR캐시 11393→11393) 세부: 경기조회 0.014s | 시뮬루프 0.050s | executemany(5766건) 0.013s | teams반영+commit 0.040s
[09-04 03:51:34] [주 마무리] 10주차 0.14s (국제대회 0.00s | 챔스 0.02s | 클럽WC 0.00s | 국내컵 0.00s | 리그시뮬 0.12s)
[09-04 03:51:34] [PERF-DAY] 10주차 70일차 처리 0.146s (stype='휴식' | 그주마지막날=True | 경기있음=False | 부상=False)
[09-04 03:51:34] [AI리그] 11주차 5618경기, OVR캐시 11393→11393) 세부: 경기조회 0.014s | 시뮬루프 0.044s | executemany(5618건) 0.013s | teams반영+commit 0.038s
[09-04 03:51:34] [주 마무리] 11주차 0.14s (국제대회 0.00s | 챔스 0.02s | 클럽WC 0.00s | 국내컵 0.00s | 리그시뮬 0.11s)
[09-04 03:51:34] [PERF-DAY] 11주차 77일차 처리 0.138s (stype='휴식' | 그주마지막날=True | 경기있음=False | 부상=False)
[09-04 03:51:35] [AI리그] 12주차 5609경기, OVR캐시 11393→11393) 세부: 경기조회 0.014s | 시뮬루프 0.043s | executemany(5609건) 0.012s | teams반영+commit 0.034s
[09-04 03:51:35] [주 마무리] 12주차 0.13s (국제대회 0.00s | 챔스 0.03s | 클럽WC 0.00s | 국내컵 0.00s | 리그시뮬 0.11s)
[09-04 03:51:35] [PERF-DAY] 12주차 84일차 처리 0.134s (stype='휴식' | 그주마지막날=True | 경기있음=False | 부상=False)
[09-04 03:51:35] [AI리그] 13주차 5233경기, OVR캐시 11393→11393) 세부: 경기조회 0.013s | 시뮬루프 0.047s | executemany(5233건) 0.011s | teams반영+commit 0.034s
[09-04 03:51:35] [주 마무리] 13주차 0.13s (국제대회 0.00s | 챔스 0.02s | 클럽WC 0.00s | 국내컵 0.00s | 리그시뮬 0.11s)
[09-04 03:51:35] [PERF-DAY] 13주차 91일차 처리 0.134s (stype='휴식' | 그주마지막날=True | 경기있음=False | 부상=False)
[09-04 03:51:35] [AI리그] 14주차 5527경기, OVR캐시 11393→11393) 세부: 경기조회 0.013s | 시뮬루프 0.043s | executemany(5527건) 0.013s | teams반영+commit 0.037s
[09-04 03:51:35] [주 마무리] 14주차 0.14s (국제대회 0.00s | 챔스 0.02s | 클럽WC 0.00s | 국내컵 0.00s | 리그시뮬 0.11s)
[09-04 03:51:35] [PERF-DAY] 14주차 98일차 처리 0.137s (stype='휴식' | 그주마지막날=True | 경기있음=False | 부상=False)
[09-04 03:51:35] [AI리그] 15주차 5747경기, OVR캐시 11393→11393) 세부: 경기조회 0.014s | 시뮬루프 0.049s | executemany(5747건) 0.014s | teams반영+commit 0.042s
[09-04 03:51:35] [주 마무리] 15주차 0.15s (국제대회 0.00s | 챔스 0.03s | 클럽WC 0.00s | 국내컵 0.00s | 리그시뮬 0.12s)
[09-04 03:51:35] [PERF-DAY] 15주차 105일차 처리 0.151s (stype='휴식' | 그주마지막날=True | 경기있음=False | 부상=False)
[09-04 03:51:36] [AI리그] 16주차 5732경기, OVR캐시 11393→11393) 세부: 경기조회 0.014s | 시뮬루프 0.050s | executemany(5732건) 0.013s | teams반영+commit 0.040s
[09-04 03:51:36] [주 마무리] 16주차 0.17s (국제대회 0.00s | 챔스 0.05s | 클럽WC 0.00s | 국내컵 0.00s | 리그시뮬 0.12s)
[09-04 03:51:36] [PERF-DAY] 16주차 112일차 처리 0.171s (stype='휴식' | 그주마지막날=True | 경기있음=False | 부상=False)
[09-04 03:51:36] [AI리그] 17주차 5482경기, OVR캐시 11393→11393) 세부: 경기조회 0.013s | 시뮬루프 0.042s | executemany(5482건) 0.012s | teams반영+commit 0.033s
[09-04 03:51:36] [주 마무리] 17주차 0.11s (국제대회 0.00s | 챔스 0.00s | 클럽WC 0.00s | 국내컵 0.00s | 리그시뮬 0.10s)
[09-04 03:51:36] [PERF-DAY] 17주차 119일차 처리 0.108s (stype='휴식' | 그주마지막날=True | 경기있음=False | 부상=False)
[09-04 03:51:36] [AI리그] 18주차 5384경기, OVR캐시 11393→11393) 세부: 경기조회 0.012s | 시뮬루프 0.041s | executemany(5384건) 0.011s | teams반영+commit 0.030s
[09-04 03:51:36] [주 마무리] 18주차 0.12s (국제대회 0.00s | 챔스 0.03s | 클럽WC 0.00s | 국내컵 0.00s | 리그시뮬 0.10s)
[09-04 03:51:36] [PERF-DAY] 18주차 126일차 처리 0.126s (stype='휴식' | 그주마지막날=True | 경기있음=False | 부상=False)
[09-04 03:51:37] [AI리그] 19주차 3886경기, OVR캐시 11393→11393) 세부: 경기조회 0.012s | 시뮬루프 0.035s | executemany(3886건) 0.010s | teams반영+commit 0.027s
[09-04 03:51:37] [주 마무리] 19주차 0.09s (국제대회 0.00s | 챔스 0.00s | 클럽WC 0.00s | 국내컵 0.00s | 리그시뮬 0.09s)
[09-04 03:51:37] [PERF-DAY] 19주차 133일차 처리 0.091s (stype='휴식' | 그주마지막날=True | 경기있음=False | 부상=False)
[09-04 03:51:37] [AI리그] 20주차 3343경기, OVR캐시 11393→11393) 세부: 경기조회 0.010s | 시뮬루프 0.026s | executemany(3343건) 0.008s | teams반영+commit 0.024s
[09-04 03:51:37] [주 마무리] 20주차 0.09s (국제대회 0.00s | 챔스 0.02s | 클럽WC 0.00s | 국내컵 0.00s | 리그시뮬 0.07s)
[09-04 03:51:37] [PERF-DAY] 20주차 140일차 처리 0.091s (stype='휴식' | 그주마지막날=True | 경기있음=False | 부상=False)
[09-04 03:51:37] [AI리그] 21주차 2934경기, OVR캐시 11393→11393) 세부: 경기조회 0.009s | 시뮬루프 0.024s | executemany(2934건) 0.007s | teams반영+commit 0.020s
[09-04 03:51:37] [주 마무리] 21주차 0.08s (국제대회 0.00s | 챔스 0.01s | 클럽WC 0.00s | 국내컵 0.00s | 리그시뮬 0.06s)
[09-04 03:51:37] [PERF-DAY] 21주차 147일차 처리 0.079s (stype='휴식' | 그주마지막날=True | 경기있음=False | 부상=False)
[09-04 03:51:37] [AI리그] 22주차 2779경기, OVR캐시 11393→11393) 세부: 경기조회 0.009s | 시뮬루프 0.022s | executemany(2779건) 0.007s | teams반영+commit 0.018s
[09-04 03:51:37] [주 마무리] 22주차 0.07s (국제대회 0.00s | 챔스 0.01s | 클럽WC 0.00s | 국내컵 0.00s | 리그시뮬 0.06s)
[09-04 03:51:37] [PERF-DAY] 22주차 154일차 처리 0.070s (stype='휴식' | 그주마지막날=True | 경기있음=False | 부상=False)
[09-04 03:51:37] [AI리그] 23주차 2291경기, OVR캐시 11393→11393) 세부: 경기조회 0.009s | 시뮬루프 0.020s | executemany(2291건) 0.006s | teams반영+commit 0.016s
[09-04 03:51:37] [주 마무리] 23주차 0.07s (국제대회 0.00s | 챔스 0.01s | 클럽WC 0.00s | 국내컵 0.00s | 리그시뮬 0.05s)
[09-04 03:51:37] [PERF-DAY] 23주차 161일차 처리 0.084s (stype='휴식' | 그주마지막날=True | 경기있음=False | 부상=False)
[09-04 03:51:37] [AI리그] 24주차 2602경기, OVR캐시 11393→11393) 세부: 경기조회 0.010s | 시뮬루프 0.026s | executemany(2602건) 0.007s | teams반영+commit 0.013s
[09-04 03:51:37] [주 마무리] 24주차 0.06s (국제대회 0.00s | 챔스 0.00s | 클럽WC 0.00s | 국내컵 0.00s | 리그시뮬 0.06s)
[09-04 03:51:38] [PERF-DAY] 24주차 168일차 처리 0.060s (stype='휴식' | 그주마지막날=True | 경기있음=False | 부상=False)
[09-04 03:51:39] [PERF-DAILYHOOK] 25주차 169일차: process_intl_week 1.281s | process_cwc_week 0.000s
[09-04 03:51:39] [PERF-DAY] 25주차 169일차 처리 1.282s (stype='고강도' | 그주마지막날=False | 경기있음=False | 부상=False)
[09-04 03:51:39] [진행 총계] 1.35초
[09-04 03:51:40] [PERF-DAILYHOOK] 27주차 189일차: process_intl_week 0.062s | process_cwc_week 0.000s
[09-04 03:51:40] [PERF-DAY] 27주차 189일차 처리 0.072s (stype='휴식' | 그주마지막날=True | 경기있음=False | 부상=False)
[09-04 03:51:42] [PERF-WEEKTAIL] 28주차: _pay_salary 0.000s | _advance_week 2.855s
[09-04 03:51:42] [PERF-DAY] 28주차 196일차 처리 2.865s (stype='휴식' | 그주마지막날=True | 경기있음=False | 부상=False)
[09-04 03:51:42] [진행 총계] 2.91초
[09-04 03:51:43] [AI리그] 29주차 4943경기, OVR캐시 11393→11393) 세부: 경기조회 0.010s | 시뮬루프 0.037s | executemany(4943건) 0.011s | teams반영+commit 0.030s
[09-04 03:51:43] [주 마무리] 29주차 0.09s (국제대회 0.00s | 챔스 0.00s | 클럽WC 0.00s | 국내컵 0.00s | 리그시뮬 0.09s)
[09-04 03:51:43] [PERF-DAY] 29주차 203일차 처리 0.093s (stype='휴식' | 그주마지막날=True | 경기있음=False | 부상=False)
[09-04 03:51:43] [AI리그] 30주차 6683경기, OVR캐시 11393→11393) 세부: 경기조회 0.011s | 시뮬루프 0.048s | executemany(6683건) 0.013s | teams반영+commit 0.031s
[09-04 03:51:43] [주 마무리] 30주차 0.18s (국제대회 0.00s | 챔스 0.00s | 클럽WC 0.00s | 국내컵 0.08s | 리그시뮬 0.11s)
[09-04 03:51:43] [PERF-DAY] 30주차 210일차 처리 0.185s (stype='휴식' | 그주마지막날=True | 경기있음=False | 부상=False)
[09-04 03:51:43] [AI리그] 31주차 6722경기, OVR캐시 11393→11393) 세부: 경기조회 0.011s | 시뮬루프 0.048s | executemany(6722건) 0.016s | teams반영+commit 0.041s
[09-04 03:51:43] [주 마무리] 31주차 0.12s (국제대회 0.00s | 챔스 0.00s | 클럽WC 0.00s | 국내컵 0.00s | 리그시뮬 0.12s)
[09-04 03:51:43] [PERF-DAY] 31주차 217일차 처리 0.122s (stype='휴식' | 그주마지막날=True | 경기있음=False | 부상=False)
[09-04 03:51:44] [AI리그] 32주차 6569경기, OVR캐시 11393→11393) 세부: 경기조회 0.010s | 시뮬루프 0.048s | executemany(6569건) 0.015s | teams반영+commit 0.039s
[09-04 03:51:44] [주 마무리] 32주차 0.19s (국제대회 0.00s | 챔스 0.00s | 클럽WC 0.00s | 국내컵 0.07s | 리그시뮬 0.12s)
[09-04 03:51:44] [PERF-DAY] 32주차 224일차 처리 0.192s (stype='휴식' | 그주마지막날=True | 경기있음=False | 부상=False)
[09-04 03:51:44] [AI리그] 33주차 6949경기, OVR캐시 11393→11393) 세부: 경기조회 0.010s | 시뮬루프 0.050s | executemany(6949건) 0.015s | teams반영+commit 0.036s
[09-04 03:51:44] [주 마무리] 33주차 0.12s (국제대회 0.00s | 챔스 0.00s | 클럽WC 0.00s | 국내컵 0.00s | 리그시뮬 0.11s)
[09-04 03:51:44] [PERF-DAY] 33주차 231일차 처리 0.117s (stype='휴식' | 그주마지막날=True | 경기있음=False | 부상=False)
[09-04 03:51:44] [AI리그] 34주차 6515경기, OVR캐시 11393→11393) 세부: 경기조회 0.009s | 시뮬루프 0.050s | executemany(6515건) 0.015s | teams반영+commit 0.037s
[09-04 03:51:44] [주 마무리] 34주차 0.17s (국제대회 0.00s | 챔스 0.00s | 클럽WC 0.00s | 국내컵 0.06s | 리그시뮬 0.11s)
[09-04 03:51:44] [PERF-DAY] 34주차 238일차 처리 0.172s (stype='휴식' | 그주마지막날=True | 경기있음=False | 부상=False)
[09-04 03:51:45] [AI리그] 35주차 6888경기, OVR캐시 11393→11393) 세부: 경기조회 0.009s | 시뮬루프 0.052s | executemany(6888건) 0.015s | teams반영+commit 0.035s
[09-04 03:51:45] [주 마무리] 35주차 0.12s (국제대회 0.00s | 챔스 0.00s | 클럽WC 0.00s | 국내컵 0.00s | 리그시뮬 0.11s)
[09-04 03:51:45] [PERF-DAY] 35주차 245일차 처리 0.117s (stype='휴식' | 그주마지막날=True | 경기있음=False | 부상=False)
[09-04 03:51:45] [AI리그] 36주차 7137경기, OVR캐시 11393→11393) 세부: 경기조회 0.008s | 시뮬루프 0.051s | executemany(7137건) 0.015s | teams반영+commit 0.033s
[09-04 03:51:45] [주 마무리] 36주차 0.16s (국제대회 0.00s | 챔스 0.00s | 클럽WC 0.00s | 국내컵 0.05s | 리그시뮬 0.11s)
[09-04 03:51:45] [PERF-DAY] 36주차 252일차 처리 0.160s (stype='휴식' | 그주마지막날=True | 경기있음=False | 부상=False)
[09-04 03:51:45] [AI리그] 37주차 6556경기, OVR캐시 11393→11393) 세부: 경기조회 0.007s | 시뮬루프 0.048s | executemany(6556건) 0.015s | teams반영+commit 0.036s
[09-04 03:51:45] [주 마무리] 37주차 0.11s (국제대회 0.00s | 챔스 0.00s | 클럽WC 0.00s | 국내컵 0.00s | 리그시뮬 0.11s)
[09-04 03:51:45] [PERF-DAY] 37주차 259일차 처리 0.113s (stype='휴식' | 그주마지막날=True | 경기있음=False | 부상=False)
[09-04 03:51:45] [AI리그] 38주차 6730경기, OVR캐시 11393→11393) 세부: 경기조회 0.008s | 시뮬루프 0.050s | executemany(6730건) 0.015s | teams반영+commit 0.037s
[09-04 03:51:45] [주 마무리] 38주차 0.18s (국제대회 0.00s | 챔스 0.00s | 클럽WC 0.00s | 국내컵 0.06s | 리그시뮬 0.11s)
[09-04 03:51:45] [PERF-DAY] 38주차 266일차 처리 0.179s (stype='휴식' | 그주마지막날=True | 경기있음=False | 부상=False)
[09-04 03:51:46] [AI리그] 39주차 6855경기, OVR캐시 11393→11393) 세부: 경기조회 0.008s | 시뮬루프 0.052s | executemany(6855건) 0.015s | teams반영+commit 0.034s
[09-04 03:51:46] [주 마무리] 39주차 0.11s (국제대회 0.00s | 챔스 0.00s | 클럽WC 0.00s | 국내컵 0.00s | 리그시뮬 0.11s)
[09-04 03:51:46] [PERF-DAY] 39주차 273일차 처리 0.114s (stype='휴식' | 그주마지막날=True | 경기있음=False | 부상=False)
[09-04 03:51:46] [AI리그] 40주차 6844경기, OVR캐시 11393→11393) 세부: 경기조회 0.007s | 시뮬루프 0.047s | executemany(6844건) 0.014s | teams반영+commit 0.034s
[09-04 03:51:46] [주 마무리] 40주차 0.13s (국제대회 0.00s | 챔스 0.00s | 클럽WC 0.00s | 국내컵 0.03s | 리그시뮬 0.10s)
[09-04 03:51:46] [PERF-DAY] 40주차 280일차 처리 0.131s (stype='휴식' | 그주마지막날=True | 경기있음=False | 부상=False)
[09-04 03:51:46] [AI리그] 41주차 6841경기, OVR캐시 11393→11393) 세부: 경기조회 0.006s | 시뮬루프 0.050s | executemany(6841건) 0.015s | teams반영+commit 0.034s
[09-04 03:51:46] [주 마무리] 41주차 0.11s (국제대회 0.00s | 챔스 0.00s | 클럽WC 0.00s | 국내컵 0.00s | 리그시뮬 0.11s)
[09-04 03:51:46] [PERF-DAY] 41주차 287일차 처리 0.109s (stype='휴식' | 그주마지막날=True | 경기있음=False | 부상=False)
[09-04 03:51:46] [AI리그] 42주차 6742경기, OVR캐시 11393→11393) 세부: 경기조회 0.006s | 시뮬루프 0.055s | executemany(6742건) 0.015s | teams반영+commit 0.032s
[09-04 03:51:46] [주 마무리] 42주차 0.12s (국제대회 0.00s | 챔스 0.00s | 클럽WC 0.00s | 국내컵 0.01s | 리그시뮬 0.11s)
[09-04 03:51:46] [PERF-DAY] 42주차 294일차 처리 0.119s (stype='휴식' | 그주마지막날=True | 경기있음=False | 부상=False)
[09-04 03:51:48] [PERF-PROMO] _process_promotion_relegation 세부: my_player/season조회 0.001s | teams+leagues조회 0.012s | standings계산(710개리그) 0.283s | ai_players OVR스캔 0.233s | 승강판정루프(211개국) 0.028s | executemany(1210건) 0.016s | 리스케일(1210건) 0.343s | commit/close 0.326s | 캐시무효화 0.000s
[09-04 03:51:48] [PERF-SEASON] finalize_club_season 세부: finish_incomplete_matches=0.046s | promotion_relegation=1.250s
[09-04 03:51:48] [PERF-YEAR] 43주차(CLUB_SEASON_END_DAY) 세부: finalize_club_season=1.296s | promotion_playoffs=0.024s | PRAGMA optimize=0.001s
[09-04 03:51:48] [PERF-DAY] 43주차 300일차 처리 1.333s (stype='휴식' | 그주마지막날=False | 경기있음=False | 부상=False)
[09-04 03:51:48] [진행 총계] 1.36초
[09-04 03:51:48] [PERF-DAILYHOOK] 44주차 302일차: process_po_week 0.051s
[09-04 03:51:48] [PERF-DAY] 44주차 302일차 처리 0.052s (stype='고강도' | 그주마지막날=False | 경기있음=False | 부상=False)
[09-04 03:51:48] [PERF-DAILYHOOK] 44주차 304일차: process_po_week 0.052s
[09-04 03:51:48] [PERF-DAY] 44주차 304일차 처리 0.053s (stype='고강도' | 그주마지막날=False | 경기있음=False | 부상=False)
[09-04 03:51:48] [PERF-DAILYHOOK] 44주차 306일차: process_po_week 0.075s
[09-04 03:51:48] [PERF-DAY] 44주차 306일차 처리 0.075s (stype='고강도' | 그주마지막날=False | 경기있음=False | 부상=False)
[09-04 03:52:28] [PERF]   _end_of_season 세부: AI생애주기 38.23s (승강제 타이밍은 43주 _finalize_club_season으로 이동 — 여기 안 잡힘)
[09-04 03:52:29] [PERF]   일정생성 세부: 아카이브이동 0.83s | 완비판정조회 0.01s | 기존경기dedup조회 0.00s | 일정계산 0.21s | INSERT+commit 0.32s | (대상리그 710개, 신규경기 201400건)
[09-04 03:52:29] [PERF]   인덱스재생성 0.35s
[09-04 03:52:31] [PERF] 연도전환 총 41.52s (커리어정리 0.00s | _end_of_season 38.24s | 일정생성 1.73s | 파워랭킹 1.55s | PRAGMA optimize 0.00s)
[09-04 03:52:31] [PERF-WEEKTAIL] 52주차: _pay_salary 0.000s | _advance_week 41.518s
[09-04 03:52:31] [PERF-DAY] 52주차 364일차 처리 41.519s (stype='휴식' | 그주마지막날=True | 경기있음=False | 부상=False)
[09-04 03:52:31] [진행 총계] 41.52초
[09-04 03:52:32] [AI리그] 4주차 4527경기, OVR캐시 0→9054) 세부: 경기조회 0.015s | 시뮬루프 0.314s | executemany(4527건) 0.010s | teams반영+commit 0.026s
[09-04 03:52:32] [주 마무리] 4주차 0.37s (국제대회 0.00s | 챔스 0.00s | 클럽WC 0.00s | 국내컵 0.00s | 리그시뮬 0.37s)
[09-04 03:52:32] [PERF-WEEKTAIL] 4주차: _pay_salary 0.000s | _advance_week 0.210s
[09-04 03:52:32] [PERF-DAY] 4주차 28일차 처리 0.580s (stype='휴식' | 그주마지막날=True | 경기있음=False | 부상=False)
[09-04 03:52:32] [진행 총계] 0.59초
[09-04 03:52:33] [AI리그] 5주차 5771경기, OVR캐시 11263→11393) 세부: 경기조회 0.017s | 시뮬루프 0.071s | executemany(5771건) 0.013s | teams반영+commit 0.041s
[09-04 03:52:33] [주 마무리] 5주차 0.29s (국제대회 0.00s | 챔스 0.00s | 클럽WC 0.00s | 국내컵 0.15s | 리그시뮬 0.14s)
[09-04 03:52:33] [PERF-DAY] 5주차 35일차 처리 0.292s (stype='휴식' | 그주마지막날=True | 경기있음=False | 부상=True)
[09-04 03:52:33] [AI리그] 6주차 5734경기, OVR캐시 11393→11393) 세부: 경기조회 0.016s | 시뮬루프 0.049s | executemany(5734건) 0.014s | teams반영+commit 0.045s
[09-04 03:52:33] [주 마무리] 6주차 0.28s (국제대회 0.00s | 챔스 0.00s | 클럽WC 0.00s | 국내컵 0.16s | 리그시뮬 0.13s)
[09-04 03:52:33] [PERF-DAY] 6주차 42일차 처리 0.285s (stype='휴식' | 그주마지막날=True | 경기있음=False | 부상=False)
[09-04 03:52:34] [AI리그] 7주차 5801경기, OVR캐시 11393→11393) 세부: 경기조회 0.015s | 시뮬루프 0.055s | executemany(5801건) 0.011s | teams반영+commit 0.034s
[09-04 03:52:34] [주 마무리] 7주차 0.23s (국제대회 0.00s | 챔스 0.00s | 클럽WC 0.00s | 국내컵 0.11s | 리그시뮬 0.12s)
[09-04 03:52:34] [PERF-DAY] 7주차 49일차 처리 0.322s (stype='휴식' | 그주마지막날=True | 경기있음=False | 부상=False)
[09-04 03:52:34] [진행 총계] 0.33초
[09-04 03:52:34] [AI리그] 8주차 5757경기, OVR캐시 11393→11393) 세부: 경기조회 0.016s | 시뮬루프 0.057s | executemany(5757건) 0.014s | teams반영+commit 0.044s
[09-04 03:52:34] [주 마무리] 8주차 0.14s (국제대회 0.00s | 챔스 0.00s | 클럽WC 0.00s | 국내컵 0.00s | 리그시뮬 0.13s)
[09-04 03:52:34] [PERF-DAY] 8주차 56일차 처리 0.139s (stype='휴식' | 그주마지막날=True | 경기있음=False | 부상=False)
[09-04 03:52:34] [AI리그] 9주차 5731경기, OVR캐시 11393→11393) 세부: 경기조회 0.016s | 시뮬루프 0.047s | executemany(5731건) 0.013s | teams반영+commit 0.040s
[09-04 03:52:34] [주 마무리] 9주차 0.15s (국제대회 0.00s | 챔스 0.03s | 클럽WC 0.00s | 국내컵 0.00s | 리그시뮬 0.12s)
[09-04 03:52:34] [PERF-DAY] 9주차 63일차 처리 0.151s (stype='휴식' | 그주마지막날=True | 경기있음=False | 부상=False)
[09-04 03:52:34] [AI리그] 10주차 5766경기, OVR캐시 11393→11393) 세부: 경기조회 0.015s | 시뮬루프 0.051s | executemany(5766건) 0.013s | teams반영+commit 0.039s
[09-04 03:52:34] [주 마무리] 10주차 0.15s (국제대회 0.00s | 챔스 0.02s | 클럽WC 0.00s | 국내컵 0.00s | 리그시뮬 0.12s)
[09-04 03:52:34] [PERF-DAY] 10주차 70일차 처리 0.148s (stype='휴식' | 그주마지막날=True | 경기있음=False | 부상=False)
[09-04 03:52:35] [AI리그] 11주차 5618경기, OVR캐시 11393→11393) 세부: 경기조회 0.014s | 시뮬루프 0.042s | executemany(5618건) 0.012s | teams반영+commit 0.034s
[09-04 03:52:35] [주 마무리] 11주차 0.13s (국제대회 0.00s | 챔스 0.02s | 클럽WC 0.00s | 국내컵 0.00s | 리그시뮬 0.10s)
[09-04 03:52:35] [PERF-DAY] 11주차 77일차 처리 0.132s (stype='휴식' | 그주마지막날=True | 경기있음=False | 부상=False)
[09-04 03:52:35] [AI리그] 12주차 5609경기, OVR캐시 11393→11393) 세부: 경기조회 0.014s | 시뮬루프 0.047s | executemany(5609건) 0.011s | teams반영+commit 0.032s
[09-04 03:52:35] [주 마무리] 12주차 0.13s (국제대회 0.00s | 챔스 0.02s | 클럽WC 0.00s | 국내컵 0.00s | 리그시뮬 0.11s)
[09-04 03:52:35] [PERF-DAY] 12주차 84일차 처리 0.134s (stype='휴식' | 그주마지막날=True | 경기있음=False | 부상=False)
[09-04 03:52:35] [AI리그] 13주차 5233경기, OVR캐시 11393→11393) 세부: 경기조회 0.013s | 시뮬루프 0.047s | executemany(5233건) 0.011s | teams반영+commit 0.031s
[09-04 03:52:35] [주 마무리] 13주차 0.13s (국제대회 0.00s | 챔스 0.02s | 클럽WC 0.00s | 국내컵 0.00s | 리그시뮬 0.10s)
[09-04 03:52:35] [PERF-DAY] 13주차 91일차 처리 0.132s (stype='휴식' | 그주마지막날=True | 경기있음=False | 부상=False)
[09-04 03:52:35] [AI리그] 14주차 5527경기, OVR캐시 11393→11393) 세부: 경기조회 0.013s | 시뮬루프 0.042s | executemany(5527건) 0.012s | teams반영+commit 0.032s
[09-04 03:52:35] [주 마무리] 14주차 0.13s (국제대회 0.00s | 챔스 0.02s | 클럽WC 0.00s | 국내컵 0.00s | 리그시뮬 0.10s)
[09-04 03:52:35] [PERF-DAY] 14주차 98일차 처리 0.129s (stype='휴식' | 그주마지막날=True | 경기있음=False | 부상=False)
[09-04 03:52:36] [AI리그] 15주차 5747경기, OVR캐시 11393→11393) 세부: 경기조회 0.013s | 시뮬루프 0.045s | executemany(5747건) 0.012s | teams반영+commit 0.031s
[09-04 03:52:36] [주 마무리] 15주차 0.13s (국제대회 0.00s | 챔스 0.02s | 클럽WC 0.00s | 국내컵 0.00s | 리그시뮬 0.10s)
[09-04 03:52:36] [PERF-DAY] 15주차 105일차 처리 0.130s (stype='휴식' | 그주마지막날=True | 경기있음=False | 부상=False)
[09-04 03:52:36] [AI리그] 16주차 5732경기, OVR캐시 11393→11393) 세부: 경기조회 0.015s | 시뮬루프 0.053s | executemany(5732건) 0.013s | teams반영+commit 0.039s
[09-04 03:52:36] [주 마무리] 16주차 0.17s (국제대회 0.00s | 챔스 0.05s | 클럽WC 0.00s | 국내컵 0.00s | 리그시뮬 0.12s)
[09-04 03:52:36] [PERF-DAY] 16주차 112일차 처리 0.173s (stype='휴식' | 그주마지막날=True | 경기있음=False | 부상=False)
[09-04 03:52:36] [AI리그] 17주차 5482경기, OVR캐시 11393→11393) 세부: 경기조회 0.012s | 시뮬루프 0.041s | executemany(5482건) 0.013s | teams반영+commit 0.039s
[09-04 03:52:36] [주 마무리] 17주차 0.11s (국제대회 0.00s | 챔스 0.00s | 클럽WC 0.00s | 국내컵 0.00s | 리그시뮬 0.11s)
[09-04 03:52:36] [PERF-DAY] 17주차 119일차 처리 0.112s (stype='휴식' | 그주마지막날=True | 경기있음=False | 부상=False)
[09-04 03:52:36] [AI리그] 18주차 5384경기, OVR캐시 11393→11393) 세부: 경기조회 0.013s | 시뮬루프 0.046s | executemany(5384건) 0.013s | teams반영+commit 0.039s
[09-04 03:52:36] [주 마무리] 18주차 0.14s (국제대회 0.00s | 챔스 0.03s | 클럽WC 0.00s | 국내컵 0.00s | 리그시뮬 0.11s)
[09-04 03:52:36] [PERF-DAY] 18주차 126일차 처리 0.144s (stype='휴식' | 그주마지막날=True | 경기있음=False | 부상=False)
[09-04 03:52:37] [AI리그] 19주차 3886경기, OVR캐시 11393→11393) 세부: 경기조회 0.012s | 시뮬루프 0.038s | executemany(3886건) 0.010s | teams반영+commit 0.027s
[09-04 03:52:37] [주 마무리] 19주차 0.09s (국제대회 0.00s | 챔스 0.00s | 클럽WC 0.00s | 국내컵 0.00s | 리그시뮬 0.09s)
[09-04 03:52:37] [PERF-DAY] 19주차 133일차 처리 0.095s (stype='휴식' | 그주마지막날=True | 경기있음=False | 부상=False)
[09-04 03:52:37] [AI리그] 20주차 3343경기, OVR캐시 11393→11393) 세부: 경기조회 0.010s | 시뮬루프 0.026s | executemany(3343건) 0.008s | teams반영+commit 0.023s
[09-04 03:52:37] [주 마무리] 20주차 0.09s (국제대회 0.00s | 챔스 0.02s | 클럽WC 0.00s | 국내컵 0.00s | 리그시뮬 0.07s)
[09-04 03:52:37] [PERF-DAY] 20주차 140일차 처리 0.091s (stype='휴식' | 그주마지막날=True | 경기있음=False | 부상=False)
[09-04 03:52:37] [AI리그] 21주차 2934경기, OVR캐시 11393→11393) 세부: 경기조회 0.010s | 시뮬루프 0.023s | executemany(2934건) 0.008s | teams반영+commit 0.021s
[09-04 03:52:37] [주 마무리] 21주차 0.08s (국제대회 0.00s | 챔스 0.01s | 클럽WC 0.00s | 국내컵 0.00s | 리그시뮬 0.06s)
[09-04 03:52:37] [PERF-DAY] 21주차 147일차 처리 0.079s (stype='휴식' | 그주마지막날=True | 경기있음=False | 부상=False)
[09-04 03:52:37] [AI리그] 22주차 2779경기, OVR캐시 11393→11393) 세부: 경기조회 0.009s | 시뮬루프 0.022s | executemany(2779건) 0.007s | teams반영+commit 0.017s
[09-04 03:52:37] [주 마무리] 22주차 0.07s (국제대회 0.00s | 챔스 0.01s | 클럽WC 0.00s | 국내컵 0.00s | 리그시뮬 0.06s)
[09-04 03:52:37] [PERF-DAY] 22주차 154일차 처리 0.069s (stype='휴식' | 그주마지막날=True | 경기있음=False | 부상=False)
[09-04 03:52:38] [AI리그] 23주차 2291경기, OVR캐시 11393→11393) 세부: 경기조회 0.009s | 시뮬루프 0.026s | executemany(2291건) 0.006s | teams반영+commit 0.014s
[09-04 03:52:38] [주 마무리] 23주차 0.07s (국제대회 0.00s | 챔스 0.01s | 클럽WC 0.00s | 국내컵 0.00s | 리그시뮬 0.06s)
[09-04 03:52:38] [PERF-DAY] 23주차 161일차 처리 0.073s (stype='휴식' | 그주마지막날=True | 경기있음=False | 부상=False)
[09-04 03:52:38] [PERF-WEEKTAIL] 24주차: _pay_salary 0.000s | _advance_week 0.190s
[09-04 03:52:38] [PERF-DAY] 24주차 168일차 처리 0.236s (stype='휴식' | 그주마지막날=True | 경기있음=False | 부상=False)
[09-04 03:52:40] [PERF-DAILYHOOK] 26주차 176일차: process_intl_week 1.510s | process_cwc_week 0.000s
[09-04 03:52:40] [PERF-DAY] 26주차 176일차 처리 1.512s (stype='고강도' | 그주마지막날=False | 경기있음=False | 부상=False)
[09-04 03:52:40] [PERF-DAILYHOOK] 26주차 178일차: process_intl_week 0.061s | process_cwc_week 0.000s
[09-04 03:52:40] [PERF-DAY] 26주차 178일차 처리 0.063s (stype='고강도' | 그주마지막날=False | 경기있음=False | 부상=False)
[09-04 03:52:40] [PERF-DAILYHOOK] 26주차 180일차: process_intl_week 0.067s | process_cwc_week 0.000s
[09-04 03:52:40] [PERF-DAY] 26주차 180일차 처리 0.068s (stype='고강도' | 그주마지막날=False | 경기있음=False | 부상=False)
[09-04 03:52:40] [진행 총계] 1.66초
[09-04 03:52:44] [PERF-WEEKTAIL] 28주차: _pay_salary 0.000s | _advance_week 2.908s
[09-04 03:52:44] [PERF-DAY] 28주차 196일차 처리 2.918s (stype='휴식' | 그주마지막날=True | 경기있음=False | 부상=False)
[09-04 03:52:44] [진행 총계] 2.93초
[09-04 03:52:44] [AI리그] 29주차 4943경기, OVR캐시 11393→11393) 세부: 경기조회 0.010s | 시뮬루프 0.038s | executemany(4943건) 0.010s | teams반영+commit 0.027s
[09-04 03:52:44] [주 마무리] 29주차 0.09s (국제대회 0.00s | 챔스 0.00s | 클럽WC 0.00s | 국내컵 0.00s | 리그시뮬 0.09s)
[09-04 03:52:44] [PERF-DAY] 29주차 203일차 처리 0.091s (stype='휴식' | 그주마지막날=True | 경기있음=False | 부상=False)
[09-04 03:52:44] [AI리그] 30주차 6683경기, OVR캐시 11393→11393) 세부: 경기조회 0.010s | 시뮬루프 0.048s | executemany(6683건) 0.015s | teams반영+commit 0.040s
[09-04 03:52:44] [주 마무리] 30주차 0.20s (국제대회 0.00s | 챔스 0.00s | 클럽WC 0.00s | 국내컵 0.09s | 리그시뮬 0.12s)
[09-04 03:52:44] [PERF-DAY] 30주차 210일차 처리 0.205s (stype='휴식' | 그주마지막날=True | 경기있음=False | 부상=False)
[09-04 03:52:45] [AI리그] 31주차 6722경기, OVR캐시 11393→11393) 세부: 경기조회 0.011s | 시뮬루프 0.048s | executemany(6722건) 0.014s | teams반영+commit 0.033s
[09-04 03:52:45] [주 마무리] 31주차 0.11s (국제대회 0.00s | 챔스 0.00s | 클럽WC 0.00s | 국내컵 0.00s | 리그시뮬 0.11s)
[09-04 03:52:45] [PERF-DAY] 31주차 217일차 처리 0.111s (stype='휴식' | 그주마지막날=True | 경기있음=False | 부상=False)
[09-04 03:52:45] [AI리그] 32주차 6569경기, OVR캐시 11393→11393) 세부: 경기조회 0.010s | 시뮬루프 0.051s | executemany(6569건) 0.016s | teams반영+commit 0.041s
[09-04 03:52:45] [주 마무리] 32주차 0.20s (국제대회 0.00s | 챔스 0.00s | 클럽WC 0.00s | 국내컵 0.08s | 리그시뮬 0.12s)
[09-04 03:52:45] [PERF-DAY] 32주차 224일차 처리 0.205s (stype='휴식' | 그주마지막날=True | 경기있음=False | 부상=False)
[09-04 03:52:45] [AI리그] 33주차 6949경기, OVR캐시 11393→11393) 세부: 경기조회 0.010s | 시뮬루프 0.050s | executemany(6949건) 0.017s | teams반영+commit 0.040s
[09-04 03:52:45] [주 마무리] 33주차 0.12s (국제대회 0.00s | 챔스 0.00s | 클럽WC 0.00s | 국내컵 0.00s | 리그시뮬 0.12s)
[09-04 03:52:45] [PERF-DAY] 33주차 231일차 처리 0.122s (stype='휴식' | 그주마지막날=True | 경기있음=False | 부상=False)
[09-04 03:52:45] [AI리그] 34주차 6515경기, OVR캐시 11393→11393) 세부: 경기조회 0.009s | 시뮬루프 0.047s | executemany(6515건) 0.015s | teams반영+commit 0.038s
[09-04 03:52:45] [주 마무리] 34주차 0.17s (국제대회 0.00s | 챔스 0.00s | 클럽WC 0.00s | 국내컵 0.06s | 리그시뮬 0.11s)
[09-04 03:52:45] [PERF-DAY] 34주차 238일차 처리 0.175s (stype='휴식' | 그주마지막날=True | 경기있음=False | 부상=False)
[09-04 03:52:46] [AI리그] 35주차 6888경기, OVR캐시 11393→11393) 세부: 경기조회 0.010s | 시뮬루프 0.050s | executemany(6888건) 0.016s | teams반영+commit 0.041s
[09-04 03:52:46] [주 마무리] 35주차 0.12s (국제대회 0.00s | 챔스 0.00s | 클럽WC 0.00s | 국내컵 0.00s | 리그시뮬 0.12s)
[09-04 03:52:46] [PERF-DAY] 35주차 245일차 처리 0.123s (stype='휴식' | 그주마지막날=True | 경기있음=False | 부상=False)
[09-04 03:52:46] [AI리그] 36주차 7137경기, OVR캐시 11393→11393) 세부: 경기조회 0.008s | 시뮬루프 0.050s | executemany(7137건) 0.015s | teams반영+commit 0.037s
[09-04 03:52:46] [주 마무리] 36주차 0.17s (국제대회 0.00s | 챔스 0.00s | 클럽WC 0.00s | 국내컵 0.06s | 리그시뮬 0.11s)
[09-04 03:52:46] [PERF-DAY] 36주차 252일차 처리 0.172s (stype='휴식' | 그주마지막날=True | 경기있음=False | 부상=False)
[09-04 03:52:46] [AI리그] 37주차 6556경기, OVR캐시 11393→11393) 세부: 경기조회 0.008s | 시뮬루프 0.052s | executemany(6556건) 0.016s | teams반영+commit 0.042s
[09-04 03:52:46] [주 마무리] 37주차 0.12s (국제대회 0.00s | 챔스 0.00s | 클럽WC 0.00s | 국내컵 0.00s | 리그시뮬 0.12s)
[09-04 03:52:46] [PERF-DAY] 37주차 259일차 처리 0.125s (stype='휴식' | 그주마지막날=True | 경기있음=False | 부상=False)
[09-04 03:52:46] [AI리그] 38주차 6730경기, OVR캐시 11393→11393) 세부: 경기조회 0.008s | 시뮬루프 0.051s | executemany(6730건) 0.015s | teams반영+commit 0.038s
[09-04 03:52:46] [주 마무리] 38주차 0.19s (국제대회 0.00s | 챔스 0.00s | 클럽WC 0.00s | 국내컵 0.08s | 리그시뮬 0.11s)
[09-04 03:52:46] [PERF-DAY] 38주차 266일차 처리 0.193s (stype='휴식' | 그주마지막날=True | 경기있음=False | 부상=False)
[09-04 03:52:47] [AI리그] 39주차 6855경기, OVR캐시 11393→11393) 세부: 경기조회 0.007s | 시뮬루프 0.049s | executemany(6855건) 0.015s | teams반영+commit 0.036s
[09-04 03:52:47] [주 마무리] 39주차 0.11s (국제대회 0.00s | 챔스 0.00s | 클럽WC 0.00s | 국내컵 0.00s | 리그시뮬 0.11s)
[09-04 03:52:47] [PERF-DAY] 39주차 273일차 처리 0.112s (stype='휴식' | 그주마지막날=True | 경기있음=False | 부상=False)
[09-04 03:52:47] [AI리그] 40주차 6844경기, OVR캐시 11393→11393) 세부: 경기조회 0.007s | 시뮬루프 0.046s | executemany(6844건) 0.015s | teams반영+commit 0.035s
[09-04 03:52:47] [주 마무리] 40주차 0.13s (국제대회 0.00s | 챔스 0.00s | 클럽WC 0.00s | 국내컵 0.03s | 리그시뮬 0.11s)
[09-04 03:52:47] [PERF-DAY] 40주차 280일차 처리 0.132s (stype='휴식' | 그주마지막날=True | 경기있음=False | 부상=False)
[09-04 03:52:47] [AI리그] 41주차 6841경기, OVR캐시 11393→11393) 세부: 경기조회 0.006s | 시뮬루프 0.048s | executemany(6841건) 0.016s | teams반영+commit 0.036s
[09-04 03:52:47] [주 마무리] 41주차 0.11s (국제대회 0.00s | 챔스 0.00s | 클럽WC 0.00s | 국내컵 0.00s | 리그시뮬 0.11s)
[09-04 03:52:47] [PERF-DAY] 41주차 287일차 처리 0.112s (stype='휴식' | 그주마지막날=True | 경기있음=False | 부상=False)
[09-04 03:52:48] [AI리그] 42주차 6742경기, OVR캐시 11393→11393) 세부: 경기조회 0.006s | 시뮬루프 0.048s | executemany(6742건) 0.014s | teams반영+commit 0.030s
[09-04 03:52:48] [주 마무리] 42주차 0.11s (국제대회 0.00s | 챔스 0.00s | 클럽WC 0.00s | 국내컵 0.01s | 리그시뮬 0.10s)
[09-04 03:52:48] [PERF-DAY] 42주차 294일차 처리 0.108s (stype='휴식' | 그주마지막날=True | 경기있음=False | 부상=False)
[09-04 03:52:50] [PERF-PROMO] _process_promotion_relegation 세부: my_player/season조회 0.001s | teams+leagues조회 0.012s | standings계산(710개리그) 0.294s | ai_players OVR스캔 0.232s | 승강판정루프(211개국) 0.026s | executemany(1210건) 0.017s | 리스케일(1210건) 0.343s | commit/close 0.323s | 캐시무효화 0.000s
[09-04 03:52:50] [PERF-SEASON] finalize_club_season 세부: finish_incomplete_matches=0.047s | promotion_relegation=1.257s
[09-04 03:52:50] [PERF-YEAR] 43주차(CLUB_SEASON_END_DAY) 세부: finalize_club_season=1.304s | promotion_playoffs=0.024s | PRAGMA optimize=0.000s
[09-04 03:52:50] [PERF-DAY] 43주차 300일차 처리 1.341s (stype='휴식' | 그주마지막날=False | 경기있음=False | 부상=False)
[09-04 03:52:50] [진행 총계] 1.37초
[09-04 03:52:50] [PERF-DAILYHOOK] 44주차 302일차: process_po_week 0.051s
[09-04 03:52:50] [PERF-DAY] 44주차 302일차 처리 0.052s (stype='고강도' | 그주마지막날=False | 경기있음=False | 부상=False)
[09-04 03:52:50] [PERF-DAILYHOOK] 44주차 304일차: process_po_week 0.051s
[09-04 03:52:50] [PERF-DAY] 44주차 304일차 처리 0.053s (stype='고강도' | 그주마지막날=False | 경기있음=False | 부상=False)
[09-04 03:52:50] [PERF-DAILYHOOK] 44주차 306일차: process_po_week 0.090s
[09-04 03:52:50] [PERF-DAY] 44주차 306일차 처리 0.091s (stype='고강도' | 그주마지막날=False | 경기있음=False | 부상=False)
[09-04 03:53:32] [PERF]   _end_of_season 세부: AI생애주기 40.59s (승강제 타이밍은 43주 _finalize_club_season으로 이동 — 여기 안 잡힘)
[09-04 03:53:33] [PERF]   일정생성 세부: 아카이브이동 0.83s | 완비판정조회 0.01s | 기존경기dedup조회 0.00s | 일정계산 0.20s | INSERT+commit 0.34s | (대상리그 710개, 신규경기 201400건)
[09-04 03:53:34] [PERF]   인덱스재생성 0.35s
[09-04 03:53:35] [PERF] 연도전환 총 43.95s (커리어정리 0.00s | _end_of_season 40.60s | 일정생성 1.75s | 파워랭킹 1.59s | PRAGMA optimize 0.00s)
[09-04 03:53:35] [PERF-WEEKTAIL] 52주차: _pay_salary 0.000s | _advance_week 43.949s
[09-04 03:53:35] [PERF-DAY] 52주차 364일차 처리 43.951s (stype='휴식' | 그주마지막날=True | 경기있음=False | 부상=False)
[09-04 03:53:35] [진행 총계] 43.96초
[09-04 03:53:36] [AI리그] 4주차 4527경기, OVR캐시 0→9054) 세부: 경기조회 0.015s | 시뮬루프 0.322s | executemany(4527건) 0.011s | teams반영+commit 0.032s
[09-04 03:53:36] [주 마무리] 4주차 0.38s (국제대회 0.00s | 챔스 0.00s | 클럽WC 0.00s | 국내컵 0.00s | 리그시뮬 0.38s)
[09-04 03:53:37] [PERF-WEEKTAIL] 4주차: _pay_salary 0.000s | _advance_week 0.217s
[09-04 03:53:37] [PERF-DAY] 4주차 28일차 처리 0.603s (stype='휴식' | 그주마지막날=True | 경기있음=False | 부상=False)
[09-04 03:53:37] [진행 총계] 0.61초
[09-04 03:53:37] [AI리그] 5주차 5771경기, OVR캐시 11263→11393) 세부: 경기조회 0.016s | 시뮬루프 0.071s | executemany(5771건) 0.013s | teams반영+commit 0.043s
[09-04 03:53:37] [주 마무리] 5주차 0.29s (국제대회 0.00s | 챔스 0.00s | 클럽WC 0.00s | 국내컵 0.15s | 리그시뮬 0.15s)
[09-04 03:53:37] [PERF-DAY] 5주차 35일차 처리 0.295s (stype='휴식' | 그주마지막날=True | 경기있음=False | 부상=False)
[09-04 03:53:37] [진행 총계] 0.30초
[09-04 03:53:37] [AI리그] 6주차 5734경기, OVR캐시 11393→11393) 세부: 경기조회 0.015s | 시뮬루프 0.046s | executemany(5734건) 0.012s | teams반영+commit 0.040s
[09-04 03:53:37] [주 마무리] 6주차 0.27s (국제대회 0.00s | 챔스 0.00s | 클럽WC 0.00s | 국내컵 0.15s | 리그시뮬 0.12s)
[09-04 03:53:37] [PERF-DAY] 6주차 42일차 처리 0.273s (stype='휴식' | 그주마지막날=True | 경기있음=False | 부상=False)
[09-04 03:53:38] [AI리그] 7주차 5801경기, OVR캐시 11393→11393) 세부: 경기조회 0.015s | 시뮬루프 0.051s | executemany(5801건) 0.013s | teams반영+commit 0.041s
[09-04 03:53:38] [주 마무리] 7주차 0.24s (국제대회 0.00s | 챔스 0.00s | 클럽WC 0.00s | 국내컵 0.12s | 리그시뮬 0.12s)
[09-04 03:53:38] [PERF-DAY] 7주차 49일차 처리 0.337s (stype='휴식' | 그주마지막날=True | 경기있음=False | 부상=False)
[09-04 03:53:38] [진행 총계] 0.34초
[09-04 03:53:38] [AI리그] 8주차 5757경기, OVR캐시 11393→11393) 세부: 경기조회 0.015s | 시뮬루프 0.043s | executemany(5757건) 0.013s | teams반영+commit 0.043s
[09-04 03:53:38] [주 마무리] 8주차 0.12s (국제대회 0.00s | 챔스 0.00s | 클럽WC 0.00s | 국내컵 0.00s | 리그시뮬 0.12s)
[09-04 03:53:38] [PERF-DAY] 8주차 56일차 처리 0.123s (stype='휴식' | 그주마지막날=True | 경기있음=False | 부상=False)
[09-04 03:53:38] [AI리그] 9주차 5731경기, OVR캐시 11393→11393) 세부: 경기조회 0.015s | 시뮬루프 0.045s | executemany(5731건) 0.013s | teams반영+commit 0.042s
[09-04 03:53:38] [주 마무리] 9주차 0.15s (국제대회 0.00s | 챔스 0.03s | 클럽WC 0.00s | 국내컵 0.00s | 리그시뮬 0.12s)
[09-04 03:53:38] [PERF-DAY] 9주차 63일차 처리 0.152s (stype='휴식' | 그주마지막날=True | 경기있음=False | 부상=False)
[09-04 03:53:39] [AI리그] 10주차 5766경기, OVR캐시 11393→11393) 세부: 경기조회 0.017s | 시뮬루프 0.057s | executemany(5766건) 0.013s | teams반영+commit 0.041s
[09-04 03:53:39] [주 마무리] 10주차 0.16s (국제대회 0.00s | 챔스 0.02s | 클럽WC 0.00s | 국내컵 0.00s | 리그시뮬 0.13s)
[09-04 03:53:39] [PERF-DAY] 10주차 70일차 처리 0.159s (stype='휴식' | 그주마지막날=True | 경기있음=False | 부상=False)
[09-04 03:53:40] [AI리그] 11주차 5618경기, OVR캐시 11393→11393) 세부: 경기조회 0.014s | 시뮬루프 0.043s | executemany(5618건) 0.012s | teams반영+commit 0.038s
[09-04 03:53:40] [주 마무리] 11주차 0.14s (국제대회 0.00s | 챔스 0.03s | 클럽WC 0.00s | 국내컵 0.00s | 리그시뮬 0.11s)
[09-04 03:53:40] [PERF-DAY] 11주차 77일차 처리 0.138s (stype='휴식' | 그주마지막날=True | 경기있음=False | 부상=False)
[09-04 03:53:40] [AI리그] 12주차 5609경기, OVR캐시 11393→11393) 세부: 경기조회 0.014s | 시뮬루프 0.046s | executemany(5609건) 0.013s | teams반영+commit 0.040s
[09-04 03:53:40] [주 마무리] 12주차 0.14s (국제대회 0.00s | 챔스 0.02s | 클럽WC 0.00s | 국내컵 0.00s | 리그시뮬 0.12s)
[09-04 03:53:40] [PERF-DAY] 12주차 84일차 처리 0.144s (stype='휴식' | 그주마지막날=True | 경기있음=False | 부상=False)
[09-04 03:53:40] [AI리그] 13주차 5233경기, OVR캐시 11393→11393) 세부: 경기조회 0.014s | 시뮬루프 0.046s | executemany(5233건) 0.012s | teams반영+commit 0.035s
[09-04 03:53:40] [주 마무리] 13주차 0.14s (국제대회 0.00s | 챔스 0.02s | 클럽WC 0.00s | 국내컵 0.00s | 리그시뮬 0.11s)
[09-04 03:53:40] [PERF-DAY] 13주차 91일차 처리 0.138s (stype='휴식' | 그주마지막날=True | 경기있음=False | 부상=False)
[09-04 03:53:40] [AI리그] 14주차 5527경기, OVR캐시 11393→11393) 세부: 경기조회 0.014s | 시뮬루프 0.042s | executemany(5527건) 0.012s | teams반영+commit 0.033s
[09-04 03:53:40] [주 마무리] 14주차 0.13s (국제대회 0.00s | 챔스 0.02s | 클럽WC 0.00s | 국내컵 0.00s | 리그시뮬 0.10s)
[09-04 03:53:40] [PERF-DAY] 14주차 98일차 처리 0.131s (stype='휴식' | 그주마지막날=True | 경기있음=False | 부상=False)
[09-04 03:53:41] [AI리그] 15주차 5747경기, OVR캐시 11393→11393) 세부: 경기조회 0.013s | 시뮬루프 0.045s | executemany(5747건) 0.013s | teams반영+commit 0.036s
[09-04 03:53:41] [주 마무리] 15주차 0.14s (국제대회 0.00s | 챔스 0.02s | 클럽WC 0.00s | 국내컵 0.00s | 리그시뮬 0.11s)
[09-04 03:53:41] [PERF-DAY] 15주차 105일차 처리 0.138s (stype='휴식' | 그주마지막날=True | 경기있음=False | 부상=False)
[09-04 03:53:41] [AI리그] 16주차 5732경기, OVR캐시 11393→11393) 세부: 경기조회 0.014s | 시뮬루프 0.049s | executemany(5732건) 0.013s | teams반영+commit 0.038s
[09-04 03:53:41] [주 마무리] 16주차 0.17s (국제대회 0.00s | 챔스 0.05s | 클럽WC 0.00s | 국내컵 0.00s | 리그시뮬 0.12s)
[09-04 03:53:41] [PERF-DAY] 16주차 112일차 처리 0.166s (stype='휴식' | 그주마지막날=True | 경기있음=False | 부상=False)
[09-04 03:53:41] [AI리그] 17주차 5482경기, OVR캐시 11393→11393) 세부: 경기조회 0.012s | 시뮬루프 0.041s | executemany(5482건) 0.012s | teams반영+commit 0.034s
[09-04 03:53:41] [주 마무리] 17주차 0.11s (국제대회 0.00s | 챔스 0.00s | 클럽WC 0.00s | 국내컵 0.00s | 리그시뮬 0.10s)
[09-04 03:53:41] [PERF-DAY] 17주차 119일차 처리 0.108s (stype='휴식' | 그주마지막날=True | 경기있음=False | 부상=False)
[09-04 03:53:41] [AI리그] 18주차 5384경기, OVR캐시 11393→11393) 세부: 경기조회 0.012s | 시뮬루프 0.043s | executemany(5384건) 0.013s | teams반영+commit 0.038s
[09-04 03:53:41] [주 마무리] 18주차 0.13s (국제대회 0.00s | 챔스 0.03s | 클럽WC 0.00s | 국내컵 0.00s | 리그시뮬 0.11s)
[09-04 03:53:41] [PERF-DAY] 18주차 126일차 처리 0.136s (stype='휴식' | 그주마지막날=True | 경기있음=False | 부상=False)
[09-04 03:53:42] [AI리그] 19주차 3886경기, OVR캐시 11393→11393) 세부: 경기조회 0.018s | 시뮬루프 0.036s | executemany(3886건) 0.010s | teams반영+commit 0.027s
[09-04 03:53:42] [주 마무리] 19주차 0.10s (국제대회 0.00s | 챔스 0.00s | 클럽WC 0.00s | 국내컵 0.00s | 리그시뮬 0.09s)
[09-04 03:53:42] [PERF-DAY] 19주차 133일차 처리 0.098s (stype='휴식' | 그주마지막날=True | 경기있음=False | 부상=False)
[09-04 03:53:42] [AI리그] 20주차 3343경기, OVR캐시 11393→11393) 세부: 경기조회 0.010s | 시뮬루프 0.026s | executemany(3343건) 0.008s | teams반영+commit 0.024s
[09-04 03:53:42] [주 마무리] 20주차 0.09s (국제대회 0.00s | 챔스 0.02s | 클럽WC 0.00s | 국내컵 0.00s | 리그시뮬 0.07s)
[09-04 03:53:42] [PERF-DAY] 20주차 140일차 처리 0.092s (stype='휴식' | 그주마지막날=True | 경기있음=False | 부상=False)
[09-04 03:53:42] [AI리그] 21주차 2934경기, OVR캐시 11393→11393) 세부: 경기조회 0.010s | 시뮬루프 0.024s | executemany(2934건) 0.008s | teams반영+commit 0.022s
[09-04 03:53:42] [주 마무리] 21주차 0.08s (국제대회 0.00s | 챔스 0.01s | 클럽WC 0.00s | 국내컵 0.00s | 리그시뮬 0.07s)
[09-04 03:53:42] [PERF-DAY] 21주차 147일차 처리 0.082s (stype='휴식' | 그주마지막날=True | 경기있음=False | 부상=False)
[09-04 03:53:42] [AI리그] 22주차 2779경기, OVR캐시 11393→11393) 세부: 경기조회 0.009s | 시뮬루프 0.022s | executemany(2779건) 0.006s | teams반영+commit 0.015s
[09-04 03:53:42] [주 마무리] 22주차 0.07s (국제대회 0.00s | 챔스 0.01s | 클럽WC 0.00s | 국내컵 0.00s | 리그시뮬 0.05s)
[09-04 03:53:42] [PERF-DAY] 22주차 154일차 처리 0.067s (stype='휴식' | 그주마지막날=True | 경기있음=False | 부상=False)
[09-04 03:53:43] [AI리그] 23주차 2291경기, OVR캐시 11393→11393) 세부: 경기조회 0.009s | 시뮬루프 0.025s | executemany(2291건) 0.007s | teams반영+commit 0.015s
[09-04 03:53:43] [주 마무리] 23주차 0.07s (국제대회 0.00s | 챔스 0.01s | 클럽WC 0.00s | 국내컵 0.00s | 리그시뮬 0.06s)
[09-04 03:53:43] [PERF-DAY] 23주차 161일차 처리 0.078s (stype='휴식' | 그주마지막날=True | 경기있음=False | 부상=False)
[09-04 03:53:43] [PERF-DAILYHOOK] 25주차 169일차: process_intl_week 0.426s | process_cwc_week 0.000s
[09-04 03:53:43] [PERF-DAY] 25주차 169일차 처리 0.428s (stype='고강도' | 그주마지막날=False | 경기있음=False | 부상=False)
[09-04 03:53:43] [진행 총계] 0.46초
[09-04 03:53:47] [PERF-WEEKTAIL] 28주차: _pay_salary 0.000s | _advance_week 2.973s
[09-04 03:53:47] [PERF-DAY] 28주차 196일차 처리 2.983s (stype='휴식' | 그주마지막날=True | 경기있음=False | 부상=False)
[09-04 03:53:47] [진행 총계] 2.99초
[09-04 03:53:47] [AI리그] 29주차 4943경기, OVR캐시 11393→11393) 세부: 경기조회 0.010s | 시뮬루프 0.037s | executemany(4943건) 0.012s | teams반영+commit 0.032s
[09-04 03:53:47] [주 마무리] 29주차 0.10s (국제대회 0.00s | 챔스 0.00s | 클럽WC 0.00s | 국내컵 0.00s | 리그시뮬 0.09s)
[09-04 03:53:47] [PERF-DAY] 29주차 203일차 처리 0.097s (stype='휴식' | 그주마지막날=True | 경기있음=False | 부상=False)
[09-04 03:53:48] [AI리그] 30주차 6683경기, OVR캐시 11393→11393) 세부: 경기조회 0.011s | 시뮬루프 0.048s | executemany(6683건) 0.016s | teams반영+commit 0.039s
[09-04 03:53:48] [주 마무리] 30주차 0.21s (국제대회 0.00s | 챔스 0.00s | 클럽WC 0.00s | 국내컵 0.09s | 리그시뮬 0.12s)
[09-04 03:53:48] [PERF-DAY] 30주차 210일차 처리 0.208s (stype='휴식' | 그주마지막날=True | 경기있음=False | 부상=False)
[09-04 03:53:48] [AI리그] 31주차 6722경기, OVR캐시 11393→11393) 세부: 경기조회 0.012s | 시뮬루프 0.053s | executemany(6722건) 0.015s | teams반영+commit 0.041s
[09-04 03:53:48] [주 마무리] 31주차 0.13s (국제대회 0.00s | 챔스 0.00s | 클럽WC 0.00s | 국내컵 0.00s | 리그시뮬 0.12s)
[09-04 03:53:48] [PERF-DAY] 31주차 217일차 처리 0.128s (stype='휴식' | 그주마지막날=True | 경기있음=False | 부상=False)
[09-04 03:53:49] [AI리그] 32주차 6569경기, OVR캐시 11393→11393) 세부: 경기조회 0.010s | 시뮬루프 0.051s | executemany(6569건) 0.016s | teams반영+commit 0.043s
[09-04 03:53:49] [주 마무리] 32주차 0.21s (국제대회 0.00s | 챔스 0.00s | 클럽WC 0.00s | 국내컵 0.09s | 리그시뮬 0.12s)
[09-04 03:53:49] [PERF-DAY] 32주차 224일차 처리 0.212s (stype='휴식' | 그주마지막날=True | 경기있음=False | 부상=False)
[09-04 03:53:49] [AI리그] 33주차 6949경기, OVR캐시 11393→11393) 세부: 경기조회 0.011s | 시뮬루프 0.059s | executemany(6949건) 0.016s | teams반영+commit 0.041s
[09-04 03:53:49] [주 마무리] 33주차 0.13s (국제대회 0.00s | 챔스 0.00s | 클럽WC 0.00s | 국내컵 0.00s | 리그시뮬 0.13s)
[09-04 03:53:49] [PERF-DAY] 33주차 231일차 처리 0.135s (stype='휴식' | 그주마지막날=True | 경기있음=False | 부상=False)
[09-04 03:53:49] [AI리그] 34주차 6515경기, OVR캐시 11393→11393) 세부: 경기조회 0.010s | 시뮬루프 0.050s | executemany(6515건) 0.015s | teams반영+commit 0.040s
[09-04 03:53:49] [주 마무리] 34주차 0.18s (국제대회 0.00s | 챔스 0.00s | 클럽WC 0.00s | 국내컵 0.06s | 리그시뮬 0.12s)
[09-04 03:53:49] [PERF-DAY] 34주차 238일차 처리 0.182s (stype='휴식' | 그주마지막날=True | 경기있음=False | 부상=False)
[09-04 03:53:50] [AI리그] 35주차 6888경기, OVR캐시 11393→11393) 세부: 경기조회 0.009s | 시뮬루프 0.051s | executemany(6888건) 0.015s | teams반영+commit 0.038s
[09-04 03:53:50] [주 마무리] 35주차 0.12s (국제대회 0.00s | 챔스 0.00s | 클럽WC 0.00s | 국내컵 0.00s | 리그시뮬 0.12s)
[09-04 03:53:50] [PERF-DAY] 35주차 245일차 처리 0.121s (stype='휴식' | 그주마지막날=True | 경기있음=False | 부상=False)
[09-04 03:53:50] [AI리그] 36주차 7137경기, OVR캐시 11393→11393) 세부: 경기조회 0.009s | 시뮬루프 0.055s | executemany(7137건) 0.016s | teams반영+commit 0.039s
[09-04 03:53:50] [주 마무리] 36주차 0.18s (국제대회 0.00s | 챔스 0.00s | 클럽WC 0.00s | 국내컵 0.06s | 리그시뮬 0.12s)
[09-04 03:53:50] [PERF-DAY] 36주차 252일차 처리 0.182s (stype='휴식' | 그주마지막날=True | 경기있음=False | 부상=False)
[09-04 03:53:50] [AI리그] 37주차 6556경기, OVR캐시 11393→11393) 세부: 경기조회 0.008s | 시뮬루프 0.052s | executemany(6556건) 0.016s | teams반영+commit 0.044s
[09-04 03:53:50] [주 마무리] 37주차 0.12s (국제대회 0.00s | 챔스 0.00s | 클럽WC 0.00s | 국내컵 0.00s | 리그시뮬 0.12s)
[09-04 03:53:50] [PERF-DAY] 37주차 259일차 처리 0.126s (stype='휴식' | 그주마지막날=True | 경기있음=False | 부상=False)
[09-04 03:53:50] [AI리그] 38주차 6730경기, OVR캐시 11393→11393) 세부: 경기조회 0.008s | 시뮬루프 0.056s | executemany(6730건) 0.015s | teams반영+commit 0.040s
[09-04 03:53:50] [주 마무리] 38주차 0.20s (국제대회 0.00s | 챔스 0.00s | 클럽WC 0.00s | 국내컵 0.08s | 리그시뮬 0.12s)
[09-04 03:53:50] [PERF-DAY] 38주차 266일차 처리 0.199s (stype='휴식' | 그주마지막날=True | 경기있음=False | 부상=False)
[09-04 03:53:51] [AI리그] 39주차 6855경기, OVR캐시 11393→11393) 세부: 경기조회 0.008s | 시뮬루프 0.054s | executemany(6855건) 0.015s | teams반영+commit 0.038s
[09-04 03:53:51] [주 마무리] 39주차 0.12s (국제대회 0.00s | 챔스 0.00s | 클럽WC 0.00s | 국내컵 0.00s | 리그시뮬 0.12s)
[09-04 03:53:51] [PERF-DAY] 39주차 273일차 처리 0.120s (stype='휴식' | 그주마지막날=True | 경기있음=False | 부상=False)
[09-04 03:53:51] [AI리그] 40주차 6844경기, OVR캐시 11393→11393) 세부: 경기조회 0.006s | 시뮬루프 0.047s | executemany(6844건) 0.015s | teams반영+commit 0.036s
[09-04 03:53:51] [주 마무리] 40주차 0.13s (국제대회 0.00s | 챔스 0.00s | 클럽WC 0.00s | 국내컵 0.03s | 리그시뮬 0.11s)
[09-04 03:53:51] [PERF-DAY] 40주차 280일차 처리 0.134s (stype='휴식' | 그주마지막날=True | 경기있음=False | 부상=False)
[09-04 03:53:51] [AI리그] 41주차 6841경기, OVR캐시 11393→11393) 세부: 경기조회 0.006s | 시뮬루프 0.048s | executemany(6841건) 0.014s | teams반영+commit 0.034s
[09-04 03:53:51] [주 마무리] 41주차 0.11s (국제대회 0.00s | 챔스 0.00s | 클럽WC 0.00s | 국내컵 0.00s | 리그시뮬 0.10s)
[09-04 03:53:51] [PERF-DAY] 41주차 287일차 처리 0.107s (stype='휴식' | 그주마지막날=True | 경기있음=False | 부상=False)
[09-04 03:53:51] [AI리그] 42주차 6742경기, OVR캐시 11393→11393) 세부: 경기조회 0.006s | 시뮬루프 0.051s | executemany(6742건) 0.015s | teams반영+commit 0.036s
[09-04 03:53:51] [주 마무리] 42주차 0.12s (국제대회 0.00s | 챔스 0.00s | 클럽WC 0.00s | 국내컵 0.01s | 리그시뮬 0.11s)
[09-04 03:53:51] [PERF-DAY] 42주차 294일차 처리 0.118s (stype='휴식' | 그주마지막날=True | 경기있음=False | 부상=False)
[09-04 03:53:53] [PERF-PROMO] _process_promotion_relegation 세부: my_player/season조회 0.001s | teams+leagues조회 0.012s | standings계산(710개리그) 0.312s | ai_players OVR스캔 0.249s | 승강판정루프(211개국) 0.027s | executemany(1210건) 0.016s | 리스케일(1210건) 0.331s | commit/close 0.329s | 캐시무효화 0.000s
[09-04 03:53:53] [PERF-SEASON] finalize_club_season 세부: finish_incomplete_matches=0.048s | promotion_relegation=1.285s
[09-04 03:53:53] [PERF-YEAR] 43주차(CLUB_SEASON_END_DAY) 세부: finalize_club_season=1.333s | promotion_playoffs=0.024s | PRAGMA optimize=0.000s
[09-04 03:53:53] [PERF-DAY] 43주차 300일차 처리 1.369s (stype='휴식' | 그주마지막날=False | 경기있음=False | 부상=False)
[09-04 03:53:53] [진행 총계] 1.39초
[09-04 03:53:53] [PERF-DAILYHOOK] 44주차 302일차: process_po_week 0.054s
[09-04 03:53:53] [PERF-DAY] 44주차 302일차 처리 0.055s (stype='고강도' | 그주마지막날=False | 경기있음=False | 부상=False)
[09-04 03:53:53] [PERF-DAILYHOOK] 44주차 304일차: process_po_week 0.055s
[09-04 03:53:53] [PERF-DAY] 44주차 304일차 처리 0.056s (stype='고강도' | 그주마지막날=False | 경기있음=False | 부상=False)
[09-04 03:53:53] [PERF-DAILYHOOK] 44주차 306일차: process_po_week 0.080s
[09-04 03:53:53] [PERF-DAY] 44주차 306일차 처리 0.081s (stype='고강도' | 그주마지막날=False | 경기있음=False | 부상=False)
[09-04 03:53:54] [PERF-DAILYHOOK] 46주차 316일차: process_intl_week 0.153s | process_cwc_week 0.000s
[09-04 03:53:54] [PERF-DAY] 46주차 316일차 처리 0.155s (stype='고강도' | 그주마지막날=False | 경기있음=False | 부상=False)
[09-04 03:53:54] [PERF-DAILYHOOK] 46주차 317일차: process_intl_week 0.135s | process_cwc_week 0.000s
[09-04 03:53:54] [PERF-DAY] 46주차 317일차 처리 0.136s (stype='휴식' | 그주마지막날=False | 경기있음=False | 부상=False)
[09-04 03:53:54] [PERF-DAILYHOOK] 46주차 318일차: process_intl_week 0.153s | process_cwc_week 0.000s
[09-04 03:53:54] [PERF-DAY] 46주차 318일차 처리 0.154s (stype='고강도' | 그주마지막날=False | 경기있음=False | 부상=False)
[09-04 03:53:54] [PERF-DAILYHOOK] 46주차 319일차: process_intl_week 0.145s | process_cwc_week 0.000s
[09-04 03:53:54] [PERF-DAY] 46주차 319일차 처리 0.146s (stype='휴식' | 그주마지막날=False | 경기있음=False | 부상=False)
[09-04 03:53:54] [진행 총계] 0.62초
[09-04 03:54:37] [PERF]   _end_of_season 세부: AI생애주기 41.49s (승강제 타이밍은 43주 _finalize_club_season으로 이동 — 여기 안 잡힘)
[09-04 03:54:39] [PERF]   일정생성 세부: 아카이브이동 0.88s | 완비판정조회 0.01s | 기존경기dedup조회 0.00s | 일정계산 0.21s | INSERT+commit 0.38s | (대상리그 710개, 신규경기 201400건)
[09-04 03:54:39] [PERF]   인덱스재생성 0.35s
[09-04 03:54:41] [PERF] 연도전환 총 44.94s (커리어정리 0.00s | _end_of_season 41.51s | 일정생성 1.84s | 파워랭킹 1.59s | PRAGMA optimize 0.00s)
[09-04 03:54:41] [PERF-WEEKTAIL] 52주차: _pay_salary 0.000s | _advance_week 44.945s
[09-04 03:54:41] [PERF-DAY] 52주차 364일차 처리 44.946s (stype='휴식' | 그주마지막날=True | 경기있음=False | 부상=False)
[09-04 03:54:41] [진행 총계] 44.95초
[09-04 04:45:45] [PERF]   일정생성 세부: 아카이브이동 0.00s | 완비판정조회 0.01s | 기존경기dedup조회 0.00s | 일정계산 0.21s | INSERT+commit 0.42s | (대상리그 710개, 신규경기 201400건)
[09-04 04:45:45] [PERF]   인덱스재생성 0.37s
[09-04 04:53:25] [PERF-DAY] 3주차 21일차 처리 0.419s (stype='고강도' | 그주마지막날=True | 경기있음=False | 부상=False)
[09-04 04:53:25] [진행 총계] 0.43초
[09-04 04:53:25] [AI리그] 4주차 4527경기, OVR캐시 0→9054) 세부: 경기조회 0.015s | 시뮬루프 0.378s | executemany(4527건) 0.011s | teams반영+commit 0.029s
[09-04 04:53:25] [주 마무리] 4주차 0.43s (국제대회 0.00s | 챔스 0.00s | 클럽WC 0.00s | 국내컵 0.00s | 리그시뮬 0.43s)
[09-04 04:53:25] [PERF-WEEKTAIL] 4주차: _pay_salary 0.000s | _advance_week 0.160s
[09-04 04:53:25] [PERF-DAY] 4주차 28일차 처리 0.596s (stype='고강도' | 그주마지막날=True | 경기있음=False | 부상=False)
[09-04 04:53:25] [진행 총계] 0.60초
[09-04 04:53:26] [AI리그] 5주차 5771경기, OVR캐시 11263→11393) 세부: 경기조회 0.015s | 시뮬루프 0.172s | executemany(5771건) 0.012s | teams반영+commit 0.031s
[09-04 04:53:26] [주 마무리] 5주차 0.34s (국제대회 0.00s | 챔스 0.00s | 클럽WC 0.00s | 국내컵 0.11s | 리그시뮬 0.23s)
[09-04 04:53:26] [PERF-DAY] 5주차 35일차 처리 0.345s (stype='고강도' | 그주마지막날=True | 경기있음=False | 부상=False)
[09-04 04:53:26] [진행 총계] 0.35초
[09-04 04:53:26] [AI리그] 6주차 5734경기, OVR캐시 11393→11393) 세부: 경기조회 0.016s | 시뮬루프 0.157s | executemany(5734건) 0.012s | teams반영+commit 0.034s
[09-04 04:53:26] [주 마무리] 6주차 0.33s (국제대회 0.00s | 챔스 0.00s | 클럽WC 0.00s | 국내컵 0.11s | 리그시뮬 0.22s)
[09-04 04:53:26] [PERF-DAY] 6주차 42일차 처리 0.336s (stype='고강도' | 그주마지막날=True | 경기있음=False | 부상=False)
[09-04 04:53:26] [진행 총계] 0.75초
[09-04 04:53:27] [AI리그] 7주차 5801경기, OVR캐시 11393→11393) 세부: 경기조회 0.014s | 시뮬루프 0.153s | executemany(5801건) 0.012s | teams반영+commit 0.036s
[09-04 04:53:27] [주 마무리] 7주차 0.31s (국제대회 0.00s | 챔스 0.00s | 클럽WC 0.00s | 국내컵 0.09s | 리그시뮬 0.22s)
[09-04 04:53:27] [PERF-DAY] 7주차 49일차 처리 0.352s (stype='고강도' | 그주마지막날=True | 경기있음=False | 부상=False)
[09-04 04:53:27] [진행 총계] 0.36초
[09-04 04:53:27] [AI리그] 8주차 5757경기, OVR캐시 11393→11393) 세부: 경기조회 0.014s | 시뮬루프 0.151s | executemany(5757건) 0.013s | teams반영+commit 0.040s
[09-04 04:53:27] [주 마무리] 8주차 0.22s (국제대회 0.00s | 챔스 0.00s | 클럽WC 0.00s | 국내컵 0.00s | 리그시뮬 0.22s)
[09-04 04:53:27] [PERF-DAY] 8주차 56일차 처리 0.224s (stype='고강도' | 그주마지막날=True | 경기있음=False | 부상=False)
[09-04 04:53:27] [AI리그] 9주차 5731경기, OVR캐시 11393→11393) 세부: 경기조회 0.014s | 시뮬루프 0.152s | executemany(5731건) 0.013s | teams반영+commit 0.040s
[09-04 04:53:27] [주 마무리] 9주차 0.25s (국제대회 0.00s | 챔스 0.03s | 클럽WC 0.00s | 국내컵 0.00s | 리그시뮬 0.22s)
[09-04 04:53:27] [PERF-DAY] 9주차 63일차 처리 0.252s (stype='고강도' | 그주마지막날=True | 경기있음=False | 부상=False)
[09-04 04:53:27] [AI리그] 10주차 5766경기, OVR캐시 11393→11393) 세부: 경기조회 0.013s | 시뮬루프 0.151s | executemany(5766건) 0.012s | teams반영+commit 0.037s
[09-04 04:53:27] [주 마무리] 10주차 0.24s (국제대회 0.00s | 챔스 0.02s | 클럽WC 0.00s | 국내컵 0.00s | 리그시뮬 0.22s)
[09-04 04:53:27] [PERF-DAY] 10주차 70일차 처리 0.242s (stype='고강도' | 그주마지막날=True | 경기있음=False | 부상=False)
[09-04 04:53:28] [진행 총계] 0.62초
[09-04 04:53:28] [AI리그] 11주차 5618경기, OVR캐시 11393→11393) 세부: 경기조회 0.014s | 시뮬루프 0.152s | executemany(5618건) 0.011s | teams반영+commit 0.030s
[09-04 04:53:28] [주 마무리] 11주차 0.23s (국제대회 0.00s | 챔스 0.02s | 클럽WC 0.00s | 국내컵 0.00s | 리그시뮬 0.21s)
[09-04 04:53:28] [PERF-DAY] 11주차 77일차 처리 0.235s (stype='고강도' | 그주마지막날=True | 경기있음=False | 부상=False)
[09-04 04:53:28] [AI리그] 12주차 5609경기, OVR캐시 11393→11393) 세부: 경기조회 0.014s | 시뮬루프 0.150s | executemany(5609건) 0.013s | teams반영+commit 0.039s
[09-04 04:53:28] [주 마무리] 12주차 0.24s (국제대회 0.00s | 챔스 0.02s | 클럽WC 0.00s | 국내컵 0.00s | 리그시뮬 0.22s)
[09-04 04:53:28] [PERF-DAY] 12주차 84일차 처리 0.245s (stype='고강도' | 그주마지막날=True | 경기있음=False | 부상=False)
[09-04 04:53:29] [AI리그] 13주차 5233경기, OVR캐시 11393→11393) 세부: 경기조회 0.013s | 시뮬루프 0.145s | executemany(5233건) 0.013s | teams반영+commit 0.036s
[09-04 04:53:29] [주 마무리] 13주차 0.23s (국제대회 0.00s | 챔스 0.02s | 클럽WC 0.00s | 국내컵 0.00s | 리그시뮬 0.21s)
[09-04 04:53:29] [PERF-DAY] 13주차 91일차 처리 0.236s (stype='고강도' | 그주마지막날=True | 경기있음=False | 부상=False)
[09-04 04:53:29] [AI리그] 14주차 5527경기, OVR캐시 11393→11393) 세부: 경기조회 0.013s | 시뮬루프 0.145s | executemany(5527건) 0.012s | teams반영+commit 0.033s
[09-04 04:53:29] [주 마무리] 14주차 0.23s (국제대회 0.00s | 챔스 0.02s | 클럽WC 0.00s | 국내컵 0.00s | 리그시뮬 0.20s)
[09-04 04:53:29] [PERF-DAY] 14주차 98일차 처리 0.231s (stype='고강도' | 그주마지막날=True | 경기있음=False | 부상=False)
[09-04 04:53:29] [진행 총계] 0.57초
[09-04 04:53:29] [AI리그] 15주차 5747경기, OVR캐시 11393→11393) 세부: 경기조회 0.013s | 시뮬루프 0.158s | executemany(5747건) 0.015s | teams반영+commit 0.037s
[09-04 04:53:29] [주 마무리] 15주차 0.25s (국제대회 0.00s | 챔스 0.03s | 클럽WC 0.00s | 국내컵 0.00s | 리그시뮬 0.22s)
[09-04 04:53:29] [PERF-DAY] 15주차 105일차 처리 0.252s (stype='고강도' | 그주마지막날=True | 경기있음=False | 부상=False)
[09-04 04:53:30] [AI리그] 16주차 5732경기, OVR캐시 11393→11393) 세부: 경기조회 0.012s | 시뮬루프 0.155s | executemany(5732건) 0.012s | teams반영+commit 0.029s
[09-04 04:53:30] [주 마무리] 16주차 0.26s (국제대회 0.00s | 챔스 0.05s | 클럽WC 0.00s | 국내컵 0.00s | 리그시뮬 0.21s)
[09-04 04:53:30] [PERF-DAY] 16주차 112일차 처리 0.258s (stype='고강도' | 그주마지막날=True | 경기있음=False | 부상=False)
[09-04 04:53:30] [AI리그] 17주차 5482경기, OVR캐시 11393→11393) 세부: 경기조회 0.011s | 시뮬루프 0.143s | executemany(5482건) 0.011s | teams반영+commit 0.027s
[09-04 04:53:30] [주 마무리] 17주차 0.20s (국제대회 0.00s | 챔스 0.00s | 클럽WC 0.00s | 국내컵 0.00s | 리그시뮬 0.19s)
[09-04 04:53:30] [PERF-DAY] 17주차 119일차 처리 0.199s (stype='고강도' | 그주마지막날=True | 경기있음=False | 부상=False)
[09-04 04:53:30] [AI리그] 18주차 5384경기, OVR캐시 11393→11393) 세부: 경기조회 0.011s | 시뮬루프 0.143s | executemany(5384건) 0.013s | teams반영+commit 0.035s
[09-04 04:53:30] [주 마무리] 18주차 0.23s (국제대회 0.00s | 챔스 0.03s | 클럽WC 0.00s | 국내컵 0.00s | 리그시뮬 0.20s)
[09-04 04:53:30] [PERF-DAY] 18주차 126일차 처리 0.231s (stype='고강도' | 그주마지막날=True | 경기있음=False | 부상=False)
[09-04 04:53:30] [진행 총계] 0.56초
[09-04 04:53:31] [AI리그] 19주차 3886경기, OVR캐시 11393→11393) 세부: 경기조회 0.010s | 시뮬루프 0.103s | executemany(3886건) 0.009s | teams반영+commit 0.026s
[09-04 04:53:31] [주 마무리] 19주차 0.15s (국제대회 0.00s | 챔스 0.00s | 클럽WC 0.00s | 국내컵 0.00s | 리그시뮬 0.15s)
[09-04 04:53:31] [PERF-DAY] 19주차 133일차 처리 0.154s (stype='고강도' | 그주마지막날=True | 경기있음=False | 부상=False)
[09-04 04:53:31] [AI리그] 20주차 3343경기, OVR캐시 11393→11393) 세부: 경기조회 0.009s | 시뮬루프 0.089s | executemany(3343건) 0.008s | teams반영+commit 0.021s
[09-04 04:53:31] [주 마무리] 20주차 0.15s (국제대회 0.00s | 챔스 0.02s | 클럽WC 0.00s | 국내컵 0.00s | 리그시뮬 0.13s)
[09-04 04:53:31] [PERF-DAY] 20주차 140일차 처리 0.151s (stype='고강도' | 그주마지막날=True | 경기있음=False | 부상=False)
[09-04 04:53:31] [AI리그] 21주차 2934경기, OVR캐시 11393→11393) 세부: 경기조회 0.009s | 시뮬루프 0.080s | executemany(2934건) 0.007s | teams반영+commit 0.018s
[09-04 04:53:31] [주 마무리] 21주차 0.13s (국제대회 0.00s | 챔스 0.01s | 클럽WC 0.00s | 국내컵 0.00s | 리그시뮬 0.12s)
[09-04 04:53:31] [PERF-DAY] 21주차 147일차 처리 0.132s (stype='고강도' | 그주마지막날=True | 경기있음=False | 부상=False)
[09-04 04:53:31] [AI리그] 22주차 2779경기, OVR캐시 11393→11393) 세부: 경기조회 0.009s | 시뮬루프 0.077s | executemany(2779건) 0.007s | teams반영+commit 0.018s
[09-04 04:53:31] [주 마무리] 22주차 0.12s (국제대회 0.00s | 챔스 0.01s | 클럽WC 0.00s | 국내컵 0.00s | 리그시뮬 0.11s)
[09-04 04:53:31] [PERF-DAY] 22주차 154일차 처리 0.125s (stype='고강도' | 그주마지막날=True | 경기있음=False | 부상=False)
[09-04 04:53:31] [진행 총계] 0.56초
[09-04 04:53:32] [AI리그] 23주차 2291경기, OVR캐시 11393→11393) 세부: 경기조회 0.009s | 시뮬루프 0.060s | executemany(2291건) 0.006s | teams반영+commit 0.013s
[09-04 04:53:32] [주 마무리] 23주차 0.10s (국제대회 0.00s | 챔스 0.01s | 클럽WC 0.00s | 국내컵 0.00s | 리그시뮬 0.09s)
[09-04 04:53:32] [PERF-DAY] 23주차 161일차 처리 0.108s (stype='고강도' | 그주마지막날=True | 경기있음=False | 부상=False)
[09-04 04:53:32] [AI리그] 24주차 2602경기, OVR캐시 11393→11393) 세부: 경기조회 0.008s | 시뮬루프 0.051s | executemany(2602건) 0.006s | teams반영+commit 0.011s
[09-04 04:53:32] [주 마무리] 24주차 0.08s (국제대회 0.00s | 챔스 0.00s | 클럽WC 0.00s | 국내컵 0.00s | 리그시뮬 0.08s)
[09-04 04:53:32] [PERF-DAY] 24주차 168일차 처리 0.080s (stype='고강도' | 그주마지막날=True | 경기있음=False | 부상=False)
[09-04 04:53:32] [PERF-DAILYHOOK] 25주차 169일차: process_intl_week 0.420s | process_cwc_week 0.000s
[09-04 04:53:32] [PERF-DAY] 25주차 169일차 처리 0.422s (stype='휴식' | 그주마지막날=False | 경기있음=False | 부상=False)
[09-04 04:53:32] [진행 총계] 0.52초
[09-04 04:53:33] [PERF-DAILYHOOK] 27주차 183일차: process_intl_week 0.400s | process_cwc_week 0.000s
[09-04 04:53:33] [PERF-DAY] 27주차 183일차 처리 0.411s (stype='휴식' | 그주마지막날=False | 경기있음=False | 부상=False)
[09-04 04:53:33] [진행 총계] 0.44초
[09-04 04:53:35] [PERF-WEEKTAIL] 28주차: _pay_salary 0.000s | _advance_week 2.770s
[09-04 04:53:35] [PERF-DAY] 28주차 196일차 처리 2.780s (stype='고강도' | 그주마지막날=True | 경기있음=False | 부상=False)
[09-04 04:53:35] [진행 총계] 2.79초
[09-04 04:53:36] [AI리그] 29주차 4943경기, OVR캐시 11393→11393) 세부: 경기조회 0.010s | 시뮬루프 0.132s | executemany(4943건) 0.012s | teams반영+commit 0.031s
[09-04 04:53:36] [주 마무리] 29주차 0.19s (국제대회 0.00s | 챔스 0.00s | 클럽WC 0.00s | 국내컵 0.00s | 리그시뮬 0.19s)
[09-04 04:53:36] [PERF-DAY] 29주차 203일차 처리 0.188s (stype='고강도' | 그주마지막날=True | 경기있음=False | 부상=False)
[09-04 04:53:36] [AI리그] 30주차 6683경기, OVR캐시 11393→11393) 세부: 경기조회 0.010s | 시뮬루프 0.164s | executemany(6683건) 0.015s | teams반영+commit 0.037s
[09-04 04:53:36] [주 마무리] 30주차 0.29s (국제대회 0.00s | 챔스 0.00s | 클럽WC 0.00s | 국내컵 0.07s | 리그시뮬 0.23s)
[09-04 04:53:36] [PERF-DAY] 30주차 210일차 처리 0.296s (stype='고강도' | 그주마지막날=True | 경기있음=False | 부상=False)
[09-04 04:53:36] [진행 총계] 0.74초
[09-04 04:53:37] [AI리그] 31주차 6722경기, OVR캐시 11393→11393) 세부: 경기조회 0.010s | 시뮬루프 0.161s | executemany(6722건) 0.014s | teams반영+commit 0.034s
[09-04 04:53:37] [주 마무리] 31주차 0.22s (국제대회 0.00s | 챔스 0.00s | 클럽WC 0.00s | 국내컵 0.00s | 리그시뮬 0.22s)
[09-04 04:53:37] [PERF-DAY] 31주차 217일차 처리 0.224s (stype='고강도' | 그주마지막날=True | 경기있음=False | 부상=False)
[09-04 04:53:37] [AI리그] 32주차 6569경기, OVR캐시 11393→11393) 세부: 경기조회 0.009s | 시뮬루프 0.163s | executemany(6569건) 0.015s | teams반영+commit 0.036s
[09-04 04:53:37] [주 마무리] 32주차 0.29s (국제대회 0.00s | 챔스 0.00s | 클럽WC 0.00s | 국내컵 0.06s | 리그시뮬 0.22s)
[09-04 04:53:37] [PERF-DAY] 32주차 224일차 처리 0.289s (stype='고강도' | 그주마지막날=True | 경기있음=False | 부상=False)
[09-04 04:53:37] [AI리그] 33주차 6949경기, OVR캐시 11393→11393) 세부: 경기조회 0.009s | 시뮬루프 0.162s | executemany(6949건) 0.015s | teams반영+commit 0.033s
[09-04 04:53:37] [주 마무리] 33주차 0.22s (국제대회 0.00s | 챔스 0.00s | 클럽WC 0.00s | 국내컵 0.00s | 리그시뮬 0.22s)
[09-04 04:53:37] [PERF-DAY] 33주차 231일차 처리 0.222s (stype='고강도' | 그주마지막날=True | 경기있음=False | 부상=False)
[09-04 04:53:37] [AI리그] 34주차 6515경기, OVR캐시 11393→11393) 세부: 경기조회 0.008s | 시뮬루프 0.163s | executemany(6515건) 0.015s | teams반영+commit 0.038s
[09-04 04:53:37] [주 마무리] 34주차 0.27s (국제대회 0.00s | 챔스 0.00s | 클럽WC 0.00s | 국내컵 0.05s | 리그시뮬 0.23s)
[09-04 04:53:37] [PERF-DAY] 34주차 238일차 처리 0.274s (stype='고강도' | 그주마지막날=True | 경기있음=False | 부상=False)
[09-04 04:53:38] [진행 총계] 0.62초
[09-04 04:53:38] [AI리그] 35주차 6888경기, OVR캐시 11393→11393) 세부: 경기조회 0.009s | 시뮬루프 0.164s | executemany(6888건) 0.016s | teams반영+commit 0.037s
[09-04 04:53:38] [주 마무리] 35주차 0.23s (국제대회 0.00s | 챔스 0.00s | 클럽WC 0.00s | 국내컵 0.00s | 리그시뮬 0.23s)
[09-04 04:53:38] [PERF-DAY] 35주차 245일차 처리 0.230s (stype='고강도' | 그주마지막날=True | 경기있음=False | 부상=False)
[09-04 04:53:38] [AI리그] 36주차 7137경기, OVR캐시 11393→11393) 세부: 경기조회 0.008s | 시뮬루프 0.165s | executemany(7137건) 0.015s | teams반영+commit 0.036s
[09-04 04:53:38] [주 마무리] 36주차 0.27s (국제대회 0.00s | 챔스 0.00s | 클럽WC 0.00s | 국내컵 0.04s | 리그시뮬 0.23s)
[09-04 04:53:38] [PERF-DAY] 36주차 252일차 처리 0.271s (stype='고강도' | 그주마지막날=True | 경기있음=False | 부상=False)
[09-04 04:53:39] [AI리그] 37주차 6556경기, OVR캐시 11393→11393) 세부: 경기조회 0.007s | 시뮬루프 0.159s | executemany(6556건) 0.013s | teams반영+commit 0.030s
[09-04 04:53:39] [주 마무리] 37주차 0.21s (국제대회 0.00s | 챔스 0.00s | 클럽WC 0.00s | 국내컵 0.00s | 리그시뮬 0.21s)
[09-04 04:53:39] [PERF-DAY] 37주차 259일차 처리 0.214s (stype='고강도' | 그주마지막날=True | 경기있음=False | 부상=False)
[09-04 04:53:39] [AI리그] 38주차 6730경기, OVR캐시 11393→11393) 세부: 경기조회 0.007s | 시뮬루프 0.162s | executemany(6730건) 0.013s | teams반영+commit 0.031s
[09-04 04:53:39] [주 마무리] 38주차 0.27s (국제대회 0.00s | 챔스 0.00s | 클럽WC 0.00s | 국내컵 0.06s | 리그시뮬 0.21s)
[09-04 04:53:39] [PERF-DAY] 38주차 266일차 처리 0.275s (stype='고강도' | 그주마지막날=True | 경기있음=False | 부상=False)
[09-04 04:53:39] [PERF-DISPATCH] 39주차 267일차 경기/훈련 처리 0.271s (stype='휴식')
[09-04 04:53:39] [PERF-DAY] 39주차 267일차 처리 0.280s (stype='휴식' | 그주마지막날=False | 경기있음=False | 부상=False)
[09-04 04:53:39] [진행 총계] 0.64초
[09-04 04:53:39] [AI리그] 39주차 6855경기, OVR캐시 11393→11393) 세부: 경기조회 0.008s | 시뮬루프 0.163s | executemany(6855건) 0.014s | teams반영+commit 0.033s
[09-04 04:53:39] [주 마무리] 39주차 0.22s (국제대회 0.00s | 챔스 0.00s | 클럽WC 0.00s | 국내컵 0.00s | 리그시뮬 0.22s)
[09-04 04:53:39] [PERF-DAY] 39주차 273일차 처리 0.221s (stype='고강도' | 그주마지막날=True | 경기있음=False | 부상=False)
[09-04 04:53:40] [AI리그] 40주차 6844경기, OVR캐시 11393→11393) 세부: 경기조회 0.006s | 시뮬루프 0.160s | executemany(6844건) 0.013s | teams반영+commit 0.031s
[09-04 04:53:40] [주 마무리] 40주차 0.24s (국제대회 0.00s | 챔스 0.00s | 클럽WC 0.00s | 국내컵 0.02s | 리그시뮬 0.21s)
[09-04 04:53:40] [PERF-DAY] 40주차 280일차 처리 0.237s (stype='고강도' | 그주마지막날=True | 경기있음=False | 부상=False)
[09-04 04:53:40] [AI리그] 41주차 6841경기, OVR캐시 11393→11393) 세부: 경기조회 0.005s | 시뮬루프 0.161s | executemany(6841건) 0.014s | teams반영+commit 0.031s
[09-04 04:53:40] [주 마무리] 41주차 0.21s (국제대회 0.00s | 챔스 0.00s | 클럽WC 0.00s | 국내컵 0.00s | 리그시뮬 0.21s)
[09-04 04:53:40] [PERF-DAY] 41주차 287일차 처리 0.215s (stype='고강도' | 그주마지막날=True | 경기있음=False | 부상=False)
[09-04 04:53:40] [AI리그] 42주차 6742경기, OVR캐시 11393→11393) 세부: 경기조회 0.005s | 시뮬루프 0.153s | executemany(6742건) 0.013s | teams반영+commit 0.028s
[09-04 04:53:40] [주 마무리] 42주차 0.21s (국제대회 0.00s | 챔스 0.00s | 클럽WC 0.00s | 국내컵 0.01s | 리그시뮬 0.20s)
[09-04 04:53:40] [PERF-DAY] 42주차 294일차 처리 0.207s (stype='고강도' | 그주마지막날=True | 경기있음=False | 부상=False)
[09-04 04:53:42] [PERF-PROMO] _process_promotion_relegation 세부: my_player/season조회 0.001s | teams+leagues조회 0.012s | standings계산(710개리그) 0.281s | ai_players OVR스캔 0.203s | 승강판정루프(211개국) 0.025s | executemany(1212건) 0.014s | 리스케일(1212건) 0.335s | commit/close 0.307s | 캐시무효화 0.000s
[09-04 04:53:42] [PERF-SEASON] finalize_club_season 세부: finish_incomplete_matches=0.043s | promotion_relegation=1.186s
[09-04 04:53:42] [PERF-YEAR] 43주차(CLUB_SEASON_END_DAY) 세부: finalize_club_season=1.229s | promotion_playoffs=0.024s | PRAGMA optimize=0.005s
[09-04 04:53:42] [PERF-DAY] 43주차 300일차 처리 1.274s (stype='휴식' | 그주마지막날=False | 경기있음=False | 부상=False)
[09-04 04:53:42] [진행 총계] 1.82초
[09-04 04:53:42] [PERF-DAILYHOOK] 44주차 306일차: process_po_week 0.067s
[09-04 04:53:42] [PERF-DAY] 44주차 306일차 처리 0.068s (stype='휴식' | 그주마지막날=False | 경기있음=False | 부상=False)
[09-04 04:53:42] [PERF-DAILYHOOK] 46주차 316일차: process_intl_week 0.149s | process_cwc_week 0.000s
[09-04 04:53:42] [PERF-DAY] 46주차 316일차 처리 0.150s (stype='휴식' | 그주마지막날=False | 경기있음=False | 부상=False)
[09-04 04:53:42] [PERF-DAILYHOOK] 46주차 317일차: process_intl_week 0.142s | process_cwc_week 0.000s
[09-04 04:53:42] [PERF-DAY] 46주차 317일차 처리 0.143s (stype='고강도' | 그주마지막날=False | 경기있음=False | 부상=False)
[09-04 04:53:42] [PERF-DAILYHOOK] 46주차 318일차: process_intl_week 0.141s | process_cwc_week 0.000s
[09-04 04:53:42] [PERF-DAY] 46주차 318일차 처리 0.143s (stype='휴식' | 그주마지막날=False | 경기있음=False | 부상=False)
[09-04 04:53:42] [PERF-DAILYHOOK] 46주차 319일차: process_intl_week 0.135s | process_cwc_week 0.000s
[09-04 04:53:42] [PERF-DAY] 46주차 319일차 처리 0.136s (stype='고강도' | 그주마지막날=False | 경기있음=False | 부상=False)
[09-04 04:53:42] [진행 총계] 0.59초
[09-04 04:53:43] [PERF-DISPATCH] 47주차 323일차 경기/훈련 처리 0.148s (stype='휴식')
[09-04 04:53:43] [PERF-DAILYHOOK] 47주차 323일차: process_intl_week 0.434s | process_cwc_week 0.000s
[09-04 04:53:43] [PERF-DAY] 47주차 323일차 처리 0.589s (stype='휴식' | 그주마지막날=False | 경기있음=False | 부상=False)
[09-04 04:53:43] [진행 총계] 0.63초
[09-04 04:53:44] [PERF-DAY] 51주차 351일차 처리 0.411s (stype='휴식' | 그주마지막날=False | 경기있음=False | 부상=False)
[09-04 04:53:44] [진행 총계] 0.43초
[09-04 04:53:44] [PERF]   _end_of_season 세부: AI생애주기 0.01s (승강제 타이밍은 43주 _finalize_club_season으로 이동 — 여기 안 잡힘)
[09-04 04:53:47] [PERF]   일정생성 세부: 아카이브이동 2.71s | 완비판정조회 0.01s | 기존경기dedup조회 0.00s | 일정계산 0.21s | INSERT+commit 0.40s | (대상리그 710개, 신규경기 201400건)
[09-04 04:53:47] [PERF]   인덱스재생성 0.34s
[09-04 04:53:49] [PERF] 연도전환 총 5.52s (커리어정리 0.00s | _end_of_season 0.03s | 일정생성 3.68s | 파워랭킹 1.81s | PRAGMA optimize 0.01s)
[09-04 04:53:49] [PERF-WEEKTAIL] 52주차: _pay_salary 0.000s | _advance_week 5.519s
[09-04 04:53:49] [PERF-DAY] 52주차 364일차 처리 5.521s (stype='고강도' | 그주마지막날=True | 경기있음=False | 부상=False)
[09-04 04:53:49] [진행 총계] 5.52초
[09-04 04:53:50] [AI리그] 4주차 4527경기, OVR캐시 0→9054) 세부: 경기조회 0.015s | 시뮬루프 0.283s | executemany(4527건) 0.010s | teams반영+commit 0.025s
[09-04 04:53:50] [주 마무리] 4주차 0.33s (국제대회 0.00s | 챔스 0.00s | 클럽WC 0.00s | 국내컵 0.00s | 리그시뮬 0.33s)
[09-04 04:53:50] [PERF-WEEKTAIL] 4주차: _pay_salary 0.000s | _advance_week 0.166s
[09-04 04:53:50] [PERF-DAY] 4주차 28일차 처리 0.502s (stype='휴식' | 그주마지막날=True | 경기있음=False | 부상=False)
[09-04 04:53:50] [진행 총계] 0.51초
[09-04 04:53:50] [AI리그] 5주차 5771경기, OVR캐시 11263→11393) 세부: 경기조회 0.015s | 시뮬루프 0.067s | executemany(5771건) 0.012s | teams반영+commit 0.037s
[09-04 04:53:50] [주 마무리] 5주차 0.26s (국제대회 0.00s | 챔스 0.00s | 클럽WC 0.00s | 국내컵 0.12s | 리그시뮬 0.13s)
[09-04 04:53:50] [PERF-DAY] 5주차 35일차 처리 0.258s (stype='휴식' | 그주마지막날=True | 경기있음=False | 부상=False)
[09-04 04:53:51] [AI리그] 6주차 5734경기, OVR캐시 11393→11393) 세부: 경기조회 0.015s | 시뮬루프 0.041s | executemany(5734건) 0.013s | teams반영+commit 0.040s
[09-04 04:53:51] [주 마무리] 6주차 0.23s (국제대회 0.00s | 챔스 0.00s | 클럽WC 0.00s | 국내컵 0.12s | 리그시뮬 0.11s)
[09-04 04:53:51] [PERF-DAY] 6주차 42일차 처리 0.234s (stype='휴식' | 그주마지막날=True | 경기있음=False | 부상=False)
[09-04 04:53:51] [AI리그] 7주차 5801경기, OVR캐시 11393→11393) 세부: 경기조회 0.016s | 시뮬루프 0.047s | executemany(5801건) 0.013s | teams반영+commit 0.042s
[09-04 04:53:51] [주 마무리] 7주차 0.21s (국제대회 0.00s | 챔스 0.00s | 클럽WC 0.00s | 국내컵 0.09s | 리그시뮬 0.12s)
[09-04 04:53:51] [PERF-DAY] 7주차 49일차 처리 0.275s (stype='휴식' | 그주마지막날=True | 경기있음=False | 부상=False)
[09-04 04:53:51] [AI리그] 8주차 5757경기, OVR캐시 11393→11393) 세부: 경기조회 0.015s | 시뮬루프 0.043s | executemany(5757건) 0.013s | teams반영+commit 0.041s
[09-04 04:53:51] [주 마무리] 8주차 0.12s (국제대회 0.00s | 챔스 0.00s | 클럽WC 0.00s | 국내컵 0.00s | 리그시뮬 0.11s)
[09-04 04:53:51] [PERF-DAY] 8주차 56일차 처리 0.118s (stype='휴식' | 그주마지막날=True | 경기있음=False | 부상=False)
[09-04 04:53:52] [AI리그] 9주차 5731경기, OVR캐시 11393→11393) 세부: 경기조회 0.014s | 시뮬루프 0.043s | executemany(5731건) 0.013s | teams반영+commit 0.039s
[09-04 04:53:52] [주 마무리] 9주차 0.14s (국제대회 0.00s | 챔스 0.03s | 클럽WC 0.00s | 국내컵 0.00s | 리그시뮬 0.11s)
[09-04 04:53:52] [PERF-DAY] 9주차 63일차 처리 0.143s (stype='휴식' | 그주마지막날=True | 경기있음=False | 부상=False)
[09-04 04:53:52] [AI리그] 10주차 5766경기, OVR캐시 11393→11393) 세부: 경기조회 0.014s | 시뮬루프 0.046s | executemany(5766건) 0.013s | teams반영+commit 0.039s
[09-04 04:53:52] [주 마무리] 10주차 0.14s (국제대회 0.00s | 챔스 0.02s | 클럽WC 0.00s | 국내컵 0.00s | 리그시뮬 0.11s)
[09-04 04:53:52] [PERF-DAY] 10주차 70일차 처리 0.140s (stype='휴식' | 그주마지막날=True | 경기있음=False | 부상=False)
[09-04 04:53:52] [AI리그] 11주차 5618경기, OVR캐시 11393→11393) 세부: 경기조회 0.014s | 시뮬루프 0.040s | executemany(5618건) 0.012s | teams반영+commit 0.036s
[09-04 04:53:52] [주 마무리] 11주차 0.13s (국제대회 0.00s | 챔스 0.02s | 클럽WC 0.00s | 국내컵 0.00s | 리그시뮬 0.10s)
[09-04 04:53:52] [PERF-DAY] 11주차 77일차 처리 0.130s (stype='휴식' | 그주마지막날=True | 경기있음=False | 부상=False)
[09-04 04:53:52] [AI리그] 12주차 5609경기, OVR캐시 11393→11393) 세부: 경기조회 0.014s | 시뮬루프 0.042s | executemany(5609건) 0.012s | teams반영+commit 0.038s
[09-04 04:53:52] [주 마무리] 12주차 0.13s (국제대회 0.00s | 챔스 0.03s | 클럽WC 0.00s | 국내컵 0.00s | 리그시뮬 0.11s)
[09-04 04:53:52] [PERF-DAY] 12주차 84일차 처리 0.135s (stype='휴식' | 그주마지막날=True | 경기있음=False | 부상=False)
[09-04 04:53:53] [AI리그] 13주차 5233경기, OVR캐시 11393→11393) 세부: 경기조회 0.013s | 시뮬루프 0.042s | executemany(5233건) 0.012s | teams반영+commit 0.033s
[09-04 04:53:53] [주 마무리] 13주차 0.13s (국제대회 0.00s | 챔스 0.02s | 클럽WC 0.00s | 국내컵 0.00s | 리그시뮬 0.10s)
[09-04 04:53:53] [PERF-DAY] 13주차 91일차 처리 0.129s (stype='휴식' | 그주마지막날=True | 경기있음=False | 부상=False)
[09-04 04:53:53] [AI리그] 14주차 5527경기, OVR캐시 11393→11393) 세부: 경기조회 0.013s | 시뮬루프 0.039s | executemany(5527건) 0.012s | teams반영+commit 0.034s
[09-04 04:53:53] [주 마무리] 14주차 0.13s (국제대회 0.00s | 챔스 0.02s | 클럽WC 0.00s | 국내컵 0.00s | 리그시뮬 0.10s)
[09-04 04:53:53] [PERF-DAY] 14주차 98일차 처리 0.127s (stype='휴식' | 그주마지막날=True | 경기있음=False | 부상=False)
[09-04 04:53:53] [AI리그] 15주차 5747경기, OVR캐시 11393→11393) 세부: 경기조회 0.012s | 시뮬루프 0.042s | executemany(5747건) 0.013s | teams반영+commit 0.037s
[09-04 04:53:53] [주 마무리] 15주차 0.13s (국제대회 0.00s | 챔스 0.02s | 클럽WC 0.00s | 국내컵 0.00s | 리그시뮬 0.11s)
[09-04 04:53:53] [PERF-DAY] 15주차 105일차 처리 0.134s (stype='휴식' | 그주마지막날=True | 경기있음=False | 부상=False)
[09-04 04:53:53] [AI리그] 16주차 5732경기, OVR캐시 11393→11393) 세부: 경기조회 0.013s | 시뮬루프 0.046s | executemany(5732건) 0.015s | teams반영+commit 0.042s
[09-04 04:53:53] [주 마무리] 16주차 0.17s (국제대회 0.00s | 챔스 0.05s | 클럽WC 0.00s | 국내컵 0.00s | 리그시뮬 0.12s)
[09-04 04:53:53] [PERF-DAY] 16주차 112일차 처리 0.171s (stype='휴식' | 그주마지막날=True | 경기있음=False | 부상=False)
[09-04 04:53:54] [AI리그] 17주차 5482경기, OVR캐시 11393→11393) 세부: 경기조회 0.012s | 시뮬루프 0.042s | executemany(5482건) 0.013s | teams반영+commit 0.035s
[09-04 04:53:54] [주 마무리] 17주차 0.11s (국제대회 0.00s | 챔스 0.00s | 클럽WC 0.00s | 국내컵 0.00s | 리그시뮬 0.10s)
[09-04 04:53:54] [PERF-DAY] 17주차 119일차 처리 0.107s (stype='휴식' | 그주마지막날=True | 경기있음=False | 부상=False)
[09-04 04:53:54] [AI리그] 18주차 5384경기, OVR캐시 11393→11393) 세부: 경기조회 0.012s | 시뮬루프 0.042s | executemany(5384건) 0.013s | teams반영+commit 0.035s
[09-04 04:53:54] [주 마무리] 18주차 0.13s (국제대회 0.00s | 챔스 0.03s | 클럽WC 0.00s | 국내컵 0.00s | 리그시뮬 0.10s)
[09-04 04:53:54] [PERF-DAY] 18주차 126일차 처리 0.133s (stype='휴식' | 그주마지막날=True | 경기있음=False | 부상=False)
[09-04 04:53:54] [AI리그] 19주차 3886경기, OVR캐시 11393→11393) 세부: 경기조회 0.012s | 시뮬루프 0.033s | executemany(3886건) 0.009s | teams반영+commit 0.022s
[09-04 04:53:54] [주 마무리] 19주차 0.08s (국제대회 0.00s | 챔스 0.00s | 클럽WC 0.00s | 국내컵 0.00s | 리그시뮬 0.08s)
[09-04 04:53:54] [PERF-DAY] 19주차 133일차 처리 0.082s (stype='휴식' | 그주마지막날=True | 경기있음=False | 부상=False)
[09-04 04:53:54] [AI리그] 20주차 3343경기, OVR캐시 11393→11393) 세부: 경기조회 0.009s | 시뮬루프 0.025s | executemany(3343건) 0.008s | teams반영+commit 0.022s
[09-04 04:53:54] [주 마무리] 20주차 0.09s (국제대회 0.00s | 챔스 0.02s | 클럽WC 0.00s | 국내컵 0.00s | 리그시뮬 0.07s)
[09-04 04:53:54] [PERF-DAY] 20주차 140일차 처리 0.087s (stype='휴식' | 그주마지막날=True | 경기있음=False | 부상=False)
[09-04 04:53:54] [AI리그] 21주차 2934경기, OVR캐시 11393→11393) 세부: 경기조회 0.009s | 시뮬루프 0.022s | executemany(2934건) 0.007s | teams반영+commit 0.020s
[09-04 04:53:54] [주 마무리] 21주차 0.07s (국제대회 0.00s | 챔스 0.01s | 클럽WC 0.00s | 국내컵 0.00s | 리그시뮬 0.06s)
[09-04 04:53:54] [PERF-DAY] 21주차 147일차 처리 0.075s (stype='휴식' | 그주마지막날=True | 경기있음=False | 부상=False)
[09-04 04:53:54] [AI리그] 22주차 2779경기, OVR캐시 11393→11393) 세부: 경기조회 0.009s | 시뮬루프 0.021s | executemany(2779건) 0.007s | teams반영+commit 0.017s
[09-04 04:53:54] [주 마무리] 22주차 0.07s (국제대회 0.00s | 챔스 0.01s | 클럽WC 0.00s | 국내컵 0.00s | 리그시뮬 0.06s)
[09-04 04:53:54] [PERF-DAY] 22주차 154일차 처리 0.069s (stype='휴식' | 그주마지막날=True | 경기있음=False | 부상=False)
[09-04 04:53:55] [AI리그] 23주차 2291경기, OVR캐시 11393→11393) 세부: 경기조회 0.009s | 시뮬루프 0.024s | executemany(2291건) 0.006s | teams반영+commit 0.015s
[09-04 04:53:55] [주 마무리] 23주차 0.07s (국제대회 0.00s | 챔스 0.01s | 클럽WC 0.00s | 국내컵 0.00s | 리그시뮬 0.06s)
[09-04 04:53:55] [PERF-DAY] 23주차 161일차 처리 0.081s (stype='휴식' | 그주마지막날=True | 경기있음=False | 부상=False)
[09-04 04:53:55] [PERF-DAILYHOOK] 25주차 169일차: process_intl_week 0.578s | process_cwc_week 0.000s
[09-04 04:53:55] [PERF-DAY] 25주차 169일차 처리 0.580s (stype='고강도' | 그주마지막날=False | 경기있음=False | 부상=False)
[09-04 04:53:55] [진행 총계] 0.61초
[09-04 04:53:56] [PERF-DAILYHOOK] 27주차 189일차: process_intl_week 0.054s | process_cwc_week 0.000s
[09-04 04:53:56] [PERF-DAY] 27주차 189일차 처리 0.065s (stype='휴식' | 그주마지막날=True | 경기있음=False | 부상=False)
[09-04 04:53:59] [PERF-WEEKTAIL] 28주차: _pay_salary 0.000s | _advance_week 2.661s
[09-04 04:53:59] [PERF-DAY] 28주차 196일차 처리 2.674s (stype='휴식' | 그주마지막날=True | 경기있음=False | 부상=False)
[09-04 04:53:59] [진행 총계] 2.68초
[09-04 04:53:59] [AI리그] 29주차 4943경기, OVR캐시 11393→11393) 세부: 경기조회 0.010s | 시뮬루프 0.038s | executemany(4943건) 0.012s | teams반영+commit 0.029s
[09-04 04:53:59] [주 마무리] 29주차 0.09s (국제대회 0.00s | 챔스 0.00s | 클럽WC 0.00s | 국내컵 0.00s | 리그시뮬 0.09s)
[09-04 04:53:59] [PERF-DAY] 29주차 203일차 처리 0.093s (stype='휴식' | 그주마지막날=True | 경기있음=False | 부상=False)
[09-04 04:53:59] [AI리그] 30주차 6683경기, OVR캐시 11393→11393) 세부: 경기조회 0.010s | 시뮬루프 0.046s | executemany(6683건) 0.015s | teams반영+commit 0.035s
[09-04 04:53:59] [주 마무리] 30주차 0.18s (국제대회 0.00s | 챔스 0.00s | 클럽WC 0.00s | 국내컵 0.07s | 리그시뮬 0.11s)
[09-04 04:53:59] [PERF-DAY] 30주차 210일차 처리 0.177s (stype='휴식' | 그주마지막날=True | 경기있음=False | 부상=False)
[09-04 04:54:00] [AI리그] 31주차 6722경기, OVR캐시 11393→11393) 세부: 경기조회 0.011s | 시뮬루프 0.047s | executemany(6722건) 0.017s | teams반영+commit 0.040s
[09-04 04:54:00] [주 마무리] 31주차 0.12s (국제대회 0.00s | 챔스 0.00s | 클럽WC 0.00s | 국내컵 0.00s | 리그시뮬 0.12s)
[09-04 04:54:00] [PERF-DAY] 31주차 217일차 처리 0.120s (stype='휴식' | 그주마지막날=True | 경기있음=False | 부상=False)
[09-04 04:54:00] [AI리그] 32주차 6569경기, OVR캐시 11393→11393) 세부: 경기조회 0.010s | 시뮬루프 0.046s | executemany(6569건) 0.016s | teams반영+commit 0.037s
[09-04 04:54:00] [주 마무리] 32주차 0.18s (국제대회 0.00s | 챔스 0.00s | 클럽WC 0.00s | 국내컵 0.07s | 리그시뮬 0.11s)
[09-04 04:54:00] [PERF-DAY] 32주차 224일차 처리 0.178s (stype='휴식' | 그주마지막날=True | 경기있음=False | 부상=False)
[09-04 04:54:00] [AI리그] 33주차 6949경기, OVR캐시 11393→11393) 세부: 경기조회 0.009s | 시뮬루프 0.048s | executemany(6949건) 0.018s | teams반영+commit 0.039s
[09-04 04:54:00] [주 마무리] 33주차 0.12s (국제대회 0.00s | 챔스 0.00s | 클럽WC 0.00s | 국내컵 0.00s | 리그시뮬 0.12s)
[09-04 04:54:00] [PERF-DAY] 33주차 231일차 처리 0.120s (stype='휴식' | 그주마지막날=True | 경기있음=False | 부상=False)
[09-04 04:54:00] [AI리그] 34주차 6515경기, OVR캐시 11393→11393) 세부: 경기조회 0.009s | 시뮬루프 0.047s | executemany(6515건) 0.015s | teams반영+commit 0.038s
[09-04 04:54:00] [주 마무리] 34주차 0.16s (국제대회 0.00s | 챔스 0.00s | 클럽WC 0.00s | 국내컵 0.05s | 리그시뮬 0.11s)
[09-04 04:54:00] [PERF-DAY] 34주차 238일차 처리 0.161s (stype='휴식' | 그주마지막날=True | 경기있음=False | 부상=False)
[09-04 04:54:01] [AI리그] 35주차 6888경기, OVR캐시 11393→11393) 세부: 경기조회 0.009s | 시뮬루프 0.049s | executemany(6888건) 0.015s | teams반영+commit 0.038s
[09-04 04:54:01] [주 마무리] 35주차 0.12s (국제대회 0.00s | 챔스 0.00s | 클럽WC 0.00s | 국내컵 0.00s | 리그시뮬 0.11s)
[09-04 04:54:01] [PERF-DAY] 35주차 245일차 처리 0.118s (stype='휴식' | 그주마지막날=True | 경기있음=False | 부상=False)
[09-04 04:54:01] [AI리그] 36주차 7137경기, OVR캐시 11393→11393) 세부: 경기조회 0.008s | 시뮬루프 0.048s | executemany(7137건) 0.015s | teams반영+commit 0.034s
[09-04 04:54:01] [주 마무리] 36주차 0.15s (국제대회 0.00s | 챔스 0.00s | 클럽WC 0.00s | 국내컵 0.04s | 리그시뮬 0.11s)
[09-04 04:54:01] [PERF-DAY] 36주차 252일차 처리 0.153s (stype='휴식' | 그주마지막날=True | 경기있음=False | 부상=False)
[09-04 04:54:01] [AI리그] 37주차 6556경기, OVR캐시 11393→11393) 세부: 경기조회 0.007s | 시뮬루프 0.046s | executemany(6556건) 0.014s | teams반영+commit 0.034s
[09-04 04:54:01] [주 마무리] 37주차 0.10s (국제대회 0.00s | 챔스 0.00s | 클럽WC 0.00s | 국내컵 0.00s | 리그시뮬 0.10s)
[09-04 04:54:01] [PERF-DAY] 37주차 259일차 처리 0.106s (stype='휴식' | 그주마지막날=True | 경기있음=False | 부상=False)
[09-04 04:54:01] [AI리그] 38주차 6730경기, OVR캐시 11393→11393) 세부: 경기조회 0.007s | 시뮬루프 0.053s | executemany(6730건) 0.015s | teams반영+commit 0.034s
[09-04 04:54:01] [주 마무리] 38주차 0.17s (국제대회 0.00s | 챔스 0.00s | 클럽WC 0.00s | 국내컵 0.06s | 리그시뮬 0.11s)
[09-04 04:54:01] [PERF-DAY] 38주차 266일차 처리 0.171s (stype='휴식' | 그주마지막날=True | 경기있음=False | 부상=False)
[09-04 04:54:02] [AI리그] 39주차 6855경기, OVR캐시 11393→11393) 세부: 경기조회 0.007s | 시뮬루프 0.047s | executemany(6855건) 0.015s | teams반영+commit 0.034s
[09-04 04:54:02] [주 마무리] 39주차 0.11s (국제대회 0.00s | 챔스 0.00s | 클럽WC 0.00s | 국내컵 0.00s | 리그시뮬 0.11s)
[09-04 04:54:02] [PERF-DAY] 39주차 273일차 처리 0.108s (stype='휴식' | 그주마지막날=True | 경기있음=False | 부상=False)
[09-04 04:54:02] [AI리그] 40주차 6844경기, OVR캐시 11393→11393) 세부: 경기조회 0.006s | 시뮬루프 0.045s | executemany(6844건) 0.015s | teams반영+commit 0.035s
[09-04 04:54:02] [주 마무리] 40주차 0.13s (국제대회 0.00s | 챔스 0.00s | 클럽WC 0.00s | 국내컵 0.02s | 리그시뮬 0.10s)
[09-04 04:54:02] [PERF-DAY] 40주차 280일차 처리 0.129s (stype='휴식' | 그주마지막날=True | 경기있음=False | 부상=False)
[09-04 04:54:02] [AI리그] 41주차 6841경기, OVR캐시 11393→11393) 세부: 경기조회 0.006s | 시뮬루프 0.048s | executemany(6841건) 0.015s | teams반영+commit 0.034s
[09-04 04:54:02] [주 마무리] 41주차 0.11s (국제대회 0.00s | 챔스 0.00s | 클럽WC 0.00s | 국내컵 0.00s | 리그시뮬 0.11s)
[09-04 04:54:02] [PERF-DAY] 41주차 287일차 처리 0.108s (stype='휴식' | 그주마지막날=True | 경기있음=False | 부상=False)
[09-04 04:54:02] [AI리그] 42주차 6742경기, OVR캐시 11393→11393) 세부: 경기조회 0.005s | 시뮬루프 0.045s | executemany(6742건) 0.013s | teams반영+commit 0.029s
[09-04 04:54:02] [주 마무리] 42주차 0.10s (국제대회 0.00s | 챔스 0.00s | 클럽WC 0.00s | 국내컵 0.01s | 리그시뮬 0.09s)
[09-04 04:54:02] [PERF-DAY] 42주차 294일차 처리 0.101s (stype='휴식' | 그주마지막날=True | 경기있음=False | 부상=False)
[09-04 04:54:03] [PERF-PROMO] _process_promotion_relegation 세부: my_player/season조회 0.001s | teams+leagues조회 0.012s | standings계산(710개리그) 0.274s | ai_players OVR스캔 0.218s | 승강판정루프(211개국) 0.025s | executemany(1210건) 0.017s | 리스케일(1210건) 0.326s | commit/close 0.314s | 캐시무효화 0.000s
[09-04 04:54:04] [PERF-SEASON] finalize_club_season 세부: finish_incomplete_matches=0.045s | promotion_relegation=1.195s
[09-04 04:54:04] [PERF-YEAR] 43주차(CLUB_SEASON_END_DAY) 세부: finalize_club_season=1.240s | promotion_playoffs=0.023s | PRAGMA optimize=0.000s
[09-04 04:54:04] [PERF-DAY] 43주차 300일차 처리 1.275s (stype='휴식' | 그주마지막날=False | 경기있음=False | 부상=False)
[09-04 04:54:04] [진행 총계] 1.30초
[09-04 04:54:04] [PERF-DAILYHOOK] 44주차 306일차: process_po_week 0.068s
[09-04 04:54:04] [PERF-DAY] 44주차 306일차 처리 0.070s (stype='고강도' | 그주마지막날=False | 경기있음=False | 부상=False)
[09-04 04:54:04] [PERF-DAILYHOOK] 46주차 316일차: process_intl_week 0.586s | process_cwc_week 0.000s
[09-04 04:54:04] [PERF-DAY] 46주차 316일차 처리 0.587s (stype='고강도' | 그주마지막날=False | 경기있음=False | 부상=False)
[09-04 04:54:04] [PERF-DAILYHOOK] 46주차 317일차: process_intl_week 0.124s | process_cwc_week 0.000s
[09-04 04:54:04] [PERF-DAY] 46주차 317일차 처리 0.125s (stype='휴식' | 그주마지막날=False | 경기있음=False | 부상=False)
[09-04 04:54:05] [PERF-DAILYHOOK] 46주차 320일차: process_intl_week 0.093s | process_cwc_week 0.000s
[09-04 04:54:05] [PERF-DAY] 46주차 320일차 처리 0.094s (stype='고강도' | 그주마지막날=False | 경기있음=False | 부상=False)
[09-04 04:54:05] [진행 총계] 0.85초
[09-04 04:54:06] [PERF]   _end_of_season 세부: AI생애주기 0.00s (승강제 타이밍은 43주 _finalize_club_season으로 이동 — 여기 안 잡힘)
[09-04 04:54:07] [PERF]   일정생성 세부: 아카이브이동 0.80s | 완비판정조회 0.01s | 기존경기dedup조회 0.00s | 일정계산 0.20s | INSERT+commit 0.38s | (대상리그 710개, 신규경기 201400건)
[09-04 04:54:07] [PERF]   인덱스재생성 0.35s
[09-04 04:54:09] [PERF] 연도전환 총 3.26s (커리어정리 0.00s | _end_of_season 0.02s | 일정생성 1.74s | 파워랭킹 1.50s | PRAGMA optimize 0.00s)
[09-04 04:54:09] [PERF-WEEKTAIL] 52주차: _pay_salary 0.000s | _advance_week 3.263s
[09-04 04:54:09] [PERF-DAY] 52주차 364일차 처리 3.265s (stype='휴식' | 그주마지막날=True | 경기있음=False | 부상=False)
[09-04 04:54:09] [진행 총계] 3.27초
[09-04 04:54:10] [AI리그] 4주차 4527경기, OVR캐시 0→9054) 세부: 경기조회 0.015s | 시뮬루프 0.284s | executemany(4527건) 0.009s | teams반영+commit 0.023s
[09-04 04:54:10] [주 마무리] 4주차 0.33s (국제대회 0.00s | 챔스 0.00s | 클럽WC 0.00s | 국내컵 0.00s | 리그시뮬 0.33s)
[09-04 04:54:10] [PERF-WEEKTAIL] 4주차: _pay_salary 0.000s | _advance_week 0.181s
[09-04 04:54:10] [PERF-DAY] 4주차 28일차 처리 0.515s (stype='휴식' | 그주마지막날=True | 경기있음=False | 부상=False)
[09-04 04:54:10] [진행 총계] 0.52초
[09-04 04:54:10] [AI리그] 5주차 5771경기, OVR캐시 11263→11393) 세부: 경기조회 0.015s | 시뮬루프 0.060s | executemany(5771건) 0.012s | teams반영+commit 0.037s
[09-04 04:54:10] [주 마무리] 5주차 0.25s (국제대회 0.00s | 챔스 0.00s | 클럽WC 0.00s | 국내컵 0.13s | 리그시뮬 0.13s)
[09-04 04:54:10] [PERF-DAY] 5주차 35일차 처리 0.253s (stype='휴식' | 그주마지막날=True | 경기있음=False | 부상=False)
[09-04 04:54:11] [AI리그] 6주차 5734경기, OVR캐시 11393→11393) 세부: 경기조회 0.015s | 시뮬루프 0.041s | executemany(5734건) 0.013s | teams반영+commit 0.042s
[09-04 04:54:11] [주 마무리] 6주차 0.24s (국제대회 0.00s | 챔스 0.00s | 클럽WC 0.00s | 국내컵 0.13s | 리그시뮬 0.11s)
[09-04 04:54:11] [PERF-DAY] 6주차 42일차 처리 0.243s (stype='휴식' | 그주마지막날=True | 경기있음=False | 부상=False)
[09-04 04:54:11] [AI리그] 7주차 5801경기, OVR캐시 11393→11393) 세부: 경기조회 0.015s | 시뮬루프 0.046s | executemany(5801건) 0.012s | teams반영+commit 0.038s
[09-04 04:54:11] [주 마무리] 7주차 0.22s (국제대회 0.00s | 챔스 0.00s | 클럽WC 0.00s | 국내컵 0.10s | 리그시뮬 0.11s)
[09-04 04:54:11] [PERF-DAY] 7주차 49일차 처리 0.293s (stype='휴식' | 그주마지막날=True | 경기있음=False | 부상=False)
[09-04 04:54:11] [AI리그] 8주차 5757경기, OVR캐시 11393→11393) 세부: 경기조회 0.015s | 시뮬루프 0.048s | executemany(5757건) 0.013s | teams반영+commit 0.039s
[09-04 04:54:11] [주 마무리] 8주차 0.12s (국제대회 0.00s | 챔스 0.00s | 클럽WC 0.00s | 국내컵 0.00s | 리그시뮬 0.12s)
[09-04 04:54:11] [PERF-DAY] 8주차 56일차 처리 0.122s (stype='휴식' | 그주마지막날=True | 경기있음=False | 부상=False)
[09-04 04:54:12] [AI리그] 9주차 5731경기, OVR캐시 11393→11393) 세부: 경기조회 0.014s | 시뮬루프 0.042s | executemany(5731건) 0.013s | teams반영+commit 0.046s
[09-04 04:54:12] [주 마무리] 9주차 0.15s (국제대회 0.00s | 챔스 0.03s | 클럽WC 0.00s | 국내컵 0.00s | 리그시뮬 0.12s)
[09-04 04:54:12] [PERF-DAY] 9주차 63일차 처리 0.150s (stype='휴식' | 그주마지막날=True | 경기있음=False | 부상=False)
[09-04 04:54:12] [AI리그] 10주차 5766경기, OVR캐시 11393→11393) 세부: 경기조회 0.014s | 시뮬루프 0.043s | executemany(5766건) 0.013s | teams반영+commit 0.040s
[09-04 04:54:12] [주 마무리] 10주차 0.14s (국제대회 0.00s | 챔스 0.03s | 클럽WC 0.00s | 국내컵 0.00s | 리그시뮬 0.11s)
[09-04 04:54:12] [PERF-DAY] 10주차 70일차 처리 0.140s (stype='휴식' | 그주마지막날=True | 경기있음=False | 부상=False)
[09-04 04:54:12] [AI리그] 11주차 5618경기, OVR캐시 11393→11393) 세부: 경기조회 0.015s | 시뮬루프 0.047s | executemany(5618건) 0.013s | teams반영+commit 0.039s
[09-04 04:54:12] [주 마무리] 11주차 0.14s (국제대회 0.00s | 챔스 0.03s | 클럽WC 0.00s | 국내컵 0.00s | 리그시뮬 0.12s)
[09-04 04:54:12] [PERF-DAY] 11주차 77일차 처리 0.144s (stype='휴식' | 그주마지막날=True | 경기있음=False | 부상=False)
[09-04 04:54:12] [AI리그] 12주차 5609경기, OVR캐시 11393→11393) 세부: 경기조회 0.013s | 시뮬루프 0.041s | executemany(5609건) 0.012s | teams반영+commit 0.036s
[09-04 04:54:12] [주 마무리] 12주차 0.13s (국제대회 0.00s | 챔스 0.02s | 클럽WC 0.00s | 국내컵 0.00s | 리그시뮬 0.10s)
[09-04 04:54:12] [PERF-DAY] 12주차 84일차 처리 0.132s (stype='휴식' | 그주마지막날=True | 경기있음=False | 부상=False)
[09-04 04:54:12] [AI리그] 13주차 5233경기, OVR캐시 11393→11393) 세부: 경기조회 0.013s | 시뮬루프 0.039s | executemany(5233건) 0.012s | teams반영+commit 0.035s
[09-04 04:54:12] [주 마무리] 13주차 0.13s (국제대회 0.00s | 챔스 0.02s | 클럽WC 0.00s | 국내컵 0.00s | 리그시뮬 0.10s)
[09-04 04:54:12] [PERF-DAY] 13주차 91일차 처리 0.127s (stype='휴식' | 그주마지막날=True | 경기있음=False | 부상=False)
[09-04 04:54:13] [AI리그] 14주차 5527경기, OVR캐시 11393→11393) 세부: 경기조회 0.015s | 시뮬루프 0.045s | executemany(5527건) 0.013s | teams반영+commit 0.035s
[09-04 04:54:13] [주 마무리] 14주차 0.14s (국제대회 0.00s | 챔스 0.02s | 클럽WC 0.00s | 국내컵 0.00s | 리그시뮬 0.11s)
[09-04 04:54:13] [PERF-DAY] 14주차 98일차 처리 0.137s (stype='휴식' | 그주마지막날=True | 경기있음=False | 부상=False)
[09-04 04:54:13] [AI리그] 15주차 5747경기, OVR캐시 11393→11393) 세부: 경기조회 0.013s | 시뮬루프 0.043s | executemany(5747건) 0.013s | teams반영+commit 0.037s
[09-04 04:54:13] [주 마무리] 15주차 0.14s (국제대회 0.00s | 챔스 0.03s | 클럽WC 0.00s | 국내컵 0.00s | 리그시뮬 0.11s)
[09-04 04:54:13] [PERF-DAY] 15주차 105일차 처리 0.137s (stype='휴식' | 그주마지막날=True | 경기있음=False | 부상=False)
[09-04 04:54:13] [AI리그] 16주차 5732경기, OVR캐시 11393→11393) 세부: 경기조회 0.012s | 시뮬루프 0.049s | executemany(5732건) 0.013s | teams반영+commit 0.037s
[09-04 04:54:13] [주 마무리] 16주차 0.16s (국제대회 0.00s | 챔스 0.05s | 클럽WC 0.00s | 국내컵 0.00s | 리그시뮬 0.11s)
[09-04 04:54:13] [PERF-DAY] 16주차 112일차 처리 0.162s (stype='휴식' | 그주마지막날=True | 경기있음=False | 부상=False)
[09-04 04:54:13] [AI리그] 17주차 5482경기, OVR캐시 11393→11393) 세부: 경기조회 0.012s | 시뮬루프 0.040s | executemany(5482건) 0.012s | teams반영+commit 0.035s
[09-04 04:54:13] [주 마무리] 17주차 0.10s (국제대회 0.00s | 챔스 0.00s | 클럽WC 0.00s | 국내컵 0.00s | 리그시뮬 0.10s)
[09-04 04:54:13] [PERF-DAY] 17주차 119일차 처리 0.106s (stype='휴식' | 그주마지막날=True | 경기있음=False | 부상=False)
[09-04 04:54:14] [AI리그] 18주차 5384경기, OVR캐시 11393→11393) 세부: 경기조회 0.011s | 시뮬루프 0.039s | executemany(5384건) 0.013s | teams반영+commit 0.037s
[09-04 04:54:14] [주 마무리] 18주차 0.13s (국제대회 0.00s | 챔스 0.03s | 클럽WC 0.00s | 국내컵 0.00s | 리그시뮬 0.10s)
[09-04 04:54:14] [PERF-DAY] 18주차 126일차 처리 0.131s (stype='휴식' | 그주마지막날=True | 경기있음=False | 부상=False)
[09-04 04:54:14] [AI리그] 19주차 3886경기, OVR캐시 11393→11393) 세부: 경기조회 0.010s | 시뮬루프 0.029s | executemany(3886건) 0.009s | teams반영+commit 0.026s
[09-04 04:54:14] [주 마무리] 19주차 0.08s (국제대회 0.00s | 챔스 0.00s | 클럽WC 0.00s | 국내컵 0.00s | 리그시뮬 0.08s)
[09-04 04:54:14] [PERF-DAY] 19주차 133일차 처리 0.082s (stype='휴식' | 그주마지막날=True | 경기있음=False | 부상=False)
[09-04 04:54:14] [AI리그] 20주차 3343경기, OVR캐시 11393→11393) 세부: 경기조회 0.010s | 시뮬루프 0.031s | executemany(3343건) 0.008s | teams반영+commit 0.023s
[09-04 04:54:14] [주 마무리] 20주차 0.10s (국제대회 0.00s | 챔스 0.02s | 클럽WC 0.00s | 국내컵 0.00s | 리그시뮬 0.07s)
[09-04 04:54:14] [PERF-DAY] 20주차 140일차 처리 0.096s (stype='휴식' | 그주마지막날=True | 경기있음=False | 부상=False)
[09-04 04:54:14] [AI리그] 21주차 2934경기, OVR캐시 11393→11393) 세부: 경기조회 0.010s | 시뮬루프 0.022s | executemany(2934건) 0.007s | teams반영+commit 0.020s
[09-04 04:54:14] [주 마무리] 21주차 0.07s (국제대회 0.00s | 챔스 0.01s | 클럽WC 0.00s | 국내컵 0.00s | 리그시뮬 0.06s)
[09-04 04:54:14] [PERF-DAY] 21주차 147일차 처리 0.076s (stype='휴식' | 그주마지막날=True | 경기있음=False | 부상=False)
[09-04 04:54:14] [AI리그] 22주차 2779경기, OVR캐시 11393→11393) 세부: 경기조회 0.009s | 시뮬루프 0.021s | executemany(2779건) 0.006s | teams반영+commit 0.016s
[09-04 04:54:14] [주 마무리] 22주차 0.07s (국제대회 0.00s | 챔스 0.01s | 클럽WC 0.00s | 국내컵 0.00s | 리그시뮬 0.05s)
[09-04 04:54:14] [PERF-DAY] 22주차 154일차 처리 0.068s (stype='휴식' | 그주마지막날=True | 경기있음=False | 부상=False)
[09-04 04:54:15] [주 마무리] 23주차 0.06s (국제대회 0.00s | 챔스 0.01s | 클럽WC 0.00s | 국내컵 0.00s | 리그시뮬 0.05s)
[09-04 04:54:15] [PERF-DAY] 23주차 161일차 처리 0.078s (stype='휴식' | 그주마지막날=True | 경기있음=False | 부상=False)
[09-04 04:54:16] [PERF-DAILYHOOK] 25주차 169일차: process_intl_week 1.262s | process_cwc_week 0.000s
[09-04 04:54:16] [PERF-DAY] 25주차 169일차 처리 1.264s (stype='고강도' | 그주마지막날=False | 경기있음=False | 부상=False)
[09-04 04:54:16] [진행 총계] 1.33초
[09-04 04:54:17] [PERF-DAILYHOOK] 27주차 189일차: process_intl_week 0.063s | process_cwc_week 0.000s
[09-04 04:54:17] [PERF-DAY] 27주차 189일차 처리 0.074s (stype='휴식' | 그주마지막날=True | 경기있음=False | 부상=False)
[09-04 04:54:20] [PERF-WEEKTAIL] 28주차: _pay_salary 0.000s | _advance_week 2.650s
[09-04 04:54:20] [PERF-DAY] 28주차 196일차 처리 2.660s (stype='휴식' | 그주마지막날=True | 경기있음=False | 부상=False)
[09-04 04:54:20] [진행 총계] 2.70초
[09-04 04:54:20] [AI리그] 29주차 4943경기, OVR캐시 11393→11393) 세부: 경기조회 0.010s | 시뮬루프 0.036s | executemany(4943건) 0.012s | teams반영+commit 0.032s
[09-04 04:54:20] [주 마무리] 29주차 0.09s (국제대회 0.00s | 챔스 0.00s | 클럽WC 0.00s | 국내컵 0.00s | 리그시뮬 0.09s)
[09-04 04:54:20] [PERF-DAY] 29주차 203일차 처리 0.094s (stype='휴식' | 그주마지막날=True | 경기있음=False | 부상=False)
[09-04 04:54:20] [AI리그] 30주차 6683경기, OVR캐시 11393→11393) 세부: 경기조회 0.010s | 시뮬루프 0.046s | executemany(6683건) 0.014s | teams반영+commit 0.036s
[09-04 04:54:20] [주 마무리] 30주차 0.18s (국제대회 0.00s | 챔스 0.00s | 클럽WC 0.00s | 국내컵 0.08s | 리그시뮬 0.11s)
[09-04 04:54:20] [PERF-DAY] 30주차 210일차 처리 0.185s (stype='휴식' | 그주마지막날=True | 경기있음=False | 부상=False)
[09-04 04:54:20] [AI리그] 31주차 6722경기, OVR캐시 11393→11393) 세부: 경기조회 0.010s | 시뮬루프 0.048s | executemany(6722건) 0.016s | teams반영+commit 0.039s
[09-04 04:54:20] [주 마무리] 31주차 0.12s (국제대회 0.00s | 챔스 0.00s | 클럽WC 0.00s | 국내컵 0.00s | 리그시뮬 0.12s)
[09-04 04:54:20] [PERF-DAY] 31주차 217일차 처리 0.119s (stype='휴식' | 그주마지막날=True | 경기있음=False | 부상=False)
[09-04 04:54:21] [AI리그] 32주차 6569경기, OVR캐시 11393→11393) 세부: 경기조회 0.009s | 시뮬루프 0.046s | executemany(6569건) 0.015s | teams반영+commit 0.039s
[09-04 04:54:21] [주 마무리] 32주차 0.19s (국제대회 0.00s | 챔스 0.00s | 클럽WC 0.00s | 국내컵 0.07s | 리그시뮬 0.11s)
[09-04 04:54:21] [PERF-DAY] 32주차 224일차 처리 0.187s (stype='휴식' | 그주마지막날=True | 경기있음=False | 부상=False)
[09-04 04:54:21] [AI리그] 33주차 6949경기, OVR캐시 11393→11393) 세부: 경기조회 0.010s | 시뮬루프 0.050s | executemany(6949건) 0.015s | teams반영+commit 0.035s
[09-04 04:54:21] [주 마무리] 33주차 0.11s (국제대회 0.00s | 챔스 0.00s | 클럽WC 0.00s | 국내컵 0.00s | 리그시뮬 0.11s)
[09-04 04:54:21] [PERF-DAY] 33주차 231일차 처리 0.115s (stype='휴식' | 그주마지막날=True | 경기있음=False | 부상=False)
[09-04 04:54:21] [AI리그] 34주차 6515경기, OVR캐시 11393→11393) 세부: 경기조회 0.009s | 시뮬루프 0.048s | executemany(6515건) 0.013s | teams반영+commit 0.033s
[09-04 04:54:21] [주 마무리] 34주차 0.16s (국제대회 0.00s | 챔스 0.00s | 클럽WC 0.00s | 국내컵 0.05s | 리그시뮬 0.11s)
[09-04 04:54:21] [PERF-DAY] 34주차 238일차 처리 0.158s (stype='휴식' | 그주마지막날=True | 경기있음=False | 부상=False)
[09-04 04:54:22] [AI리그] 35주차 6888경기, OVR캐시 11393→11393) 세부: 경기조회 0.009s | 시뮬루프 0.047s | executemany(6888건) 0.015s | teams반영+commit 0.034s
[09-04 04:54:22] [주 마무리] 35주차 0.11s (국제대회 0.00s | 챔스 0.00s | 클럽WC 0.00s | 국내컵 0.00s | 리그시뮬 0.11s)
[09-04 04:54:22] [PERF-DAY] 35주차 245일차 처리 0.110s (stype='휴식' | 그주마지막날=True | 경기있음=False | 부상=False)
[09-04 04:54:22] [AI리그] 36주차 7137경기, OVR캐시 11393→11393) 세부: 경기조회 0.008s | 시뮬루프 0.048s | executemany(7137건) 0.017s | teams반영+commit 0.040s
[09-04 04:54:22] [주 마무리] 36주차 0.16s (국제대회 0.00s | 챔스 0.00s | 클럽WC 0.00s | 국내컵 0.04s | 리그시뮬 0.12s)
[09-04 04:54:22] [PERF-DAY] 36주차 252일차 처리 0.162s (stype='휴식' | 그주마지막날=True | 경기있음=False | 부상=False)
[09-04 04:54:22] [AI리그] 37주차 6556경기, OVR캐시 11393→11393) 세부: 경기조회 0.007s | 시뮬루프 0.045s | executemany(6556건) 0.015s | teams반영+commit 0.038s
[09-04 04:54:22] [주 마무리] 37주차 0.11s (국제대회 0.00s | 챔스 0.00s | 클럽WC 0.00s | 국내컵 0.00s | 리그시뮬 0.11s)
[09-04 04:54:22] [PERF-DAY] 37주차 259일차 처리 0.110s (stype='휴식' | 그주마지막날=True | 경기있음=False | 부상=False)
[09-04 04:54:22] [AI리그] 38주차 6730경기, OVR캐시 11393→11393) 세부: 경기조회 0.007s | 시뮬루프 0.048s | executemany(6730건) 0.017s | teams반영+commit 0.043s
[09-04 04:54:22] [주 마무리] 38주차 0.18s (국제대회 0.00s | 챔스 0.00s | 클럽WC 0.00s | 국내컵 0.06s | 리그시뮬 0.12s)
[09-04 04:54:22] [PERF-DAY] 38주차 266일차 처리 0.181s (stype='휴식' | 그주마지막날=True | 경기있음=False | 부상=False)
[09-04 04:54:22] [AI리그] 39주차 6855경기, OVR캐시 11393→11393) 세부: 경기조회 0.007s | 시뮬루프 0.047s | executemany(6855건) 0.015s | teams반영+commit 0.037s
[09-04 04:54:22] [주 마무리] 39주차 0.11s (국제대회 0.00s | 챔스 0.00s | 클럽WC 0.00s | 국내컵 0.00s | 리그시뮬 0.11s)
[09-04 04:54:22] [PERF-DAY] 39주차 273일차 처리 0.111s (stype='휴식' | 그주마지막날=True | 경기있음=False | 부상=False)
[09-04 04:54:23] [AI리그] 40주차 6844경기, OVR캐시 11393→11393) 세부: 경기조회 0.006s | 시뮬루프 0.045s | executemany(6844건) 0.015s | teams반영+commit 0.036s
[09-04 04:54:23] [주 마무리] 40주차 0.13s (국제대회 0.00s | 챔스 0.00s | 클럽WC 0.00s | 국내컵 0.02s | 리그시뮬 0.10s)
[09-04 04:54:23] [PERF-DAY] 40주차 280일차 처리 0.130s (stype='휴식' | 그주마지막날=True | 경기있음=False | 부상=False)
[09-04 04:54:23] [AI리그] 41주차 6841경기, OVR캐시 11393→11393) 세부: 경기조회 0.006s | 시뮬루프 0.048s | executemany(6841건) 0.015s | teams반영+commit 0.036s
[09-04 04:54:23] [주 마무리] 41주차 0.11s (국제대회 0.00s | 챔스 0.00s | 클럽WC 0.00s | 국내컵 0.00s | 리그시뮬 0.11s)
[09-04 04:54:23] [PERF-DAY] 41주차 287일차 처리 0.109s (stype='휴식' | 그주마지막날=True | 경기있음=False | 부상=False)
[09-04 04:54:23] [AI리그] 42주차 6742경기, OVR캐시 11393→11393) 세부: 경기조회 0.005s | 시뮬루프 0.046s | executemany(6742건) 0.014s | teams반영+commit 0.033s
[09-04 04:54:23] [주 마무리] 42주차 0.11s (국제대회 0.00s | 챔스 0.00s | 클럽WC 0.00s | 국내컵 0.01s | 리그시뮬 0.10s)
[09-04 04:54:23] [PERF-DAY] 42주차 294일차 처리 0.109s (stype='휴식' | 그주마지막날=True | 경기있음=False | 부상=False)
[09-04 04:54:24] [PERF-PROMO] _process_promotion_relegation 세부: my_player/season조회 0.001s | teams+leagues조회 0.012s | standings계산(710개리그) 0.269s | ai_players OVR스캔 0.228s | 승강판정루프(211개국) 0.029s | executemany(1212건) 0.018s | 리스케일(1212건) 0.315s | commit/close 0.314s | 캐시무효화 0.000s
[09-04 04:54:24] [PERF-SEASON] finalize_club_season 세부: finish_incomplete_matches=0.045s | promotion_relegation=1.193s
[09-04 04:54:24] [PERF-YEAR] 43주차(CLUB_SEASON_END_DAY) 세부: finalize_club_season=1.239s | promotion_playoffs=0.024s | PRAGMA optimize=0.001s
[09-04 04:54:24] [PERF-DAY] 43주차 300일차 처리 1.276s (stype='휴식' | 그주마지막날=False | 경기있음=False | 부상=False)
[09-04 04:54:25] [진행 총계] 1.30초
[09-04 04:54:25] [PERF-DAILYHOOK] 44주차 306일차: process_po_week 0.073s
[09-04 04:54:25] [PERF-DAY] 44주차 306일차 처리 0.074s (stype='고강도' | 그주마지막날=False | 경기있음=False | 부상=False)
[09-04 04:54:26] [PERF]   _end_of_season 세부: AI생애주기 0.00s (승강제 타이밍은 43주 _finalize_club_season으로 이동 — 여기 안 잡힘)
[09-04 04:54:27] [PERF]   일정생성 세부: 아카이브이동 0.81s | 완비판정조회 0.01s | 기존경기dedup조회 0.00s | 일정계산 0.20s | INSERT+commit 0.39s | (대상리그 710개, 신규경기 201400건)
[09-04 04:54:28] [PERF]   인덱스재생성 0.34s
[09-04 04:54:29] [PERF] 연도전환 총 3.28s (커리어정리 0.00s | _end_of_season 0.02s | 일정생성 1.76s | 파워랭킹 1.50s | PRAGMA optimize 0.00s)
[09-04 04:54:29] [PERF-WEEKTAIL] 52주차: _pay_salary 0.000s | _advance_week 3.280s
[09-04 04:54:29] [PERF-DAY] 52주차 364일차 처리 3.282s (stype='휴식' | 그주마지막날=True | 경기있음=False | 부상=False)
[09-04 04:54:29] [진행 총계] 3.29초
[09-04 04:54:30] [AI리그] 4주차 4527경기, OVR캐시 0→9054) 세부: 경기조회 0.016s | 시뮬루프 0.295s | executemany(4527건) 0.010s | teams반영+commit 0.025s
[09-04 04:54:30] [주 마무리] 4주차 0.35s (국제대회 0.00s | 챔스 0.00s | 클럽WC 0.00s | 국내컵 0.00s | 리그시뮬 0.35s)
[09-04 04:54:30] [PERF-WEEKTAIL] 4주차: _pay_salary 0.000s | _advance_week 0.191s
[09-04 04:54:30] [PERF-DAY] 4주차 28일차 처리 0.541s (stype='휴식' | 그주마지막날=True | 경기있음=False | 부상=False)
[09-04 04:54:30] [진행 총계] 0.55초
[09-04 04:54:30] [AI리그] 5주차 5771경기, OVR캐시 11263→11393) 세부: 경기조회 0.016s | 시뮬루프 0.062s | executemany(5771건) 0.013s | teams반영+commit 0.039s
[09-04 04:54:30] [주 마무리] 5주차 0.26s (국제대회 0.00s | 챔스 0.00s | 클럽WC 0.00s | 국내컵 0.13s | 리그시뮬 0.13s)
[09-04 04:54:30] [PERF-DAY] 5주차 35일차 처리 0.264s (stype='휴식' | 그주마지막날=True | 경기있음=False | 부상=False)
[09-04 04:54:31] [AI리그] 6주차 5734경기, OVR캐시 11393→11393) 세부: 경기조회 0.015s | 시뮬루프 0.041s | executemany(5734건) 0.014s | teams반영+commit 0.042s
[09-04 04:54:31] [주 마무리] 6주차 0.25s (국제대회 0.00s | 챔스 0.00s | 클럽WC 0.00s | 국내컵 0.13s | 리그시뮬 0.11s)
[09-04 04:54:31] [PERF-DAY] 6주차 42일차 처리 0.249s (stype='휴식' | 그주마지막날=True | 경기있음=False | 부상=False)
[09-04 04:54:31] [AI리그] 7주차 5801경기, OVR캐시 11393→11393) 세부: 경기조회 0.015s | 시뮬루프 0.047s | executemany(5801건) 0.012s | teams반영+commit 0.038s
[09-04 04:54:31] [주 마무리] 7주차 0.22s (국제대회 0.00s | 챔스 0.00s | 클럽WC 0.00s | 국내컵 0.10s | 리그시뮬 0.11s)
[09-04 04:54:31] [PERF-DAY] 7주차 49일차 처리 0.305s (stype='휴식' | 그주마지막날=True | 경기있음=False | 부상=False)
[09-04 04:54:31] [진행 총계] 0.31초
[09-04 04:54:32] [AI리그] 8주차 5757경기, OVR캐시 11393→11393) 세부: 경기조회 0.016s | 시뮬루프 0.052s | executemany(5757건) 0.014s | teams반영+commit 0.043s
[09-04 04:54:32] [주 마무리] 8주차 0.13s (국제대회 0.00s | 챔스 0.00s | 클럽WC 0.00s | 국내컵 0.00s | 리그시뮬 0.13s)
[09-04 04:54:32] [PERF-DAY] 8주차 56일차 처리 0.132s (stype='휴식' | 그주마지막날=True | 경기있음=False | 부상=False)
[09-04 04:54:32] [AI리그] 9주차 5731경기, OVR캐시 11393→11393) 세부: 경기조회 0.015s | 시뮬루프 0.042s | executemany(5731건) 0.013s | teams반영+commit 0.040s
[09-04 04:54:32] [주 마무리] 9주차 0.14s (국제대회 0.00s | 챔스 0.03s | 클럽WC 0.00s | 국내컵 0.00s | 리그시뮬 0.11s)
[09-04 04:54:32] [PERF-DAY] 9주차 63일차 처리 0.144s (stype='휴식' | 그주마지막날=True | 경기있음=False | 부상=False)
[09-04 04:54:32] [AI리그] 10주차 5766경기, OVR캐시 11393→11393) 세부: 경기조회 0.014s | 시뮬루프 0.049s | executemany(5766건) 0.014s | teams반영+commit 0.041s
[09-04 04:54:32] [주 마무리] 10주차 0.15s (국제대회 0.00s | 챔스 0.02s | 클럽WC 0.00s | 국내컵 0.00s | 리그시뮬 0.12s)
[09-04 04:54:32] [PERF-DAY] 10주차 70일차 처리 0.148s (stype='휴식' | 그주마지막날=True | 경기있음=False | 부상=False)
[09-04 04:54:32] [AI리그] 11주차 5618경기, OVR캐시 11393→11393) 세부: 경기조회 0.019s | 시뮬루프 0.040s | executemany(5618건) 0.013s | teams반영+commit 0.038s
[09-04 04:54:32] [주 마무리] 11주차 0.14s (국제대회 0.00s | 챔스 0.02s | 클럽WC 0.00s | 국내컵 0.00s | 리그시뮬 0.11s)
[09-04 04:54:32] [PERF-DAY] 11주차 77일차 처리 0.140s (stype='휴식' | 그주마지막날=True | 경기있음=False | 부상=False)
[09-04 04:54:33] [AI리그] 12주차 5609경기, OVR캐시 11393→11393) 세부: 경기조회 0.013s | 시뮬루프 0.043s | executemany(5609건) 0.013s | teams반영+commit 0.037s
[09-04 04:54:33] [주 마무리] 12주차 0.13s (국제대회 0.00s | 챔스 0.02s | 클럽WC 0.00s | 국내컵 0.00s | 리그시뮬 0.11s)
[09-04 04:54:33] [PERF-DAY] 12주차 84일차 처리 0.136s (stype='휴식' | 그주마지막날=True | 경기있음=False | 부상=False)
[09-04 04:54:33] [AI리그] 13주차 5233경기, OVR캐시 11393→11393) 세부: 경기조회 0.013s | 시뮬루프 0.044s | executemany(5233건) 0.012s | teams반영+commit 0.034s
[09-04 04:54:33] [주 마무리] 13주차 0.13s (국제대회 0.00s | 챔스 0.02s | 클럽WC 0.00s | 국내컵 0.00s | 리그시뮬 0.11s)
[09-04 04:54:33] [PERF-DAY] 13주차 91일차 처리 0.133s (stype='휴식' | 그주마지막날=True | 경기있음=False | 부상=False)
[09-04 04:54:33] [AI리그] 14주차 5527경기, OVR캐시 11393→11393) 세부: 경기조회 0.013s | 시뮬루프 0.040s | executemany(5527건) 0.013s | teams반영+commit 0.035s
[09-04 04:54:33] [주 마무리] 14주차 0.13s (국제대회 0.00s | 챔스 0.02s | 클럽WC 0.00s | 국내컵 0.00s | 리그시뮬 0.10s)
[09-04 04:54:33] [PERF-DAY] 14주차 98일차 처리 0.130s (stype='휴식' | 그주마지막날=True | 경기있음=False | 부상=False)
[09-04 04:54:33] [AI리그] 15주차 5747경기, OVR캐시 11393→11393) 세부: 경기조회 0.013s | 시뮬루프 0.043s | executemany(5747건) 0.013s | teams반영+commit 0.036s
[09-04 04:54:33] [주 마무리] 15주차 0.13s (국제대회 0.00s | 챔스 0.02s | 클럽WC 0.00s | 국내컵 0.00s | 리그시뮬 0.11s)
[09-04 04:54:33] [PERF-DAY] 15주차 105일차 처리 0.134s (stype='휴식' | 그주마지막날=True | 경기있음=False | 부상=False)
[09-04 04:54:34] [AI리그] 16주차 5732경기, OVR캐시 11393→11393) 세부: 경기조회 0.013s | 시뮬루프 0.047s | executemany(5732건) 0.013s | teams반영+commit 0.037s
[09-04 04:54:34] [주 마무리] 16주차 0.16s (국제대회 0.00s | 챔스 0.05s | 클럽WC 0.00s | 국내컵 0.00s | 리그시뮬 0.11s)
[09-04 04:54:34] [PERF-DAY] 16주차 112일차 처리 0.162s (stype='휴식' | 그주마지막날=True | 경기있음=False | 부상=False)
[09-04 04:54:34] [AI리그] 17주차 5482경기, OVR캐시 11393→11393) 세부: 경기조회 0.012s | 시뮬루프 0.040s | executemany(5482건) 0.012s | teams반영+commit 0.036s
[09-04 04:54:34] [주 마무리] 17주차 0.11s (국제대회 0.00s | 챔스 0.00s | 클럽WC 0.00s | 국내컵 0.00s | 리그시뮬 0.10s)
[09-04 04:54:34] [PERF-DAY] 17주차 119일차 처리 0.107s (stype='휴식' | 그주마지막날=True | 경기있음=False | 부상=False)
[09-04 04:54:34] [AI리그] 18주차 5384경기, OVR캐시 11393→11393) 세부: 경기조회 0.012s | 시뮬루프 0.041s | executemany(5384건) 0.013s | teams반영+commit 0.037s
[09-04 04:54:34] [주 마무리] 18주차 0.13s (국제대회 0.00s | 챔스 0.03s | 클럽WC 0.00s | 국내컵 0.00s | 리그시뮬 0.10s)
[09-04 04:54:34] [PERF-DAY] 18주차 126일차 처리 0.133s (stype='휴식' | 그주마지막날=True | 경기있음=False | 부상=False)
[09-04 04:54:34] [AI리그] 19주차 3886경기, OVR캐시 11393→11393) 세부: 경기조회 0.013s | 시뮬루프 0.035s | executemany(3886건) 0.009s | teams반영+commit 0.025s
[09-04 04:54:34] [주 마무리] 19주차 0.09s (국제대회 0.00s | 챔스 0.00s | 클럽WC 0.00s | 국내컵 0.00s | 리그시뮬 0.08s)
[09-04 04:54:34] [PERF-DAY] 19주차 133일차 처리 0.089s (stype='휴식' | 그주마지막날=True | 경기있음=False | 부상=False)
[09-04 04:54:34] [AI리그] 20주차 3343경기, OVR캐시 11393→11393) 세부: 경기조회 0.010s | 시뮬루프 0.025s | executemany(3343건) 0.008s | teams반영+commit 0.023s
[09-04 04:54:34] [주 마무리] 20주차 0.09s (국제대회 0.00s | 챔스 0.02s | 클럽WC 0.00s | 국내컵 0.00s | 리그시뮬 0.07s)
[09-04 04:54:34] [PERF-DAY] 20주차 140일차 처리 0.089s (stype='휴식' | 그주마지막날=True | 경기있음=False | 부상=False)
[09-04 04:54:35] [AI리그] 21주차 2934경기, OVR캐시 11393→11393) 세부: 경기조회 0.009s | 시뮬루프 0.023s | executemany(2934건) 0.007s | teams반영+commit 0.020s
[09-04 04:54:35] [주 마무리] 21주차 0.08s (국제대회 0.00s | 챔스 0.01s | 클럽WC 0.00s | 국내컵 0.00s | 리그시뮬 0.06s)
[09-04 04:54:35] [PERF-DAY] 21주차 147일차 처리 0.077s (stype='휴식' | 그주마지막날=True | 경기있음=False | 부상=False)
[09-04 04:54:35] [AI리그] 22주차 2779경기, OVR캐시 11393→11393) 세부: 경기조회 0.009s | 시뮬루프 0.021s | executemany(2779건) 0.006s | teams반영+commit 0.016s
[09-04 04:54:35] [주 마무리] 22주차 0.07s (국제대회 0.00s | 챔스 0.01s | 클럽WC 0.00s | 국내컵 0.00s | 리그시뮬 0.05s)
[09-04 04:54:35] [PERF-DAY] 22주차 154일차 처리 0.067s (stype='휴식' | 그주마지막날=True | 경기있음=False | 부상=False)
[09-04 04:54:35] [주 마무리] 23주차 0.06s (국제대회 0.00s | 챔스 0.01s | 클럽WC 0.00s | 국내컵 0.00s | 리그시뮬 0.05s)
[09-04 04:54:35] [PERF-DAY] 23주차 161일차 처리 0.065s (stype='휴식' | 그주마지막날=True | 경기있음=False | 부상=False)
[09-04 04:54:35] [AI리그] 24주차 2602경기, OVR캐시 11393→11393) 세부: 경기조회 0.010s | 시뮬루프 0.024s | executemany(2602건) 0.006s | teams반영+commit 0.012s
[09-04 04:54:35] [주 마무리] 24주차 0.06s (국제대회 0.00s | 챔스 0.00s | 클럽WC 0.00s | 국내컵 0.00s | 리그시뮬 0.05s)
[09-04 04:54:35] [PERF-WEEKTAIL] 24주차: _pay_salary 0.000s | _advance_week 0.186s
[09-04 04:54:35] [PERF-DAY] 24주차 168일차 처리 0.244s (stype='휴식' | 그주마지막날=True | 경기있음=False | 부상=False)
[09-04 04:54:37] [PERF-DAILYHOOK] 26주차 176일차: process_intl_week 1.489s | process_cwc_week 0.000s
[09-04 04:54:37] [PERF-DAY] 26주차 176일차 처리 1.491s (stype='고강도' | 그주마지막날=False | 경기있음=False | 부상=False)
[09-04 04:54:37] [PERF-DAILYHOOK] 26주차 178일차: process_intl_week 0.057s | process_cwc_week 0.000s
[09-04 04:54:37] [PERF-DAY] 26주차 178일차 처리 0.059s (stype='고강도' | 그주마지막날=False | 경기있음=False | 부상=False)
[09-04 04:54:37] [PERF-DAILYHOOK] 26주차 180일차: process_intl_week 0.059s | process_cwc_week 0.000s
[09-04 04:54:37] [PERF-DAY] 26주차 180일차 처리 0.060s (stype='고강도' | 그주마지막날=False | 경기있음=False | 부상=False)
[09-04 04:54:37] [진행 총계] 1.65초
[09-04 04:54:40] [PERF-WEEKTAIL] 28주차: _pay_salary 0.000s | _advance_week 2.664s
[09-04 04:54:40] [PERF-DAY] 28주차 196일차 처리 2.679s (stype='휴식' | 그주마지막날=True | 경기있음=False | 부상=False)
[09-04 04:54:40] [진행 총계] 2.71초
[09-04 04:54:40] [AI리그] 29주차 4943경기, OVR캐시 11393→11393) 세부: 경기조회 0.010s | 시뮬루프 0.036s | executemany(4943건) 0.010s | teams반영+commit 0.028s
[09-04 04:54:40] [주 마무리] 29주차 0.09s (국제대회 0.00s | 챔스 0.00s | 클럽WC 0.00s | 국내컵 0.00s | 리그시뮬 0.09s)
[09-04 04:54:40] [PERF-DAY] 29주차 203일차 처리 0.093s (stype='휴식' | 그주마지막날=True | 경기있음=False | 부상=False)
[09-04 04:54:41] [AI리그] 30주차 6683경기, OVR캐시 11393→11393) 세부: 경기조회 0.010s | 시뮬루프 0.046s | executemany(6683건) 0.014s | teams반영+commit 0.034s
[09-04 04:54:41] [주 마무리] 30주차 0.18s (국제대회 0.00s | 챔스 0.00s | 클럽WC 0.00s | 국내컵 0.08s | 리그시뮬 0.11s)
[09-04 04:54:41] [PERF-DAY] 30주차 210일차 처리 0.188s (stype='휴식' | 그주마지막날=True | 경기있음=False | 부상=False)
[09-04 04:54:41] [AI리그] 31주차 6722경기, OVR캐시 11393→11393) 세부: 경기조회 0.010s | 시뮬루프 0.047s | executemany(6722건) 0.016s | teams반영+commit 0.039s
[09-04 04:54:41] [주 마무리] 31주차 0.12s (국제대회 0.00s | 챔스 0.00s | 클럽WC 0.00s | 국내컵 0.00s | 리그시뮬 0.11s)
[09-04 04:54:41] [PERF-DAY] 31주차 217일차 처리 0.120s (stype='휴식' | 그주마지막날=True | 경기있음=False | 부상=False)
[09-04 04:54:42] [AI리그] 32주차 6569경기, OVR캐시 11393→11393) 세부: 경기조회 0.009s | 시뮬루프 0.046s | executemany(6569건) 0.015s | teams반영+commit 0.038s
[09-04 04:54:42] [주 마무리] 32주차 0.18s (국제대회 0.00s | 챔스 0.00s | 클럽WC 0.00s | 국내컵 0.07s | 리그시뮬 0.11s)
[09-04 04:54:42] [PERF-DAY] 32주차 224일차 처리 0.186s (stype='휴식' | 그주마지막날=True | 경기있음=False | 부상=False)
[09-04 04:54:42] [AI리그] 33주차 6949경기, OVR캐시 11393→11393) 세부: 경기조회 0.009s | 시뮬루프 0.049s | executemany(6949건) 0.016s | teams반영+commit 0.038s
[09-04 04:54:42] [주 마무리] 33주차 0.12s (국제대회 0.00s | 챔스 0.00s | 클럽WC 0.00s | 국내컵 0.00s | 리그시뮬 0.12s)
[09-04 04:54:42] [PERF-DAY] 33주차 231일차 처리 0.121s (stype='휴식' | 그주마지막날=True | 경기있음=False | 부상=False)
[09-04 04:54:42] [AI리그] 34주차 6515경기, OVR캐시 11393→11393) 세부: 경기조회 0.009s | 시뮬루프 0.047s | executemany(6515건) 0.015s | teams반영+commit 0.038s
[09-04 04:54:42] [주 마무리] 34주차 0.16s (국제대회 0.00s | 챔스 0.00s | 클럽WC 0.00s | 국내컵 0.05s | 리그시뮬 0.11s)
[09-04 04:54:42] [PERF-DAY] 34주차 238일차 처리 0.168s (stype='휴식' | 그주마지막날=True | 경기있음=False | 부상=False)
[09-04 04:54:42] [AI리그] 35주차 6888경기, OVR캐시 11393→11393) 세부: 경기조회 0.009s | 시뮬루프 0.047s | executemany(6888건) 0.016s | teams반영+commit 0.038s
[09-04 04:54:42] [주 마무리] 35주차 0.11s (국제대회 0.00s | 챔스 0.00s | 클럽WC 0.00s | 국내컵 0.00s | 리그시뮬 0.11s)
[09-04 04:54:42] [PERF-DAY] 35주차 245일차 처리 0.118s (stype='휴식' | 그주마지막날=True | 경기있음=False | 부상=False)
[09-04 04:54:43] [AI리그] 36주차 7137경기, OVR캐시 11393→11393) 세부: 경기조회 0.008s | 시뮬루프 0.048s | executemany(7137건) 0.016s | teams반영+commit 0.035s
[09-04 04:54:43] [주 마무리] 36주차 0.16s (국제대회 0.00s | 챔스 0.00s | 클럽WC 0.00s | 국내컵 0.05s | 리그시뮬 0.11s)
[09-04 04:54:43] [PERF-DAY] 36주차 252일차 처리 0.161s (stype='휴식' | 그주마지막날=True | 경기있음=False | 부상=False)
[09-04 04:54:43] [AI리그] 37주차 6556경기, OVR캐시 11393→11393) 세부: 경기조회 0.007s | 시뮬루프 0.047s | executemany(6556건) 0.014s | teams반영+commit 0.035s
[09-04 04:54:43] [주 마무리] 37주차 0.11s (국제대회 0.00s | 챔스 0.00s | 클럽WC 0.00s | 국내컵 0.00s | 리그시뮬 0.11s)
[09-04 04:54:43] [PERF-DAY] 37주차 259일차 처리 0.111s (stype='휴식' | 그주마지막날=True | 경기있음=False | 부상=False)
[09-04 04:54:43] [AI리그] 38주차 6730경기, OVR캐시 11393→11393) 세부: 경기조회 0.007s | 시뮬루프 0.047s | executemany(6730건) 0.015s | teams반영+commit 0.036s
[09-04 04:54:43] [주 마무리] 38주차 0.17s (국제대회 0.00s | 챔스 0.00s | 클럽WC 0.00s | 국내컵 0.06s | 리그시뮬 0.11s)
[09-04 04:54:43] [PERF-DAY] 38주차 266일차 처리 0.176s (stype='휴식' | 그주마지막날=True | 경기있음=False | 부상=False)
[09-04 04:54:44] [AI리그] 39주차 6855경기, OVR캐시 11393→11393) 세부: 경기조회 0.007s | 시뮬루프 0.049s | executemany(6855건) 0.014s | teams반영+commit 0.034s
[09-04 04:54:44] [주 마무리] 39주차 0.11s (국제대회 0.00s | 챔스 0.00s | 클럽WC 0.00s | 국내컵 0.00s | 리그시뮬 0.11s)
[09-04 04:54:44] [PERF-DAY] 39주차 273일차 처리 0.111s (stype='휴식' | 그주마지막날=True | 경기있음=False | 부상=False)
[09-04 04:54:44] [AI리그] 40주차 6844경기, OVR캐시 11393→11393) 세부: 경기조회 0.006s | 시뮬루프 0.045s | executemany(6844건) 0.014s | teams반영+commit 0.034s
[09-04 04:54:44] [주 마무리] 40주차 0.13s (국제대회 0.00s | 챔스 0.00s | 클럽WC 0.00s | 국내컵 0.02s | 리그시뮬 0.10s)
[09-04 04:54:44] [PERF-DAY] 40주차 280일차 처리 0.129s (stype='휴식' | 그주마지막날=True | 경기있음=False | 부상=False)
[09-04 04:54:44] [AI리그] 41주차 6841경기, OVR캐시 11393→11393) 세부: 경기조회 0.006s | 시뮬루프 0.048s | executemany(6841건) 0.014s | teams반영+commit 0.035s
[09-04 04:54:44] [주 마무리] 41주차 0.11s (국제대회 0.00s | 챔스 0.00s | 클럽WC 0.00s | 국내컵 0.00s | 리그시뮬 0.11s)
[09-04 04:54:44] [PERF-DAY] 41주차 287일차 처리 0.111s (stype='휴식' | 그주마지막날=True | 경기있음=False | 부상=False)
[09-04 04:54:44] [AI리그] 42주차 6742경기, OVR캐시 11393→11393) 세부: 경기조회 0.006s | 시뮬루프 0.049s | executemany(6742건) 0.015s | teams반영+commit 0.032s
[09-04 04:54:44] [주 마무리] 42주차 0.11s (국제대회 0.00s | 챔스 0.00s | 클럽WC 0.00s | 국내컵 0.01s | 리그시뮬 0.10s)
[09-04 04:54:44] [PERF-DAY] 42주차 294일차 처리 0.115s (stype='휴식' | 그주마지막날=True | 경기있음=False | 부상=False)
[09-04 04:54:46] [PERF-PROMO] _process_promotion_relegation 세부: my_player/season조회 0.001s | teams+leagues조회 0.012s | standings계산(710개리그) 0.267s | ai_players OVR스캔 0.220s | 승강판정루프(211개국) 0.025s | executemany(1212건) 0.017s | 리스케일(1212건) 0.314s | commit/close 0.328s | 캐시무효화 0.000s
[09-04 04:54:46] [PERF-SEASON] finalize_club_season 세부: finish_incomplete_matches=0.046s | promotion_relegation=1.191s
[09-04 04:54:46] [PERF-YEAR] 43주차(CLUB_SEASON_END_DAY) 세부: finalize_club_season=1.238s | promotion_playoffs=0.025s | PRAGMA optimize=0.000s
[09-04 04:54:46] [PERF-DAY] 43주차 300일차 처리 1.278s (stype='휴식' | 그주마지막날=False | 경기있음=False | 부상=False)
[09-04 04:54:46] [진행 총계] 1.32초
[09-04 04:54:46] [PERF-DAILYHOOK] 44주차 304일차: process_po_week 0.050s
[09-04 04:54:46] [PERF-DAY] 44주차 304일차 처리 0.052s (stype='고강도' | 그주마지막날=False | 경기있음=False | 부상=False)
[09-04 04:54:46] [PERF-DAILYHOOK] 44주차 306일차: process_po_week 0.069s
[09-04 04:54:46] [PERF-DAY] 44주차 306일차 처리 0.071s (stype='고강도' | 그주마지막날=False | 경기있음=False | 부상=False)
[09-04 04:54:47] [PERF]   _end_of_season 세부: AI생애주기 0.00s (승강제 타이밍은 43주 _finalize_club_season으로 이동 — 여기 안 잡힘)
[09-04 04:54:48] [PERF]   일정생성 세부: 아카이브이동 0.81s | 완비판정조회 0.01s | 기존경기dedup조회 0.00s | 일정계산 0.20s | INSERT+commit 0.38s | (대상리그 710개, 신규경기 201400건)
[09-04 04:54:49] [PERF]   인덱스재생성 0.35s
[09-04 04:54:50] [PERF] 연도전환 총 3.30s (커리어정리 0.00s | _end_of_season 0.01s | 일정생성 1.76s | 파워랭킹 1.52s | PRAGMA optimize 0.00s)
[09-04 04:54:50] [PERF-WEEKTAIL] 52주차: _pay_salary 0.000s | _advance_week 3.303s
[09-04 04:54:50] [PERF-DAY] 52주차 364일차 처리 3.306s (stype='휴식' | 그주마지막날=True | 경기있음=False | 부상=False)
[09-04 04:54:50] [진행 총계] 3.32초
[09-04 05:10:23] [PERF]   일정생성 세부: 아카이브이동 0.00s | 완비판정조회 0.01s | 기존경기dedup조회 0.00s | 일정계산 0.21s | INSERT+commit 0.34s | (대상리그 710개, 신규경기 201400건)
[09-04 05:10:24] [PERF]   인덱스재생성 0.35s
[09-04 05:10:30] [AI리그] 4주차 4527경기, OVR캐시 0→9054) 세부: 경기조회 0.014s | 시뮬루프 0.371s | executemany(4527건) 0.011s | teams반영+commit 0.029s
[09-04 05:10:30] [주 마무리] 4주차 0.43s (국제대회 0.00s | 챔스 0.00s | 클럽WC 0.00s | 국내컵 0.00s | 리그시뮬 0.43s)
[09-04 05:10:30] [PERF-WEEKTAIL] 4주차: _pay_salary 0.000s | _advance_week 0.155s
[09-04 05:10:30] [PERF-DAY] 4주차 28일차 처리 0.583s (stype='휴식' | 그주마지막날=True | 경기있음=False | 부상=False)
[09-04 05:10:30] [진행 총계] 0.59초
[09-04 05:10:31] [AI리그] 5주차 5771경기, OVR캐시 11263→11393) 세부: 경기조회 0.015s | 시뮬루프 0.177s | executemany(5771건) 0.013s | teams반영+commit 0.039s
[09-04 05:10:31] [주 마무리] 5주차 0.36s (국제대회 0.00s | 챔스 0.00s | 클럽WC 0.00s | 국내컵 0.12s | 리그시뮬 0.25s)
[09-04 05:10:31] [PERF-DAY] 5주차 35일차 처리 0.362s (stype='휴식' | 그주마지막날=True | 경기있음=False | 부상=False)
[09-04 05:10:31] [진행 총계] 0.37초
[09-04 05:10:31] [AI리그] 6주차 5734경기, OVR캐시 11393→11393) 세부: 경기조회 0.016s | 시뮬루프 0.156s | executemany(5734건) 0.013s | teams반영+commit 0.041s
[09-04 05:10:31] [주 마무리] 6주차 0.35s (국제대회 0.00s | 챔스 0.00s | 클럽WC 0.00s | 국내컵 0.12s | 리그시뮬 0.23s)
[09-04 05:10:31] [PERF-DAY] 6주차 42일차 처리 0.348s (stype='휴식' | 그주마지막날=True | 경기있음=False | 부상=False)
[09-04 05:10:31] [진행 총계] 0.35초
[09-04 05:10:32] [AI리그] 7주차 5801경기, OVR캐시 11393→11393) 세부: 경기조회 0.014s | 시뮬루프 0.153s | executemany(5801건) 0.014s | teams반영+commit 0.040s
[09-04 05:10:32] [주 마무리] 7주차 0.31s (국제대회 0.00s | 챔스 0.00s | 클럽WC 0.00s | 국내컵 0.09s | 리그시뮬 0.22s)
[09-04 05:10:32] [PERF-DAY] 7주차 49일차 처리 0.356s (stype='휴식' | 그주마지막날=True | 경기있음=False | 부상=False)
[09-04 05:10:32] [진행 총계] 0.36초
[09-04 05:10:32] [AI리그] 8주차 5757경기, OVR캐시 11393→11393) 세부: 경기조회 0.014s | 시뮬루프 0.151s | executemany(5757건) 0.012s | teams반영+commit 0.032s
[09-04 05:10:32] [주 마무리] 8주차 0.21s (국제대회 0.00s | 챔스 0.00s | 클럽WC 0.00s | 국내컵 0.00s | 리그시뮬 0.21s)
[09-04 05:10:32] [PERF-DAY] 8주차 56일차 처리 0.215s (stype='휴식' | 그주마지막날=True | 경기있음=False | 부상=False)
[09-04 05:10:32] [AI리그] 9주차 5731경기, OVR캐시 11393→11393) 세부: 경기조회 0.014s | 시뮬루프 0.152s | executemany(5731건) 0.012s | teams반영+commit 0.034s
[09-04 05:10:32] [주 마무리] 9주차 0.24s (국제대회 0.00s | 챔스 0.03s | 클럽WC 0.00s | 국내컵 0.00s | 리그시뮬 0.21s)
[09-04 05:10:32] [PERF-DAY] 9주차 63일차 처리 0.246s (stype='휴식' | 그주마지막날=True | 경기있음=False | 부상=False)
[09-04 05:10:32] [AI리그] 10주차 5766경기, OVR캐시 11393→11393) 세부: 경기조회 0.014s | 시뮬루프 0.156s | executemany(5766건) 0.013s | teams반영+commit 0.040s
[09-04 05:10:32] [주 마무리] 10주차 0.25s (국제대회 0.00s | 챔스 0.02s | 클럽WC 0.00s | 국내컵 0.00s | 리그시뮬 0.22s)
[09-04 05:10:32] [PERF-DAY] 10주차 70일차 처리 0.251s (stype='휴식' | 그주마지막날=True | 경기있음=False | 부상=False)
[09-04 05:10:33] [AI리그] 11주차 5618경기, OVR캐시 11393→11393) 세부: 경기조회 0.013s | 시뮬루프 0.154s | executemany(5618건) 0.013s | teams반영+commit 0.038s
[09-04 05:10:33] [주 마무리] 11주차 0.25s (국제대회 0.00s | 챔스 0.02s | 클럽WC 0.00s | 국내컵 0.00s | 리그시뮬 0.22s)
[09-04 05:10:33] [PERF-DAY] 11주차 77일차 처리 0.247s (stype='휴식' | 그주마지막날=True | 경기있음=False | 부상=False)
[09-04 05:10:33] [AI리그] 12주차 5609경기, OVR캐시 11393→11393) 세부: 경기조회 0.013s | 시뮬루프 0.149s | executemany(5609건) 0.011s | teams반영+commit 0.031s
[09-04 05:10:33] [주 마무리] 12주차 0.23s (국제대회 0.00s | 챔스 0.02s | 클럽WC 0.00s | 국내컵 0.00s | 리그시뮬 0.21s)
[09-04 05:10:33] [PERF-DAY] 12주차 84일차 처리 0.232s (stype='휴식' | 그주마지막날=True | 경기있음=False | 부상=False)
[09-04 05:10:33] [AI리그] 13주차 5233경기, OVR캐시 11393→11393) 세부: 경기조회 0.013s | 시뮬루프 0.138s | executemany(5233건) 0.011s | teams반영+commit 0.031s
[09-04 05:10:33] [주 마무리] 13주차 0.22s (국제대회 0.00s | 챔스 0.02s | 클럽WC 0.00s | 국내컵 0.00s | 리그시뮬 0.19s)
[09-04 05:10:33] [PERF-DAY] 13주차 91일차 처리 0.221s (stype='휴식' | 그주마지막날=True | 경기있음=False | 부상=False)
[09-04 05:10:34] [AI리그] 14주차 5527경기, OVR캐시 11393→11393) 세부: 경기조회 0.012s | 시뮬루프 0.147s | executemany(5527건) 0.013s | teams반영+commit 0.034s
[09-04 05:10:34] [주 마무리] 14주차 0.23s (국제대회 0.00s | 챔스 0.02s | 클럽WC 0.00s | 국내컵 0.00s | 리그시뮬 0.21s)
[09-04 05:10:34] [PERF-DAY] 14주차 98일차 처리 0.235s (stype='휴식' | 그주마지막날=True | 경기있음=False | 부상=False)
[09-04 05:10:34] [AI리그] 15주차 5747경기, OVR캐시 11393→11393) 세부: 경기조회 0.012s | 시뮬루프 0.154s | executemany(5747건) 0.013s | teams반영+commit 0.033s
[09-04 05:10:34] [주 마무리] 15주차 0.24s (국제대회 0.00s | 챔스 0.02s | 클럽WC 0.00s | 국내컵 0.00s | 리그시뮬 0.21s)
[09-04 05:10:34] [PERF-DAY] 15주차 105일차 처리 0.240s (stype='휴식' | 그주마지막날=True | 경기있음=False | 부상=False)
[09-04 05:10:34] [AI리그] 16주차 5732경기, OVR캐시 11393→11393) 세부: 경기조회 0.012s | 시뮬루프 0.158s | executemany(5732건) 0.014s | teams반영+commit 0.037s
[09-04 05:10:34] [주 마무리] 16주차 0.27s (국제대회 0.00s | 챔스 0.05s | 클럽WC 0.00s | 국내컵 0.00s | 리그시뮬 0.22s)
[09-04 05:10:34] [PERF-DAY] 16주차 112일차 처리 0.272s (stype='휴식' | 그주마지막날=True | 경기있음=False | 부상=False)
[09-04 05:10:35] [AI리그] 17주차 5482경기, OVR캐시 11393→11393) 세부: 경기조회 0.011s | 시뮬루프 0.148s | executemany(5482건) 0.013s | teams반영+commit 0.036s
[09-04 05:10:35] [주 마무리] 17주차 0.21s (국제대회 0.00s | 챔스 0.00s | 클럽WC 0.00s | 국내컵 0.00s | 리그시뮬 0.21s)
[09-04 05:10:35] [PERF-DAY] 17주차 119일차 처리 0.216s (stype='휴식' | 그주마지막날=True | 경기있음=False | 부상=False)
[09-04 05:10:35] [AI리그] 18주차 5384경기, OVR캐시 11393→11393) 세부: 경기조회 0.012s | 시뮬루프 0.150s | executemany(5384건) 0.013s | teams반영+commit 0.035s
[09-04 05:10:35] [주 마무리] 18주차 0.24s (국제대회 0.00s | 챔스 0.03s | 클럽WC 0.00s | 국내컵 0.00s | 리그시뮬 0.21s)
[09-04 05:10:35] [PERF-DAY] 18주차 126일차 처리 0.241s (stype='휴식' | 그주마지막날=True | 경기있음=False | 부상=False)
[09-04 05:10:35] [AI리그] 19주차 3886경기, OVR캐시 11393→11393) 세부: 경기조회 0.010s | 시뮬루프 0.104s | executemany(3886건) 0.009s | teams반영+commit 0.025s
[09-04 05:10:35] [주 마무리] 19주차 0.15s (국제대회 0.00s | 챔스 0.00s | 클럽WC 0.00s | 국내컵 0.00s | 리그시뮬 0.15s)
[09-04 05:10:35] [PERF-DAY] 19주차 133일차 처리 0.156s (stype='휴식' | 그주마지막날=True | 경기있음=False | 부상=False)
[09-04 05:10:36] [AI리그] 20주차 3343경기, OVR캐시 11393→11393) 세부: 경기조회 0.009s | 시뮬루프 0.089s | executemany(3343건) 0.007s | teams반영+commit 0.018s
[09-04 05:10:36] [주 마무리] 20주차 0.15s (국제대회 0.00s | 챔스 0.02s | 클럽WC 0.00s | 국내컵 0.00s | 리그시뮬 0.12s)
[09-04 05:10:36] [PERF-DAY] 20주차 140일차 처리 0.148s (stype='휴식' | 그주마지막날=True | 경기있음=False | 부상=False)
[09-04 05:10:36] [AI리그] 21주차 2934경기, OVR캐시 11393→11393) 세부: 경기조회 0.009s | 시뮬루프 0.079s | executemany(2934건) 0.006s | teams반영+commit 0.015s
[09-04 05:10:36] [주 마무리] 21주차 0.12s (국제대회 0.00s | 챔스 0.01s | 클럽WC 0.00s | 국내컵 0.00s | 리그시뮬 0.11s)
[09-04 05:10:36] [PERF-DAY] 21주차 147일차 처리 0.126s (stype='휴식' | 그주마지막날=True | 경기있음=False | 부상=False)
[09-04 05:10:36] [AI리그] 22주차 2779경기, OVR캐시 11393→11393) 세부: 경기조회 0.009s | 시뮬루프 0.075s | executemany(2779건) 0.006s | teams반영+commit 0.014s
[09-04 05:10:36] [주 마무리] 22주차 0.12s (국제대회 0.00s | 챔스 0.01s | 클럽WC 0.00s | 국내컵 0.00s | 리그시뮬 0.11s)
[09-04 05:10:36] [PERF-DAY] 22주차 154일차 처리 0.118s (stype='휴식' | 그주마지막날=True | 경기있음=False | 부상=False)
[09-04 05:10:36] [AI리그] 23주차 2291경기, OVR캐시 11393→11393) 세부: 경기조회 0.008s | 시뮬루프 0.061s | executemany(2291건) 0.006s | teams반영+commit 0.012s
[09-04 05:10:36] [주 마무리] 23주차 0.10s (국제대회 0.00s | 챔스 0.01s | 클럽WC 0.00s | 국내컵 0.00s | 리그시뮬 0.09s)
[09-04 05:10:36] [PERF-DAY] 23주차 161일차 처리 0.109s (stype='휴식' | 그주마지막날=True | 경기있음=False | 부상=False)
[09-04 05:10:36] [AI리그] 24주차 2602경기, OVR캐시 11393→11393) 세부: 경기조회 0.009s | 시뮬루프 0.053s | executemany(2602건) 0.006s | teams반영+commit 0.011s
[09-04 05:10:36] [주 마무리] 24주차 0.08s (국제대회 0.00s | 챔스 0.00s | 클럽WC 0.00s | 국내컵 0.00s | 리그시뮬 0.08s)
[09-04 05:10:36] [PERF-DAY] 24주차 168일차 처리 0.084s (stype='휴식' | 그주마지막날=True | 경기있음=False | 부상=False)
[09-04 05:10:37] [PERF-DAILYHOOK] 25주차 169일차: process_intl_week 0.420s | process_cwc_week 0.000s
[09-04 05:10:37] [PERF-DAY] 25주차 169일차 처리 0.422s (stype='고강도' | 그주마지막날=False | 경기있음=False | 부상=False)
[09-04 05:10:37] [진행 총계] 0.45초
[09-04 05:10:40] [PERF-WEEKTAIL] 28주차: _pay_salary 0.000s | _advance_week 2.631s
[09-04 05:10:40] [PERF-DAY] 28주차 196일차 처리 2.641s (stype='휴식' | 그주마지막날=True | 경기있음=False | 부상=False)
[09-04 05:10:40] [진행 총계] 2.65초
[09-04 05:10:40] [AI리그] 29주차 4943경기, OVR캐시 11393→11393) 세부: 경기조회 0.010s | 시뮬루프 0.133s | executemany(4943건) 0.011s | teams반영+commit 0.026s
[09-04 05:10:40] [주 마무리] 29주차 0.18s (국제대회 0.00s | 챔스 0.00s | 클럽WC 0.00s | 국내컵 0.00s | 리그시뮬 0.18s)
[09-04 05:10:40] [PERF-DAY] 29주차 203일차 처리 0.184s (stype='휴식' | 그주마지막날=True | 경기있음=False | 부상=False)
[09-04 05:10:40] [AI리그] 30주차 6683경기, OVR캐시 11393→11393) 세부: 경기조회 0.010s | 시뮬루프 0.164s | executemany(6683건) 0.014s | teams반영+commit 0.035s
[09-04 05:10:40] [주 마무리] 30주차 0.29s (국제대회 0.00s | 챔스 0.00s | 클럽WC 0.00s | 국내컵 0.07s | 리그시뮬 0.23s)
[09-04 05:10:40] [PERF-DAY] 30주차 210일차 처리 0.294s (stype='휴식' | 그주마지막날=True | 경기있음=False | 부상=True)
[09-04 05:10:41] [AI리그] 31주차 6722경기, OVR캐시 11393→11393) 세부: 경기조회 0.010s | 시뮬루프 0.161s | executemany(6722건) 0.014s | teams반영+commit 0.034s
[09-04 05:10:41] [주 마무리] 31주차 0.22s (국제대회 0.00s | 챔스 0.00s | 클럽WC 0.00s | 국내컵 0.00s | 리그시뮬 0.22s)
[09-04 05:10:41] [PERF-DAY] 31주차 217일차 처리 0.224s (stype='휴식' | 그주마지막날=True | 경기있음=False | 부상=True)
[09-04 05:10:41] [AI리그] 32주차 6569경기, OVR캐시 11393→11393) 세부: 경기조회 0.009s | 시뮬루프 0.167s | executemany(6569건) 0.015s | teams반영+commit 0.037s
[09-04 05:10:41] [주 마무리] 32주차 0.30s (국제대회 0.00s | 챔스 0.00s | 클럽WC 0.00s | 국내컵 0.07s | 리그시뮬 0.23s)
[09-04 05:10:41] [PERF-DAY] 32주차 224일차 처리 0.297s (stype='휴식' | 그주마지막날=True | 경기있음=False | 부상=False)
[09-04 05:10:41] [진행 총계] 0.30초
[09-04 05:10:41] [AI리그] 33주차 6949경기, OVR캐시 11393→11393) 세부: 경기조회 0.010s | 시뮬루프 0.162s | executemany(6949건) 0.014s | teams반영+commit 0.028s
[09-04 05:10:41] [주 마무리] 33주차 0.22s (국제대회 0.00s | 챔스 0.00s | 클럽WC 0.00s | 국내컵 0.00s | 리그시뮬 0.22s)
[09-04 05:10:41] [PERF-DAY] 33주차 231일차 처리 0.219s (stype='휴식' | 그주마지막날=True | 경기있음=False | 부상=False)
[09-04 05:10:42] [AI리그] 34주차 6515경기, OVR캐시 11393→11393) 세부: 경기조회 0.009s | 시뮬루프 0.160s | executemany(6515건) 0.013s | teams반영+commit 0.029s
[09-04 05:10:42] [주 마무리] 34주차 0.26s (국제대회 0.00s | 챔스 0.00s | 클럽WC 0.00s | 국내컵 0.05s | 리그시뮬 0.21s)
[09-04 05:10:42] [PERF-DAY] 34주차 238일차 처리 0.262s (stype='휴식' | 그주마지막날=True | 경기있음=False | 부상=False)
[09-04 05:10:42] [AI리그] 35주차 6888경기, OVR캐시 11393→11393) 세부: 경기조회 0.009s | 시뮬루프 0.170s | executemany(6888건) 0.013s | teams반영+commit 0.029s
[09-04 05:10:42] [주 마무리] 35주차 0.23s (국제대회 0.00s | 챔스 0.00s | 클럽WC 0.00s | 국내컵 0.00s | 리그시뮬 0.22s)
[09-04 05:10:42] [PERF-DAY] 35주차 245일차 처리 0.226s (stype='휴식' | 그주마지막날=True | 경기있음=False | 부상=False)
[09-04 05:10:42] [AI리그] 36주차 7137경기, OVR캐시 11393→11393) 세부: 경기조회 0.008s | 시뮬루프 0.166s | executemany(7137건) 0.015s | teams반영+commit 0.033s
[09-04 05:10:42] [주 마무리] 36주차 0.27s (국제대회 0.00s | 챔스 0.00s | 클럽WC 0.00s | 국내컵 0.04s | 리그시뮬 0.22s)
[09-04 05:10:42] [PERF-DAY] 36주차 252일차 처리 0.269s (stype='휴식' | 그주마지막날=True | 경기있음=False | 부상=False)
[09-04 05:10:43] [AI리그] 37주차 6556경기, OVR캐시 11393→11393) 세부: 경기조회 0.007s | 시뮬루프 0.165s | executemany(6556건) 0.014s | teams반영+commit 0.034s
[09-04 05:10:43] [주 마무리] 37주차 0.22s (국제대회 0.00s | 챔스 0.00s | 클럽WC 0.00s | 국내컵 0.00s | 리그시뮬 0.22s)
[09-04 05:10:43] [PERF-DAY] 37주차 259일차 처리 0.225s (stype='휴식' | 그주마지막날=True | 경기있음=False | 부상=False)
[09-04 05:10:43] [AI리그] 38주차 6730경기, OVR캐시 11393→11393) 세부: 경기조회 0.007s | 시뮬루프 0.167s | executemany(6730건) 0.015s | teams반영+commit 0.036s
[09-04 05:10:43] [주 마무리] 38주차 0.29s (국제대회 0.00s | 챔스 0.00s | 클럽WC 0.00s | 국내컵 0.06s | 리그시뮬 0.23s)
[09-04 05:10:43] [PERF-DAY] 38주차 266일차 처리 0.288s (stype='휴식' | 그주마지막날=True | 경기있음=False | 부상=False)
[09-04 05:10:43] [AI리그] 39주차 6855경기, OVR캐시 11393→11393) 세부: 경기조회 0.007s | 시뮬루프 0.166s | executemany(6855건) 0.015s | teams반영+commit 0.036s
[09-04 05:10:43] [주 마무리] 39주차 0.23s (국제대회 0.00s | 챔스 0.00s | 클럽WC 0.00s | 국내컵 0.00s | 리그시뮬 0.23s)
[09-04 05:10:43] [PERF-DAY] 39주차 273일차 처리 0.228s (stype='휴식' | 그주마지막날=True | 경기있음=False | 부상=False)
[09-04 05:10:44] [AI리그] 40주차 6844경기, OVR캐시 11393→11393) 세부: 경기조회 0.006s | 시뮬루프 0.171s | executemany(6844건) 0.015s | teams반영+commit 0.036s
[09-04 05:10:44] [주 마무리] 40주차 0.25s (국제대회 0.00s | 챔스 0.00s | 클럽WC 0.00s | 국내컵 0.02s | 리그시뮬 0.23s)
[09-04 05:10:44] [PERF-DAY] 40주차 280일차 처리 0.254s (stype='휴식' | 그주마지막날=True | 경기있음=False | 부상=False)
[09-04 05:10:44] [AI리그] 41주차 6841경기, OVR캐시 11393→11393) 세부: 경기조회 0.006s | 시뮬루프 0.167s | executemany(6841건) 0.016s | teams반영+commit 0.037s
[09-04 05:10:44] [주 마무리] 41주차 0.23s (국제대회 0.00s | 챔스 0.00s | 클럽WC 0.00s | 국내컵 0.00s | 리그시뮬 0.23s)
[09-04 05:10:44] [PERF-DAY] 41주차 287일차 처리 0.230s (stype='휴식' | 그주마지막날=True | 경기있음=False | 부상=False)
[09-04 05:10:44] [AI리그] 42주차 6742경기, OVR캐시 11393→11393) 세부: 경기조회 0.005s | 시뮬루프 0.156s | executemany(6742건) 0.015s | teams반영+commit 0.035s
[09-04 05:10:44] [주 마무리] 42주차 0.22s (국제대회 0.00s | 챔스 0.00s | 클럽WC 0.00s | 국내컵 0.01s | 리그시뮬 0.21s)
[09-04 05:10:44] [PERF-DAY] 42주차 294일차 처리 0.221s (stype='휴식' | 그주마지막날=True | 경기있음=False | 부상=False)
[09-04 05:10:46] [PERF-PROMO] _process_promotion_relegation 세부: my_player/season조회 0.001s | teams+leagues조회 0.011s | standings계산(710개리그) 0.265s | ai_players OVR스캔 0.205s | 승강판정루프(211개국) 0.026s | executemany(1212건) 0.015s | 리스케일(1212건) 0.335s | commit/close 0.311s | 캐시무효화 0.000s
[09-04 05:10:46] [PERF-SEASON] finalize_club_season 세부: finish_incomplete_matches=0.045s | promotion_relegation=1.177s
[09-04 05:10:46] [PERF-YEAR] 43주차(CLUB_SEASON_END_DAY) 세부: finalize_club_season=1.222s | promotion_playoffs=0.023s | PRAGMA optimize=0.023s
[09-04 05:10:46] [PERF-DAY] 43주차 300일차 처리 1.280s (stype='휴식' | 그주마지막날=False | 경기있음=False | 부상=False)
[09-04 05:10:46] [진행 총계] 1.30초
[09-04 05:10:46] [PERF-DAILYHOOK] 44주차 306일차: process_po_week 0.064s
[09-04 05:10:46] [PERF-DAY] 44주차 306일차 처리 0.065s (stype='고강도' | 그주마지막날=False | 경기있음=False | 부상=False)
[09-04 05:10:46] [PERF-DAILYHOOK] 46주차 316일차: process_intl_week 0.147s | process_cwc_week 0.000s
[09-04 05:10:46] [PERF-DAY] 46주차 316일차 처리 0.148s (stype='고강도' | 그주마지막날=False | 경기있음=False | 부상=False)
[09-04 05:10:46] [PERF-DAILYHOOK] 46주차 317일차: process_intl_week 0.136s | process_cwc_week 0.000s
[09-04 05:10:46] [PERF-DAY] 46주차 317일차 처리 0.138s (stype='휴식' | 그주마지막날=False | 경기있음=False | 부상=False)
[09-04 05:10:46] [PERF-DAILYHOOK] 46주차 318일차: process_intl_week 0.162s | process_cwc_week 0.000s
[09-04 05:10:46] [PERF-DAY] 46주차 318일차 처리 0.163s (stype='고강도' | 그주마지막날=False | 경기있음=False | 부상=False)
[09-04 05:10:46] [PERF-DAILYHOOK] 46주차 319일차: process_intl_week 0.133s | process_cwc_week 0.000s
[09-04 05:10:46] [PERF-DAY] 46주차 319일차 처리 0.134s (stype='휴식' | 그주마지막날=False | 경기있음=False | 부상=False)
[09-04 05:10:46] [진행 총계] 0.61초
[09-04 05:10:47] [PERF]   _end_of_season 세부: AI생애주기 0.01s (승강제 타이밍은 43주 _finalize_club_season으로 이동 — 여기 안 잡힘)
[09-04 05:10:48] [PERF]   일정생성 세부: 아카이브이동 0.73s | 완비판정조회 0.01s | 기존경기dedup조회 0.00s | 일정계산 0.21s | INSERT+commit 0.36s | (대상리그 710개, 신규경기 201400건)
[09-04 05:10:49] [PERF]   인덱스재생성 0.34s
[09-04 05:10:50] [PERF] 연도전환 총 3.52s (커리어정리 0.00s | _end_of_season 0.03s | 일정생성 1.66s | 파워랭킹 1.84s | PRAGMA optimize 0.01s)
[09-04 05:10:50] [PERF-WEEKTAIL] 52주차: _pay_salary 0.000s | _advance_week 3.524s
[09-04 05:10:50] [PERF-DAY] 52주차 364일차 처리 3.526s (stype='휴식' | 그주마지막날=True | 경기있음=False | 부상=False)
[09-04 05:10:50] [진행 총계] 3.53초
[09-04 05:10:51] [AI리그] 4주차 4527경기, OVR캐시 0→9054) 세부: 경기조회 0.015s | 시뮬루프 0.290s | executemany(4527건) 0.010s | teams반영+commit 0.025s
[09-04 05:10:51] [주 마무리] 4주차 0.34s (국제대회 0.00s | 챔스 0.00s | 클럽WC 0.00s | 국내컵 0.00s | 리그시뮬 0.34s)
[09-04 05:10:51] [PERF-WEEKTAIL] 4주차: _pay_salary 0.000s | _advance_week 0.168s
[09-04 05:10:51] [PERF-DAY] 4주차 28일차 처리 0.513s (stype='휴식' | 그주마지막날=True | 경기있음=False | 부상=False)
[09-04 05:10:51] [진행 총계] 0.52초
[09-04 05:10:52] [AI리그] 5주차 5771경기, OVR캐시 11263→11393) 세부: 경기조회 0.016s | 시뮬루프 0.064s | executemany(5771건) 0.012s | teams반영+commit 0.037s
[09-04 05:10:52] [주 마무리] 5주차 0.25s (국제대회 0.00s | 챔스 0.00s | 클럽WC 0.00s | 국내컵 0.12s | 리그시뮬 0.13s)
[09-04 05:10:52] [PERF-DAY] 5주차 35일차 처리 0.249s (stype='휴식' | 그주마지막날=True | 경기있음=False | 부상=False)
[09-04 05:10:52] [AI리그] 6주차 5734경기, OVR캐시 11393→11393) 세부: 경기조회 0.015s | 시뮬루프 0.043s | executemany(5734건) 0.011s | teams반영+commit 0.032s
[09-04 05:10:52] [주 마무리] 6주차 0.22s (국제대회 0.00s | 챔스 0.00s | 클럽WC 0.00s | 국내컵 0.12s | 리그시뮬 0.10s)
[09-04 05:10:52] [PERF-DAY] 6주차 42일차 처리 0.225s (stype='휴식' | 그주마지막날=True | 경기있음=False | 부상=False)
[09-04 05:10:52] [AI리그] 7주차 5801경기, OVR캐시 11393→11393) 세부: 경기조회 0.015s | 시뮬루프 0.048s | executemany(5801건) 0.013s | teams반영+commit 0.040s
[09-04 05:10:52] [주 마무리] 7주차 0.21s (국제대회 0.00s | 챔스 0.00s | 클럽WC 0.00s | 국내컵 0.09s | 리그시뮬 0.12s)
[09-04 05:10:52] [PERF-DAY] 7주차 49일차 처리 0.275s (stype='휴식' | 그주마지막날=True | 경기있음=False | 부상=False)
[09-04 05:10:53] [AI리그] 8주차 5757경기, OVR캐시 11393→11393) 세부: 경기조회 0.014s | 시뮬루프 0.042s | executemany(5757건) 0.013s | teams반영+commit 0.040s
[09-04 05:10:53] [주 마무리] 8주차 0.12s (국제대회 0.00s | 챔스 0.00s | 클럽WC 0.00s | 국내컵 0.00s | 리그시뮬 0.11s)
[09-04 05:10:53] [PERF-DAY] 8주차 56일차 처리 0.116s (stype='휴식' | 그주마지막날=True | 경기있음=False | 부상=False)
[09-04 05:10:53] [AI리그] 9주차 5731경기, OVR캐시 11393→11393) 세부: 경기조회 0.014s | 시뮬루프 0.048s | executemany(5731건) 0.013s | teams반영+commit 0.039s
[09-04 05:10:53] [주 마무리] 9주차 0.15s (국제대회 0.00s | 챔스 0.03s | 클럽WC 0.00s | 국내컵 0.00s | 리그시뮬 0.12s)
[09-04 05:10:53] [PERF-DAY] 9주차 63일차 처리 0.148s (stype='휴식' | 그주마지막날=True | 경기있음=False | 부상=False)
[09-04 05:10:53] [AI리그] 10주차 5766경기, OVR캐시 11393→11393) 세부: 경기조회 0.014s | 시뮬루프 0.041s | executemany(5766건) 0.013s | teams반영+commit 0.037s
[09-04 05:10:53] [주 마무리] 10주차 0.13s (국제대회 0.00s | 챔스 0.02s | 클럽WC 0.00s | 국내컵 0.00s | 리그시뮬 0.11s)
[09-04 05:10:53] [PERF-DAY] 10주차 70일차 처리 0.133s (stype='휴식' | 그주마지막날=True | 경기있음=False | 부상=False)
[09-04 05:10:53] [AI리그] 11주차 5618경기, OVR캐시 11393→11393) 세부: 경기조회 0.014s | 시뮬루프 0.041s | executemany(5618건) 0.013s | teams반영+commit 0.036s
[09-04 05:10:53] [주 마무리] 11주차 0.13s (국제대회 0.00s | 챔스 0.02s | 클럽WC 0.00s | 국내컵 0.00s | 리그시뮬 0.11s)
[09-04 05:10:53] [PERF-DAY] 11주차 77일차 처리 0.132s (stype='휴식' | 그주마지막날=True | 경기있음=False | 부상=False)
[09-04 05:10:53] [AI리그] 12주차 5609경기, OVR캐시 11393→11393) 세부: 경기조회 0.014s | 시뮬루프 0.045s | executemany(5609건) 0.013s | teams반영+commit 0.039s
[09-04 05:10:53] [주 마무리] 12주차 0.14s (국제대회 0.00s | 챔스 0.02s | 클럽WC 0.00s | 국내컵 0.00s | 리그시뮬 0.11s)
[09-04 05:10:53] [PERF-DAY] 12주차 84일차 처리 0.140s (stype='휴식' | 그주마지막날=True | 경기있음=False | 부상=False)
[09-04 05:10:54] [AI리그] 13주차 5233경기, OVR캐시 11393→11393) 세부: 경기조회 0.013s | 시뮬루프 0.039s | executemany(5233건) 0.012s | teams반영+commit 0.034s
[09-04 05:10:54] [주 마무리] 13주차 0.13s (국제대회 0.00s | 챔스 0.02s | 클럽WC 0.00s | 국내컵 0.00s | 리그시뮬 0.10s)
[09-04 05:10:54] [PERF-DAY] 13주차 91일차 처리 0.127s (stype='휴식' | 그주마지막날=True | 경기있음=False | 부상=False)
[09-04 05:10:54] [AI리그] 14주차 5527경기, OVR캐시 11393→11393) 세부: 경기조회 0.013s | 시뮬루프 0.043s | executemany(5527건) 0.013s | teams반영+commit 0.034s
[09-04 05:10:54] [주 마무리] 14주차 0.13s (국제대회 0.00s | 챔스 0.02s | 클럽WC 0.00s | 국내컵 0.00s | 리그시뮬 0.10s)
[09-04 05:10:54] [PERF-DAY] 14주차 98일차 처리 0.131s (stype='휴식' | 그주마지막날=True | 경기있음=False | 부상=False)
[09-04 05:10:54] [AI리그] 15주차 5747경기, OVR캐시 11393→11393) 세부: 경기조회 0.018s | 시뮬루프 0.041s | executemany(5747건) 0.013s | teams반영+commit 0.038s
[09-04 05:10:54] [주 마무리] 15주차 0.14s (국제대회 0.00s | 챔스 0.02s | 클럽WC 0.00s | 국내컵 0.00s | 리그시뮬 0.11s)
[09-04 05:10:54] [PERF-DAY] 15주차 105일차 처리 0.138s (stype='휴식' | 그주마지막날=True | 경기있음=False | 부상=False)
[09-04 05:10:54] [AI리그] 16주차 5732경기, OVR캐시 11393→11393) 세부: 경기조회 0.012s | 시뮬루프 0.043s | executemany(5732건) 0.013s | teams반영+commit 0.032s
[09-04 05:10:54] [주 마무리] 16주차 0.15s (국제대회 0.00s | 챔스 0.05s | 클럽WC 0.00s | 국내컵 0.00s | 리그시뮬 0.10s)
[09-04 05:10:54] [PERF-DAY] 16주차 112일차 처리 0.151s (stype='휴식' | 그주마지막날=True | 경기있음=False | 부상=False)
[09-04 05:10:54] [AI리그] 17주차 5482경기, OVR캐시 11393→11393) 세부: 경기조회 0.012s | 시뮬루프 0.045s | executemany(5482건) 0.012s | teams반영+commit 0.032s
[09-04 05:10:54] [주 마무리] 17주차 0.11s (국제대회 0.00s | 챔스 0.00s | 클럽WC 0.00s | 국내컵 0.00s | 리그시뮬 0.10s)
[09-04 05:10:54] [PERF-DAY] 17주차 119일차 처리 0.108s (stype='휴식' | 그주마지막날=True | 경기있음=False | 부상=False)
[09-04 05:10:55] [AI리그] 18주차 5384경기, OVR캐시 11393→11393) 세부: 경기조회 0.011s | 시뮬루프 0.039s | executemany(5384건) 0.013s | teams반영+commit 0.035s
[09-04 05:10:55] [주 마무리] 18주차 0.13s (국제대회 0.00s | 챔스 0.02s | 클럽WC 0.00s | 국내컵 0.00s | 리그시뮬 0.10s)
[09-04 05:10:55] [PERF-DAY] 18주차 126일차 처리 0.128s (stype='휴식' | 그주마지막날=True | 경기있음=False | 부상=False)
[09-04 05:10:55] [AI리그] 19주차 3886경기, OVR캐시 11393→11393) 세부: 경기조회 0.015s | 시뮬루프 0.035s | executemany(3886건) 0.010s | teams반영+commit 0.024s
[09-04 05:10:55] [주 마무리] 19주차 0.09s (국제대회 0.00s | 챔스 0.01s | 클럽WC 0.00s | 국내컵 0.00s | 리그시뮬 0.09s)
[09-04 05:10:55] [PERF-DAY] 19주차 133일차 처리 0.095s (stype='휴식' | 그주마지막날=True | 경기있음=False | 부상=False)
[09-04 05:10:55] [AI리그] 20주차 3343경기, OVR캐시 11393→11393) 세부: 경기조회 0.010s | 시뮬루프 0.034s | executemany(3343건) 0.009s | teams반영+commit 0.023s
[09-04 05:10:55] [주 마무리] 20주차 0.10s (국제대회 0.00s | 챔스 0.02s | 클럽WC 0.00s | 국내컵 0.00s | 리그시뮬 0.08s)
[09-04 05:10:55] [PERF-DAY] 20주차 140일차 처리 0.100s (stype='휴식' | 그주마지막날=True | 경기있음=False | 부상=False)
[09-04 05:10:55] [AI리그] 21주차 2934경기, OVR캐시 11393→11393) 세부: 경기조회 0.009s | 시뮬루프 0.022s | executemany(2934건) 0.007s | teams반영+commit 0.019s
[09-04 05:10:55] [주 마무리] 21주차 0.07s (국제대회 0.00s | 챔스 0.01s | 클럽WC 0.00s | 국내컵 0.00s | 리그시뮬 0.06s)
[09-04 05:10:55] [PERF-DAY] 21주차 147일차 처리 0.075s (stype='휴식' | 그주마지막날=True | 경기있음=False | 부상=False)
[09-04 05:10:55] [AI리그] 22주차 2779경기, OVR캐시 11393→11393) 세부: 경기조회 0.009s | 시뮬루프 0.021s | executemany(2779건) 0.007s | teams반영+commit 0.018s
[09-04 05:10:55] [주 마무리] 22주차 0.07s (국제대회 0.00s | 챔스 0.01s | 클럽WC 0.00s | 국내컵 0.00s | 리그시뮬 0.06s)
[09-04 05:10:55] [PERF-DAY] 22주차 154일차 처리 0.068s (stype='휴식' | 그주마지막날=True | 경기있음=False | 부상=False)
[09-04 05:10:55] [주 마무리] 23주차 0.06s (국제대회 0.00s | 챔스 0.01s | 클럽WC 0.00s | 국내컵 0.00s | 리그시뮬 0.05s)
[09-04 05:10:55] [PERF-DAY] 23주차 161일차 처리 0.068s (stype='휴식' | 그주마지막날=True | 경기있음=False | 부상=False)
[09-04 05:10:56] [PERF-DAY] 24주차 168일차 처리 0.050s (stype='휴식' | 그주마지막날=True | 경기있음=False | 부상=False)
[09-04 05:10:56] [PERF-DAILYHOOK] 25주차 169일차: process_intl_week 0.572s | process_cwc_week 0.000s
[09-04 05:10:56] [PERF-DAY] 25주차 169일차 처리 0.574s (stype='고강도' | 그주마지막날=False | 경기있음=False | 부상=False)
[09-04 05:10:56] [진행 총계] 0.61초
[09-04 05:10:56] [PERF-DAILYHOOK] 27주차 189일차: process_intl_week 0.055s | process_cwc_week 0.000s
[09-04 05:10:56] [PERF-DAY] 27주차 189일차 처리 0.065s (stype='휴식' | 그주마지막날=True | 경기있음=False | 부상=False)
[09-04 05:10:59] [PERF-WEEKTAIL] 28주차: _pay_salary 0.000s | _advance_week 2.686s
[09-04 05:10:59] [PERF-DAY] 28주차 196일차 처리 2.696s (stype='휴식' | 그주마지막날=True | 경기있음=False | 부상=False)
[09-04 05:10:59] [진행 총계] 2.70초
[09-04 05:10:59] [AI리그] 29주차 4943경기, OVR캐시 11393→11393) 세부: 경기조회 0.011s | 시뮬루프 0.037s | executemany(4943건) 0.012s | teams반영+commit 0.030s
[09-04 05:10:59] [주 마무리] 29주차 0.09s (국제대회 0.00s | 챔스 0.00s | 클럽WC 0.00s | 국내컵 0.00s | 리그시뮬 0.09s)
[09-04 05:10:59] [PERF-DAY] 29주차 203일차 처리 0.094s (stype='휴식' | 그주마지막날=True | 경기있음=False | 부상=False)
[09-04 05:10:59] [AI리그] 30주차 6683경기, OVR캐시 11393→11393) 세부: 경기조회 0.011s | 시뮬루프 0.046s | executemany(6683건) 0.014s | teams반영+commit 0.035s
[09-04 05:10:59] [주 마무리] 30주차 0.18s (국제대회 0.00s | 챔스 0.00s | 클럽WC 0.00s | 국내컵 0.07s | 리그시뮬 0.11s)
[09-04 05:10:59] [PERF-DAY] 30주차 210일차 처리 0.177s (stype='휴식' | 그주마지막날=True | 경기있음=False | 부상=False)
[09-04 05:11:00] [AI리그] 31주차 6722경기, OVR캐시 11393→11393) 세부: 경기조회 0.011s | 시뮬루프 0.048s | executemany(6722건) 0.015s | teams반영+commit 0.037s
[09-04 05:11:00] [주 마무리] 31주차 0.11s (국제대회 0.00s | 챔스 0.00s | 클럽WC 0.00s | 국내컵 0.00s | 리그시뮬 0.11s)
[09-04 05:11:00] [PERF-DAY] 31주차 217일차 처리 0.115s (stype='휴식' | 그주마지막날=True | 경기있음=False | 부상=False)
[09-04 05:11:00] [AI리그] 32주차 6569경기, OVR캐시 11393→11393) 세부: 경기조회 0.010s | 시뮬루프 0.046s | executemany(6569건) 0.015s | teams반영+commit 0.037s
[09-04 05:11:00] [주 마무리] 32주차 0.18s (국제대회 0.00s | 챔스 0.00s | 클럽WC 0.00s | 국내컵 0.07s | 리그시뮬 0.11s)
[09-04 05:11:00] [PERF-DAY] 32주차 224일차 처리 0.176s (stype='휴식' | 그주마지막날=True | 경기있음=False | 부상=False)
[09-04 05:11:00] [AI리그] 33주차 6949경기, OVR캐시 11393→11393) 세부: 경기조회 0.009s | 시뮬루프 0.048s | executemany(6949건) 0.016s | teams반영+commit 0.035s
[09-04 05:11:00] [주 마무리] 33주차 0.11s (국제대회 0.00s | 챔스 0.00s | 클럽WC 0.00s | 국내컵 0.00s | 리그시뮬 0.11s)
[09-04 05:11:00] [PERF-DAY] 33주차 231일차 처리 0.113s (stype='휴식' | 그주마지막날=True | 경기있음=False | 부상=False)
[09-04 05:11:00] [AI리그] 34주차 6515경기, OVR캐시 11393→11393) 세부: 경기조회 0.009s | 시뮬루프 0.046s | executemany(6515건) 0.015s | teams반영+commit 0.036s
[09-04 05:11:00] [주 마무리] 34주차 0.15s (국제대회 0.00s | 챔스 0.00s | 클럽WC 0.00s | 국내컵 0.05s | 리그시뮬 0.11s)
[09-04 05:11:00] [PERF-DAY] 34주차 238일차 처리 0.156s (stype='휴식' | 그주마지막날=True | 경기있음=False | 부상=False)
[09-04 05:11:01] [AI리그] 35주차 6888경기, OVR캐시 11393→11393) 세부: 경기조회 0.009s | 시뮬루프 0.048s | executemany(6888건) 0.015s | teams반영+commit 0.036s
[09-04 05:11:01] [주 마무리] 35주차 0.11s (국제대회 0.00s | 챔스 0.00s | 클럽WC 0.00s | 국내컵 0.00s | 리그시뮬 0.11s)
[09-04 05:11:01] [PERF-DAY] 35주차 245일차 처리 0.113s (stype='휴식' | 그주마지막날=True | 경기있음=False | 부상=False)
[09-04 05:11:01] [AI리그] 36주차 7137경기, OVR캐시 11393→11393) 세부: 경기조회 0.008s | 시뮬루프 0.049s | executemany(7137건) 0.016s | teams반영+commit 0.039s
[09-04 05:11:01] [주 마무리] 36주차 0.16s (국제대회 0.00s | 챔스 0.00s | 클럽WC 0.00s | 국내컵 0.04s | 리그시뮬 0.11s)
[09-04 05:11:01] [PERF-DAY] 36주차 252일차 처리 0.157s (stype='휴식' | 그주마지막날=True | 경기있음=False | 부상=False)
[09-04 05:11:01] [AI리그] 37주차 6556경기, OVR캐시 11393→11393) 세부: 경기조회 0.007s | 시뮬루프 0.047s | executemany(6556건) 0.014s | teams반영+commit 0.033s
[09-04 05:11:01] [주 마무리] 37주차 0.11s (국제대회 0.00s | 챔스 0.00s | 클럽WC 0.00s | 국내컵 0.00s | 리그시뮬 0.10s)
[09-04 05:11:01] [PERF-DAY] 37주차 259일차 처리 0.107s (stype='휴식' | 그주마지막날=True | 경기있음=False | 부상=False)
[09-04 05:11:01] [AI리그] 38주차 6730경기, OVR캐시 11393→11393) 세부: 경기조회 0.007s | 시뮬루프 0.047s | executemany(6730건) 0.014s | teams반영+commit 0.029s
[09-04 05:11:01] [주 마무리] 38주차 0.16s (국제대회 0.00s | 챔스 0.00s | 클럽WC 0.00s | 국내컵 0.06s | 리그시뮬 0.10s)
[09-04 05:11:01] [PERF-DAY] 38주차 266일차 처리 0.163s (stype='휴식' | 그주마지막날=True | 경기있음=False | 부상=False)
[09-04 05:11:02] [AI리그] 39주차 6855경기, OVR캐시 11393→11393) 세부: 경기조회 0.007s | 시뮬루프 0.047s | executemany(6855건) 0.013s | teams반영+commit 0.028s
[09-04 05:11:02] [주 마무리] 39주차 0.10s (국제대회 0.00s | 챔스 0.00s | 클럽WC 0.00s | 국내컵 0.00s | 리그시뮬 0.10s)
[09-04 05:11:02] [PERF-DAY] 39주차 273일차 처리 0.100s (stype='휴식' | 그주마지막날=True | 경기있음=False | 부상=False)
[09-04 05:11:02] [AI리그] 40주차 6844경기, OVR캐시 11393→11393) 세부: 경기조회 0.007s | 시뮬루프 0.047s | executemany(6844건) 0.016s | teams반영+commit 0.036s
[09-04 05:11:02] [주 마무리] 40주차 0.13s (국제대회 0.00s | 챔스 0.00s | 클럽WC 0.00s | 국내컵 0.02s | 리그시뮬 0.11s)
[09-04 05:11:02] [PERF-DAY] 40주차 280일차 처리 0.132s (stype='휴식' | 그주마지막날=True | 경기있음=False | 부상=True)
[09-04 05:11:02] [AI리그] 41주차 6841경기, OVR캐시 11393→11393) 세부: 경기조회 0.006s | 시뮬루프 0.046s | executemany(6841건) 0.015s | teams반영+commit 0.034s
[09-04 05:11:02] [주 마무리] 41주차 0.10s (국제대회 0.00s | 챔스 0.00s | 클럽WC 0.00s | 국내컵 0.00s | 리그시뮬 0.10s)
[09-04 05:11:02] [PERF-DAY] 41주차 287일차 처리 0.105s (stype='휴식' | 그주마지막날=True | 경기있음=False | 부상=True)
[09-04 05:11:02] [AI리그] 42주차 6742경기, OVR캐시 11393→11393) 세부: 경기조회 0.005s | 시뮬루프 0.046s | executemany(6742건) 0.014s | teams반영+commit 0.032s
[09-04 05:11:02] [주 마무리] 42주차 0.11s (국제대회 0.00s | 챔스 0.00s | 클럽WC 0.00s | 국내컵 0.01s | 리그시뮬 0.10s)
[09-04 05:11:02] [PERF-DAY] 42주차 294일차 처리 0.107s (stype='휴식' | 그주마지막날=True | 경기있음=False | 부상=True)
[09-04 05:11:04] [PERF-PROMO] _process_promotion_relegation 세부: my_player/season조회 0.001s | teams+leagues조회 0.019s | standings계산(710개리그) 0.288s | ai_players OVR스캔 0.208s | 승강판정루프(211개국) 0.025s | executemany(1210건) 0.015s | 리스케일(1210건) 0.329s | commit/close 0.313s | 캐시무효화 0.000s
[09-04 05:11:04] [PERF-SEASON] finalize_club_season 세부: finish_incomplete_matches=0.047s | promotion_relegation=1.206s
[09-04 05:11:04] [PERF-YEAR] 43주차(CLUB_SEASON_END_DAY) 세부: finalize_club_season=1.253s | promotion_playoffs=0.024s | PRAGMA optimize=0.000s
[09-04 05:11:04] [PERF-DAY] 43주차 300일차 처리 1.290s (stype='휴식' | 그주마지막날=False | 경기있음=False | 부상=False)
[09-04 05:11:04] [진행 총계] 1.32초
[09-04 05:11:04] [PERF-DAILYHOOK] 44주차 306일차: process_po_week 0.069s
[09-04 05:11:04] [PERF-DAY] 44주차 306일차 처리 0.071s (stype='고강도' | 그주마지막날=False | 경기있음=False | 부상=False)
[09-04 05:11:04] [PERF-DAILYHOOK] 46주차 316일차: process_intl_week 0.588s | process_cwc_week 0.000s
[09-04 05:11:04] [PERF-DAY] 46주차 316일차 처리 0.590s (stype='고강도' | 그주마지막날=False | 경기있음=False | 부상=False)
[09-04 05:11:05] [PERF-DAILYHOOK] 46주차 317일차: process_intl_week 0.131s | process_cwc_week 0.000s
[09-04 05:11:05] [PERF-DAY] 46주차 317일차 처리 0.132s (stype='휴식' | 그주마지막날=False | 경기있음=False | 부상=False)
[09-04 05:11:05] [PERF-DAILYHOOK] 46주차 320일차: process_intl_week 0.093s | process_cwc_week 0.000s
[09-04 05:11:05] [PERF-DAY] 46주차 320일차 처리 0.095s (stype='고강도' | 그주마지막날=False | 경기있음=False | 부상=False)
[09-04 05:11:05] [진행 총계] 0.86초
[09-04 05:11:05] [PERF]   _end_of_season 세부: AI생애주기 0.00s (승강제 타이밍은 43주 _finalize_club_season으로 이동 — 여기 안 잡힘)
[09-04 05:11:07] [PERF]   일정생성 세부: 아카이브이동 0.80s | 완비판정조회 0.01s | 기존경기dedup조회 0.00s | 일정계산 0.21s | INSERT+commit 0.39s | (대상리그 710개, 신규경기 201400건)
[09-04 05:11:07] [PERF]   인덱스재생성 0.34s
[09-04 05:11:09] [PERF] 연도전환 총 3.27s (커리어정리 0.00s | _end_of_season 0.01s | 일정생성 1.75s | 파워랭킹 1.51s | PRAGMA optimize 0.00s)
[09-04 05:11:09] [PERF-WEEKTAIL] 52주차: _pay_salary 0.000s | _advance_week 3.274s
[09-04 05:11:09] [PERF-DAY] 52주차 364일차 처리 3.276s (stype='휴식' | 그주마지막날=True | 경기있음=False | 부상=False)
[09-04 05:11:09] [진행 총계] 3.28초
[09-04 05:11:09] [AI리그] 4주차 4527경기, OVR캐시 0→9054) 세부: 경기조회 0.015s | 시뮬루프 0.296s | executemany(4527건) 0.010s | teams반영+commit 0.023s
[09-04 05:11:09] [주 마무리] 4주차 0.35s (국제대회 0.00s | 챔스 0.00s | 클럽WC 0.00s | 국내컵 0.00s | 리그시뮬 0.35s)
[09-04 05:11:10] [PERF-WEEKTAIL] 4주차: _pay_salary 0.000s | _advance_week 0.172s
[09-04 05:11:10] [PERF-DAY] 4주차 28일차 처리 0.520s (stype='휴식' | 그주마지막날=True | 경기있음=False | 부상=False)
[09-04 05:11:10] [진행 총계] 0.53초
[09-04 05:11:10] [AI리그] 5주차 5771경기, OVR캐시 11263→11393) 세부: 경기조회 0.015s | 시뮬루프 0.062s | executemany(5771건) 0.013s | teams반영+commit 0.038s
[09-04 05:11:10] [주 마무리] 5주차 0.25s (국제대회 0.00s | 챔스 0.00s | 클럽WC 0.00s | 국내컵 0.12s | 리그시뮬 0.13s)
[09-04 05:11:10] [PERF-DAY] 5주차 35일차 처리 0.248s (stype='휴식' | 그주마지막날=True | 경기있음=False | 부상=False)
[09-04 05:11:10] [AI리그] 6주차 5734경기, OVR캐시 11393→11393) 세부: 경기조회 0.015s | 시뮬루프 0.041s | executemany(5734건) 0.012s | teams반영+commit 0.039s
[09-04 05:11:10] [주 마무리] 6주차 0.23s (국제대회 0.00s | 챔스 0.00s | 클럽WC 0.00s | 국내컵 0.12s | 리그시뮬 0.11s)
[09-04 05:11:10] [PERF-DAY] 6주차 42일차 처리 0.235s (stype='휴식' | 그주마지막날=True | 경기있음=False | 부상=False)
[09-04 05:11:11] [AI리그] 7주차 5801경기, OVR캐시 11393→11393) 세부: 경기조회 0.015s | 시뮬루프 0.048s | executemany(5801건) 0.013s | teams반영+commit 0.039s
[09-04 05:11:11] [주 마무리] 7주차 0.21s (국제대회 0.00s | 챔스 0.00s | 클럽WC 0.00s | 국내컵 0.09s | 리그시뮬 0.12s)
[09-04 05:11:11] [PERF-DAY] 7주차 49일차 처리 0.284s (stype='휴식' | 그주마지막날=True | 경기있음=False | 부상=False)
[09-04 05:11:11] [AI리그] 8주차 5757경기, OVR캐시 11393→11393) 세부: 경기조회 0.015s | 시뮬루프 0.048s | executemany(5757건) 0.013s | teams반영+commit 0.039s
[09-04 05:11:11] [주 마무리] 8주차 0.12s (국제대회 0.00s | 챔스 0.00s | 클럽WC 0.00s | 국내컵 0.00s | 리그시뮬 0.12s)
[09-04 05:11:11] [PERF-DAY] 8주차 56일차 처리 0.123s (stype='휴식' | 그주마지막날=True | 경기있음=False | 부상=False)
[09-04 05:11:11] [AI리그] 9주차 5731경기, OVR캐시 11393→11393) 세부: 경기조회 0.014s | 시뮬루프 0.044s | executemany(5731건) 0.013s | teams반영+commit 0.039s
[09-04 05:11:11] [주 마무리] 9주차 0.14s (국제대회 0.00s | 챔스 0.03s | 클럽WC 0.00s | 국내컵 0.00s | 리그시뮬 0.11s)
[09-04 05:11:11] [PERF-DAY] 9주차 63일차 처리 0.145s (stype='휴식' | 그주마지막날=True | 경기있음=False | 부상=False)
[09-04 05:11:11] [AI리그] 10주차 5766경기, OVR캐시 11393→11393) 세부: 경기조회 0.014s | 시뮬루프 0.049s | executemany(5766건) 0.013s | teams반영+commit 0.039s
[09-04 05:11:11] [주 마무리] 10주차 0.14s (국제대회 0.00s | 챔스 0.02s | 클럽WC 0.00s | 국내컵 0.00s | 리그시뮬 0.12s)
[09-04 05:11:11] [PERF-DAY] 10주차 70일차 처리 0.144s (stype='휴식' | 그주마지막날=True | 경기있음=False | 부상=False)
[09-04 05:11:12] [AI리그] 11주차 5618경기, OVR캐시 11393→11393) 세부: 경기조회 0.017s | 시뮬루프 0.047s | executemany(5618건) 0.013s | teams반영+commit 0.037s
[09-04 05:11:12] [주 마무리] 11주차 0.14s (국제대회 0.00s | 챔스 0.02s | 클럽WC 0.00s | 국내컵 0.00s | 리그시뮬 0.12s)
[09-04 05:11:12] [PERF-DAY] 11주차 77일차 처리 0.143s (stype='휴식' | 그주마지막날=True | 경기있음=False | 부상=False)
[09-04 05:11:12] [AI리그] 12주차 5609경기, OVR캐시 11393→11393) 세부: 경기조회 0.015s | 시뮬루프 0.043s | executemany(5609건) 0.013s | teams반영+commit 0.036s
[09-04 05:11:12] [주 마무리] 12주차 0.14s (국제대회 0.00s | 챔스 0.03s | 클럽WC 0.00s | 국내컵 0.00s | 리그시뮬 0.11s)
[09-04 05:11:12] [PERF-DAY] 12주차 84일차 처리 0.139s (stype='휴식' | 그주마지막날=True | 경기있음=False | 부상=False)
[09-04 05:11:12] [AI리그] 13주차 5233경기, OVR캐시 11393→11393) 세부: 경기조회 0.013s | 시뮬루프 0.048s | executemany(5233건) 0.012s | teams반영+commit 0.033s
[09-04 05:11:12] [주 마무리] 13주차 0.13s (국제대회 0.00s | 챔스 0.02s | 클럽WC 0.00s | 국내컵 0.00s | 리그시뮬 0.11s)
[09-04 05:11:12] [PERF-DAY] 13주차 91일차 처리 0.135s (stype='휴식' | 그주마지막날=True | 경기있음=False | 부상=False)
[09-04 05:11:12] [AI리그] 14주차 5527경기, OVR캐시 11393→11393) 세부: 경기조회 0.013s | 시뮬루프 0.040s | executemany(5527건) 0.012s | teams반영+commit 0.031s
[09-04 05:11:12] [주 마무리] 14주차 0.12s (국제대회 0.00s | 챔스 0.02s | 클럽WC 0.00s | 국내컵 0.00s | 리그시뮬 0.10s)
[09-04 05:11:12] [PERF-DAY] 14주차 98일차 처리 0.125s (stype='휴식' | 그주마지막날=True | 경기있음=False | 부상=False)
[09-04 05:11:12] [AI리그] 15주차 5747경기, OVR캐시 11393→11393) 세부: 경기조회 0.013s | 시뮬루프 0.043s | executemany(5747건) 0.013s | teams반영+commit 0.035s
[09-04 05:11:12] [주 마무리] 15주차 0.13s (국제대회 0.00s | 챔스 0.02s | 클럽WC 0.00s | 국내컵 0.00s | 리그시뮬 0.10s)
[09-04 05:11:12] [PERF-DAY] 15주차 105일차 처리 0.131s (stype='휴식' | 그주마지막날=True | 경기있음=False | 부상=False)
[09-04 05:11:13] [AI리그] 16주차 5732경기, OVR캐시 11393→11393) 세부: 경기조회 0.013s | 시뮬루프 0.046s | executemany(5732건) 0.011s | teams반영+commit 0.031s
[09-04 05:11:13] [주 마무리] 16주차 0.15s (국제대회 0.00s | 챔스 0.05s | 클럽WC 0.00s | 국내컵 0.00s | 리그시뮬 0.10s)
[09-04 05:11:13] [PERF-DAY] 16주차 112일차 처리 0.153s (stype='휴식' | 그주마지막날=True | 경기있음=False | 부상=False)
[09-04 05:11:13] [AI리그] 17주차 5482경기, OVR캐시 11393→11393) 세부: 경기조회 0.012s | 시뮬루프 0.039s | executemany(5482건) 0.012s | teams반영+commit 0.029s
[09-04 05:11:13] [주 마무리] 17주차 0.10s (국제대회 0.00s | 챔스 0.00s | 클럽WC 0.00s | 국내컵 0.00s | 리그시뮬 0.09s)
[09-04 05:11:13] [PERF-DAY] 17주차 119일차 처리 0.099s (stype='휴식' | 그주마지막날=True | 경기있음=False | 부상=False)
[09-04 05:11:13] [AI리그] 18주차 5384경기, OVR캐시 11393→11393) 세부: 경기조회 0.011s | 시뮬루프 0.045s | executemany(5384건) 0.012s | teams반영+commit 0.035s
[09-04 05:11:13] [주 마무리] 18주차 0.13s (국제대회 0.00s | 챔스 0.03s | 클럽WC 0.00s | 국내컵 0.00s | 리그시뮬 0.11s)
[09-04 05:11:13] [PERF-DAY] 18주차 126일차 처리 0.133s (stype='휴식' | 그주마지막날=True | 경기있음=False | 부상=False)
[09-04 05:11:13] [AI리그] 19주차 3886경기, OVR캐시 11393→11393) 세부: 경기조회 0.010s | 시뮬루프 0.029s | executemany(3886건) 0.009s | teams반영+commit 0.024s
[09-04 05:11:13] [주 마무리] 19주차 0.08s (국제대회 0.00s | 챔스 0.00s | 클럽WC 0.00s | 국내컵 0.00s | 리그시뮬 0.07s)
[09-04 05:11:13] [PERF-DAY] 19주차 133일차 처리 0.079s (stype='휴식' | 그주마지막날=True | 경기있음=False | 부상=False)
[09-04 05:11:13] [AI리그] 20주차 3343경기, OVR캐시 11393→11393) 세부: 경기조회 0.010s | 시뮬루프 0.025s | executemany(3343건) 0.008s | teams반영+commit 0.022s
[09-04 05:11:13] [주 마무리] 20주차 0.09s (국제대회 0.00s | 챔스 0.02s | 클럽WC 0.00s | 국내컵 0.00s | 리그시뮬 0.07s)
[09-04 05:11:13] [PERF-DAY] 20주차 140일차 처리 0.087s (stype='휴식' | 그주마지막날=True | 경기있음=False | 부상=False)
[09-04 05:11:13] [AI리그] 21주차 2934경기, OVR캐시 11393→11393) 세부: 경기조회 0.009s | 시뮬루프 0.022s | executemany(2934건) 0.007s | teams반영+commit 0.020s
[09-04 05:11:13] [주 마무리] 21주차 0.07s (국제대회 0.00s | 챔스 0.01s | 클럽WC 0.00s | 국내컵 0.00s | 리그시뮬 0.06s)
[09-04 05:11:13] [PERF-DAY] 21주차 147일차 처리 0.075s (stype='휴식' | 그주마지막날=True | 경기있음=False | 부상=False)
[09-04 05:11:13] [AI리그] 22주차 2779경기, OVR캐시 11393→11393) 세부: 경기조회 0.009s | 시뮬루프 0.027s | executemany(2779건) 0.007s | teams반영+commit 0.017s
[09-04 05:11:13] [주 마무리] 22주차 0.07s (국제대회 0.00s | 챔스 0.01s | 클럽WC 0.00s | 국내컵 0.00s | 리그시뮬 0.06s)
[09-04 05:11:13] [PERF-DAY] 22주차 154일차 처리 0.073s (stype='휴식' | 그주마지막날=True | 경기있음=False | 부상=False)
[09-04 05:11:14] [주 마무리] 23주차 0.06s (국제대회 0.00s | 챔스 0.01s | 클럽WC 0.00s | 국내컵 0.00s | 리그시뮬 0.05s)
[09-04 05:11:14] [PERF-DAY] 23주차 161일차 처리 0.080s (stype='휴식' | 그주마지막날=True | 경기있음=False | 부상=False)
[09-04 05:11:15] [PERF-DAILYHOOK] 25주차 169일차: process_intl_week 1.279s | process_cwc_week 0.000s
[09-04 05:11:15] [PERF-DAY] 25주차 169일차 처리 1.282s (stype='고강도' | 그주마지막날=False | 경기있음=False | 부상=False)
[09-04 05:11:15] [진행 총계] 1.34초
[09-04 05:11:16] [PERF-DAILYHOOK] 27주차 189일차: process_intl_week 0.062s | process_cwc_week 0.000s
[09-04 05:11:16] [PERF-DAY] 27주차 189일차 처리 0.072s (stype='휴식' | 그주마지막날=True | 경기있음=False | 부상=False)
[09-04 05:11:19] [PERF-WEEKTAIL] 28주차: _pay_salary 0.000s | _advance_week 2.684s
[09-04 05:11:19] [PERF-DAY] 28주차 196일차 처리 2.694s (stype='휴식' | 그주마지막날=True | 경기있음=False | 부상=False)
[09-04 05:11:19] [진행 총계] 2.74초
[09-04 05:11:19] [AI리그] 29주차 4943경기, OVR캐시 11393→11393) 세부: 경기조회 0.010s | 시뮬루프 0.036s | executemany(4943건) 0.011s | teams반영+commit 0.028s
[09-04 05:11:19] [주 마무리] 29주차 0.09s (국제대회 0.00s | 챔스 0.00s | 클럽WC 0.00s | 국내컵 0.00s | 리그시뮬 0.09s)
[09-04 05:11:19] [PERF-DAY] 29주차 203일차 처리 0.091s (stype='휴식' | 그주마지막날=True | 경기있음=False | 부상=False)
[09-04 05:11:19] [AI리그] 30주차 6683경기, OVR캐시 11393→11393) 세부: 경기조회 0.010s | 시뮬루프 0.046s | executemany(6683건) 0.015s | teams반영+commit 0.036s
[09-04 05:11:19] [주 마무리] 30주차 0.18s (국제대회 0.00s | 챔스 0.00s | 클럽WC 0.00s | 국내컵 0.07s | 리그시뮬 0.11s)
[09-04 05:11:19] [PERF-DAY] 30주차 210일차 처리 0.179s (stype='휴식' | 그주마지막날=True | 경기있음=False | 부상=False)
[09-04 05:11:19] [AI리그] 31주차 6722경기, OVR캐시 11393→11393) 세부: 경기조회 0.011s | 시뮬루프 0.048s | executemany(6722건) 0.016s | teams반영+commit 0.039s
[09-04 05:11:19] [주 마무리] 31주차 0.12s (국제대회 0.00s | 챔스 0.00s | 클럽WC 0.00s | 국내컵 0.00s | 리그시뮬 0.12s)
[09-04 05:11:19] [PERF-DAY] 31주차 217일차 처리 0.118s (stype='휴식' | 그주마지막날=True | 경기있음=False | 부상=False)
[09-04 05:11:19] [AI리그] 32주차 6569경기, OVR캐시 11393→11393) 세부: 경기조회 0.009s | 시뮬루프 0.046s | executemany(6569건) 0.014s | teams반영+commit 0.034s
[09-04 05:11:19] [주 마무리] 32주차 0.17s (국제대회 0.00s | 챔스 0.00s | 클럽WC 0.00s | 국내컵 0.07s | 리그시뮬 0.11s)
[09-04 05:11:19] [PERF-DAY] 32주차 224일차 처리 0.174s (stype='휴식' | 그주마지막날=True | 경기있음=False | 부상=False)
[09-04 05:11:20] [AI리그] 33주차 6949경기, OVR캐시 11393→11393) 세부: 경기조회 0.010s | 시뮬루프 0.048s | executemany(6949건) 0.014s | teams반영+commit 0.032s
[09-04 05:11:20] [주 마무리] 33주차 0.11s (국제대회 0.00s | 챔스 0.00s | 클럽WC 0.00s | 국내컵 0.00s | 리그시뮬 0.11s)
[09-04 05:11:20] [PERF-DAY] 33주차 231일차 처리 0.109s (stype='휴식' | 그주마지막날=True | 경기있음=False | 부상=False)
[09-04 05:11:20] [AI리그] 34주차 6515경기, OVR캐시 11393→11393) 세부: 경기조회 0.008s | 시뮬루프 0.046s | executemany(6515건) 0.013s | teams반영+commit 0.032s
[09-04 05:11:20] [주 마무리] 34주차 0.15s (국제대회 0.00s | 챔스 0.00s | 클럽WC 0.00s | 국내컵 0.05s | 리그시뮬 0.10s)
[09-04 05:11:20] [PERF-DAY] 34주차 238일차 처리 0.151s (stype='휴식' | 그주마지막날=True | 경기있음=False | 부상=False)
[09-04 05:11:20] [AI리그] 35주차 6888경기, OVR캐시 11393→11393) 세부: 경기조회 0.009s | 시뮬루프 0.047s | executemany(6888건) 0.015s | teams반영+commit 0.035s
[09-04 05:11:20] [주 마무리] 35주차 0.11s (국제대회 0.00s | 챔스 0.00s | 클럽WC 0.00s | 국내컵 0.00s | 리그시뮬 0.11s)
[09-04 05:11:20] [PERF-DAY] 35주차 245일차 처리 0.110s (stype='휴식' | 그주마지막날=True | 경기있음=False | 부상=False)
[09-04 05:11:20] [AI리그] 36주차 7137경기, OVR캐시 11393→11393) 세부: 경기조회 0.008s | 시뮬루프 0.060s | executemany(7137건) 0.016s | teams반영+commit 0.036s
[09-04 05:11:20] [주 마무리] 36주차 0.17s (국제대회 0.00s | 챔스 0.00s | 클럽WC 0.00s | 국내컵 0.04s | 리그시뮬 0.12s)
[09-04 05:11:20] [PERF-DAY] 36주차 252일차 처리 0.168s (stype='휴식' | 그주마지막날=True | 경기있음=False | 부상=False)
[09-04 05:11:20] [AI리그] 37주차 6556경기, OVR캐시 11393→11393) 세부: 경기조회 0.007s | 시뮬루프 0.048s | executemany(6556건) 0.015s | teams반영+commit 0.037s
[09-04 05:11:20] [주 마무리] 37주차 0.11s (국제대회 0.00s | 챔스 0.00s | 클럽WC 0.00s | 국내컵 0.00s | 리그시뮬 0.11s)
[09-04 05:11:20] [PERF-DAY] 37주차 259일차 처리 0.111s (stype='휴식' | 그주마지막날=True | 경기있음=False | 부상=False)
[09-04 05:11:21] [AI리그] 38주차 6730경기, OVR캐시 11393→11393) 세부: 경기조회 0.007s | 시뮬루프 0.047s | executemany(6730건) 0.015s | teams반영+commit 0.036s
[09-04 05:11:21] [주 마무리] 38주차 0.17s (국제대회 0.00s | 챔스 0.00s | 클럽WC 0.00s | 국내컵 0.06s | 리그시뮬 0.11s)
[09-04 05:11:21] [PERF-DAY] 38주차 266일차 처리 0.170s (stype='휴식' | 그주마지막날=True | 경기있음=False | 부상=False)
[09-04 05:11:21] [AI리그] 39주차 6855경기, OVR캐시 11393→11393) 세부: 경기조회 0.007s | 시뮬루프 0.049s | executemany(6855건) 0.015s | teams반영+commit 0.034s
[09-04 05:11:21] [주 마무리] 39주차 0.11s (국제대회 0.00s | 챔스 0.00s | 클럽WC 0.00s | 국내컵 0.00s | 리그시뮬 0.11s)
[09-04 05:11:21] [PERF-DAY] 39주차 273일차 처리 0.109s (stype='휴식' | 그주마지막날=True | 경기있음=False | 부상=False)
[09-04 05:11:21] [AI리그] 40주차 6844경기, OVR캐시 11393→11393) 세부: 경기조회 0.006s | 시뮬루프 0.044s | executemany(6844건) 0.015s | teams반영+commit 0.034s
[09-04 05:11:21] [주 마무리] 40주차 0.12s (국제대회 0.00s | 챔스 0.00s | 클럽WC 0.00s | 국내컵 0.02s | 리그시뮬 0.10s)
[09-04 05:11:21] [PERF-DAY] 40주차 280일차 처리 0.126s (stype='휴식' | 그주마지막날=True | 경기있음=False | 부상=False)
[09-04 05:11:21] [AI리그] 41주차 6841경기, OVR캐시 11393→11393) 세부: 경기조회 0.006s | 시뮬루프 0.046s | executemany(6841건) 0.015s | teams반영+commit 0.036s
[09-04 05:11:21] [주 마무리] 41주차 0.11s (국제대회 0.00s | 챔스 0.00s | 클럽WC 0.00s | 국내컵 0.00s | 리그시뮬 0.10s)
[09-04 05:11:21] [PERF-DAY] 41주차 287일차 처리 0.107s (stype='휴식' | 그주마지막날=True | 경기있음=False | 부상=False)
[09-04 05:11:21] [AI리그] 42주차 6742경기, OVR캐시 11393→11393) 세부: 경기조회 0.005s | 시뮬루프 0.047s | executemany(6742건) 0.016s | teams반영+commit 0.035s
[09-04 05:11:21] [주 마무리] 42주차 0.11s (국제대회 0.00s | 챔스 0.00s | 클럽WC 0.00s | 국내컵 0.01s | 리그시뮬 0.11s)
[09-04 05:11:21] [PERF-DAY] 42주차 294일차 처리 0.113s (stype='휴식' | 그주마지막날=True | 경기있음=False | 부상=False)
[09-04 05:11:23] [PERF-PROMO] _process_promotion_relegation 세부: my_player/season조회 0.001s | teams+leagues조회 0.012s | standings계산(710개리그) 0.266s | ai_players OVR스캔 0.218s | 승강판정루프(211개국) 0.026s | executemany(1210건) 0.020s | 리스케일(1210건) 0.325s | commit/close 0.319s | 캐시무효화 0.000s
[09-04 05:11:23] [PERF-SEASON] finalize_club_season 세부: finish_incomplete_matches=0.045s | promotion_relegation=1.195s
[09-04 05:11:23] [PERF-YEAR] 43주차(CLUB_SEASON_END_DAY) 세부: finalize_club_season=1.240s | promotion_playoffs=0.023s | PRAGMA optimize=0.001s
[09-04 05:11:23] [PERF-DAY] 43주차 300일차 처리 1.276s (stype='휴식' | 그주마지막날=False | 경기있음=False | 부상=False)
[09-04 05:11:23] [진행 총계] 1.30초
[09-04 05:11:23] [PERF-DAILYHOOK] 44주차 306일차: process_po_week 0.070s
[09-04 05:11:23] [PERF-DAY] 44주차 306일차 처리 0.071s (stype='고강도' | 그주마지막날=False | 경기있음=False | 부상=False)
[09-04 05:11:24] [PERF]   _end_of_season 세부: AI생애주기 0.00s (승강제 타이밍은 43주 _finalize_club_season으로 이동 — 여기 안 잡힘)
[09-04 05:11:25] [PERF]   일정생성 세부: 아카이브이동 0.82s | 완비판정조회 0.01s | 기존경기dedup조회 0.00s | 일정계산 0.20s | INSERT+commit 0.31s | (대상리그 710개, 신규경기 201400건)
[09-04 05:11:26] [PERF]   인덱스재생성 0.35s
[09-04 05:11:27] [PERF] 연도전환 총 3.21s (커리어정리 0.00s | _end_of_season 0.01s | 일정생성 1.70s | 파워랭킹 1.49s | PRAGMA optimize 0.00s)
[09-04 05:11:27] [PERF-WEEKTAIL] 52주차: _pay_salary 0.000s | _advance_week 3.213s
[09-04 05:11:27] [PERF-DAY] 52주차 364일차 처리 3.215s (stype='휴식' | 그주마지막날=True | 경기있음=False | 부상=False)
[09-04 05:11:27] [진행 총계] 3.22초
[09-04 05:11:28] [AI리그] 4주차 4527경기, OVR캐시 0→9054) 세부: 경기조회 0.015s | 시뮬루프 0.289s | executemany(4527건) 0.009s | teams반영+commit 0.024s
[09-04 05:11:28] [주 마무리] 4주차 0.34s (국제대회 0.00s | 챔스 0.00s | 클럽WC 0.00s | 국내컵 0.00s | 리그시뮬 0.34s)
[09-04 05:11:28] [PERF-WEEKTAIL] 4주차: _pay_salary 0.000s | _advance_week 0.181s
[09-04 05:11:28] [PERF-DAY] 4주차 28일차 처리 0.522s (stype='휴식' | 그주마지막날=True | 경기있음=False | 부상=False)
[09-04 05:11:28] [진행 총계] 0.53초
[09-04 05:11:28] [AI리그] 5주차 5771경기, OVR캐시 11263→11393) 세부: 경기조회 0.015s | 시뮬루프 0.063s | executemany(5771건) 0.013s | teams반영+commit 0.039s
[09-04 05:11:28] [주 마무리] 5주차 0.26s (국제대회 0.00s | 챔스 0.00s | 클럽WC 0.00s | 국내컵 0.13s | 리그시뮬 0.13s)
[09-04 05:11:28] [PERF-DAY] 5주차 35일차 처리 0.259s (stype='휴식' | 그주마지막날=True | 경기있음=False | 부상=False)
[09-04 05:11:29] [AI리그] 6주차 5734경기, OVR캐시 11393→11393) 세부: 경기조회 0.015s | 시뮬루프 0.042s | executemany(5734건) 0.012s | teams반영+commit 0.039s
[09-04 05:11:29] [주 마무리] 6주차 0.24s (국제대회 0.00s | 챔스 0.00s | 클럽WC 0.00s | 국내컵 0.13s | 리그시뮬 0.11s)
[09-04 05:11:29] [PERF-DAY] 6주차 42일차 처리 0.241s (stype='휴식' | 그주마지막날=True | 경기있음=False | 부상=False)
[09-04 05:11:29] [AI리그] 7주차 5801경기, OVR캐시 11393→11393) 세부: 경기조회 0.015s | 시뮬루프 0.046s | executemany(5801건) 0.013s | teams반영+commit 0.041s
[09-04 05:11:29] [주 마무리] 7주차 0.21s (국제대회 0.00s | 챔스 0.00s | 클럽WC 0.00s | 국내컵 0.10s | 리그시뮬 0.12s)
[09-04 05:11:29] [PERF-DAY] 7주차 49일차 처리 0.298s (stype='휴식' | 그주마지막날=True | 경기있음=False | 부상=False)
[09-04 05:11:29] [진행 총계] 0.30초
[09-04 05:11:29] [AI리그] 8주차 5757경기, OVR캐시 11393→11393) 세부: 경기조회 0.017s | 시뮬루프 0.049s | executemany(5757건) 0.013s | teams반영+commit 0.038s
[09-04 05:11:29] [주 마무리] 8주차 0.12s (국제대회 0.00s | 챔스 0.00s | 클럽WC 0.00s | 국내컵 0.00s | 리그시뮬 0.12s)
[09-04 05:11:29] [PERF-DAY] 8주차 56일차 처리 0.124s (stype='휴식' | 그주마지막날=True | 경기있음=False | 부상=False)
[09-04 05:11:29] [AI리그] 9주차 5731경기, OVR캐시 11393→11393) 세부: 경기조회 0.014s | 시뮬루프 0.041s | executemany(5731건) 0.013s | teams반영+commit 0.041s
[09-04 05:11:29] [주 마무리] 9주차 0.14s (국제대회 0.00s | 챔스 0.03s | 클럽WC 0.00s | 국내컵 0.00s | 리그시뮬 0.11s)
[09-04 05:11:29] [PERF-DAY] 9주차 63일차 처리 0.143s (stype='휴식' | 그주마지막날=True | 경기있음=False | 부상=False)
[09-04 05:11:30] [AI리그] 10주차 5766경기, OVR캐시 11393→11393) 세부: 경기조회 0.014s | 시뮬루프 0.048s | executemany(5766건) 0.013s | teams반영+commit 0.036s
[09-04 05:11:30] [주 마무리] 10주차 0.14s (국제대회 0.00s | 챔스 0.02s | 클럽WC 0.00s | 국내컵 0.00s | 리그시뮬 0.11s)
[09-04 05:11:30] [PERF-DAY] 10주차 70일차 처리 0.139s (stype='휴식' | 그주마지막날=True | 경기있음=False | 부상=False)
[09-04 05:11:30] [AI리그] 11주차 5618경기, OVR캐시 11393→11393) 세부: 경기조회 0.016s | 시뮬루프 0.041s | executemany(5618건) 0.013s | teams반영+commit 0.037s
[09-04 05:11:30] [주 마무리] 11주차 0.13s (국제대회 0.00s | 챔스 0.02s | 클럽WC 0.00s | 국내컵 0.00s | 리그시뮬 0.11s)
[09-04 05:11:30] [PERF-DAY] 11주차 77일차 처리 0.135s (stype='휴식' | 그주마지막날=True | 경기있음=False | 부상=False)
[09-04 05:11:30] [AI리그] 12주차 5609경기, OVR캐시 11393→11393) 세부: 경기조회 0.013s | 시뮬루프 0.050s | executemany(5609건) 0.013s | teams반영+commit 0.038s
[09-04 05:11:30] [주 마무리] 12주차 0.14s (국제대회 0.00s | 챔스 0.02s | 클럽WC 0.00s | 국내컵 0.00s | 리그시뮬 0.12s)
[09-04 05:11:30] [PERF-DAY] 12주차 84일차 처리 0.143s (stype='휴식' | 그주마지막날=True | 경기있음=False | 부상=False)
[09-04 05:11:30] [AI리그] 13주차 5233경기, OVR캐시 11393→11393) 세부: 경기조회 0.013s | 시뮬루프 0.040s | executemany(5233건) 0.012s | teams반영+commit 0.034s
[09-04 05:11:30] [주 마무리] 13주차 0.13s (국제대회 0.00s | 챔스 0.03s | 클럽WC 0.00s | 국내컵 0.00s | 리그시뮬 0.10s)
[09-04 05:11:30] [PERF-DAY] 13주차 91일차 처리 0.130s (stype='휴식' | 그주마지막날=True | 경기있음=False | 부상=False)
[09-04 05:11:31] [AI리그] 14주차 5527경기, OVR캐시 11393→11393) 세부: 경기조회 0.013s | 시뮬루프 0.041s | executemany(5527건) 0.013s | teams반영+commit 0.035s
[09-04 05:11:31] [주 마무리] 14주차 0.13s (국제대회 0.00s | 챔스 0.02s | 클럽WC 0.00s | 국내컵 0.00s | 리그시뮬 0.10s)
[09-04 05:11:31] [PERF-DAY] 14주차 98일차 처리 0.131s (stype='휴식' | 그주마지막날=True | 경기있음=False | 부상=False)
[09-04 05:11:31] [AI리그] 15주차 5747경기, OVR캐시 11393→11393) 세부: 경기조회 0.013s | 시뮬루프 0.043s | executemany(5747건) 0.012s | teams반영+commit 0.035s
[09-04 05:11:31] [주 마무리] 15주차 0.13s (국제대회 0.00s | 챔스 0.02s | 클럽WC 0.00s | 국내컵 0.00s | 리그시뮬 0.11s)
[09-04 05:11:31] [PERF-DAY] 15주차 105일차 처리 0.133s (stype='휴식' | 그주마지막날=True | 경기있음=False | 부상=False)
[09-04 05:11:31] [AI리그] 16주차 5732경기, OVR캐시 11393→11393) 세부: 경기조회 0.013s | 시뮬루프 0.046s | executemany(5732건) 0.013s | teams반영+commit 0.044s
[09-04 05:11:31] [주 마무리] 16주차 0.17s (국제대회 0.00s | 챔스 0.05s | 클럽WC 0.00s | 국내컵 0.00s | 리그시뮬 0.12s)
[09-04 05:11:31] [PERF-DAY] 16주차 112일차 처리 0.171s (stype='휴식' | 그주마지막날=True | 경기있음=False | 부상=False)
[09-04 05:11:31] [AI리그] 17주차 5482경기, OVR캐시 11393→11393) 세부: 경기조회 0.012s | 시뮬루프 0.040s | executemany(5482건) 0.012s | teams반영+commit 0.035s
[09-04 05:11:31] [주 마무리] 17주차 0.10s (국제대회 0.00s | 챔스 0.00s | 클럽WC 0.00s | 국내컵 0.00s | 리그시뮬 0.10s)
[09-04 05:11:31] [PERF-DAY] 17주차 119일차 처리 0.106s (stype='휴식' | 그주마지막날=True | 경기있음=False | 부상=False)
[09-04 05:11:31] [AI리그] 18주차 5384경기, OVR캐시 11393→11393) 세부: 경기조회 0.012s | 시뮬루프 0.046s | executemany(5384건) 0.013s | teams반영+commit 0.038s
[09-04 05:11:31] [주 마무리] 18주차 0.14s (국제대회 0.00s | 챔스 0.02s | 클럽WC 0.00s | 국내컵 0.00s | 리그시뮬 0.11s)
[09-04 05:11:31] [PERF-DAY] 18주차 126일차 처리 0.139s (stype='휴식' | 그주마지막날=True | 경기있음=False | 부상=False)
[09-04 05:11:32] [AI리그] 19주차 3886경기, OVR캐시 11393→11393) 세부: 경기조회 0.011s | 시뮬루프 0.029s | executemany(3886건) 0.009s | teams반영+commit 0.024s
[09-04 05:11:32] [주 마무리] 19주차 0.08s (국제대회 0.00s | 챔스 0.00s | 클럽WC 0.00s | 국내컵 0.00s | 리그시뮬 0.07s)
[09-04 05:11:32] [PERF-DAY] 19주차 133일차 처리 0.079s (stype='휴식' | 그주마지막날=True | 경기있음=False | 부상=False)
[09-04 05:11:32] [AI리그] 20주차 3343경기, OVR캐시 11393→11393) 세부: 경기조회 0.010s | 시뮬루프 0.025s | executemany(3343건) 0.007s | teams반영+commit 0.019s
[09-04 05:11:32] [주 마무리] 20주차 0.08s (국제대회 0.00s | 챔스 0.02s | 클럽WC 0.00s | 국내컵 0.00s | 리그시뮬 0.06s)
[09-04 05:11:32] [PERF-DAY] 20주차 140일차 처리 0.085s (stype='휴식' | 그주마지막날=True | 경기있음=False | 부상=False)
[09-04 05:11:32] [AI리그] 21주차 2934경기, OVR캐시 11393→11393) 세부: 경기조회 0.009s | 시뮬루프 0.022s | executemany(2934건) 0.007s | teams반영+commit 0.021s
[09-04 05:11:32] [주 마무리] 21주차 0.08s (국제대회 0.00s | 챔스 0.01s | 클럽WC 0.00s | 국내컵 0.00s | 리그시뮬 0.06s)
[09-04 05:11:32] [PERF-DAY] 21주차 147일차 처리 0.077s (stype='휴식' | 그주마지막날=True | 경기있음=False | 부상=False)
[09-04 05:11:32] [AI리그] 22주차 2779경기, OVR캐시 11393→11393) 세부: 경기조회 0.009s | 시뮬루프 0.027s | executemany(2779건) 0.007s | teams반영+commit 0.019s
[09-04 05:11:32] [주 마무리] 22주차 0.08s (국제대회 0.00s | 챔스 0.01s | 클럽WC 0.00s | 국내컵 0.00s | 리그시뮬 0.06s)
[09-04 05:11:32] [PERF-DAY] 22주차 154일차 처리 0.077s (stype='휴식' | 그주마지막날=True | 경기있음=False | 부상=False)
[09-04 05:11:32] [주 마무리] 23주차 0.06s (국제대회 0.00s | 챔스 0.01s | 클럽WC 0.00s | 국내컵 0.00s | 리그시뮬 0.05s)
[09-04 05:11:32] [PERF-DAY] 23주차 161일차 처리 0.063s (stype='휴식' | 그주마지막날=True | 경기있음=False | 부상=False)
[09-04 05:11:33] [PERF-WEEKTAIL] 24주차: _pay_salary 0.000s | _advance_week 0.187s
[09-04 05:11:33] [PERF-DAY] 24주차 168일차 처리 0.236s (stype='휴식' | 그주마지막날=True | 경기있음=False | 부상=False)
[09-04 05:11:34] [PERF-DAILYHOOK] 26주차 176일차: process_intl_week 1.479s | process_cwc_week 0.000s
[09-04 05:11:34] [PERF-DAY] 26주차 176일차 처리 1.481s (stype='고강도' | 그주마지막날=False | 경기있음=False | 부상=False)
[09-04 05:11:34] [PERF-DAILYHOOK] 26주차 178일차: process_intl_week 0.057s | process_cwc_week 0.000s
[09-04 05:11:34] [PERF-DAY] 26주차 178일차 처리 0.059s (stype='고강도' | 그주마지막날=False | 경기있음=False | 부상=False)
[09-04 05:11:34] [PERF-DAILYHOOK] 26주차 180일차: process_intl_week 0.061s | process_cwc_week 0.000s
[09-04 05:11:34] [PERF-DAY] 26주차 180일차 처리 0.062s (stype='고강도' | 그주마지막날=False | 경기있음=False | 부상=False)
[09-04 05:11:34] [진행 총계] 1.65초
[09-04 05:11:38] [PERF-WEEKTAIL] 28주차: _pay_salary 0.000s | _advance_week 2.686s
[09-04 05:11:38] [PERF-DAY] 28주차 196일차 처리 2.700s (stype='휴식' | 그주마지막날=True | 경기있음=False | 부상=False)
[09-04 05:11:38] [진행 총계] 2.73초
[09-04 05:11:38] [AI리그] 29주차 4943경기, OVR캐시 11393→11393) 세부: 경기조회 0.010s | 시뮬루프 0.036s | executemany(4943건) 0.011s | teams반영+commit 0.029s
[09-04 05:11:38] [주 마무리] 29주차 0.09s (국제대회 0.00s | 챔스 0.00s | 클럽WC 0.00s | 국내컵 0.00s | 리그시뮬 0.09s)
[09-04 05:11:38] [PERF-DAY] 29주차 203일차 처리 0.095s (stype='휴식' | 그주마지막날=True | 경기있음=False | 부상=False)
[09-04 05:11:38] [AI리그] 30주차 6683경기, OVR캐시 11393→11393) 세부: 경기조회 0.010s | 시뮬루프 0.046s | executemany(6683건) 0.013s | teams반영+commit 0.031s
[09-04 05:11:38] [주 마무리] 30주차 0.17s (국제대회 0.00s | 챔스 0.00s | 클럽WC 0.00s | 국내컵 0.07s | 리그시뮬 0.10s)
[09-04 05:11:38] [PERF-DAY] 30주차 210일차 처리 0.177s (stype='휴식' | 그주마지막날=True | 경기있음=False | 부상=False)
[09-04 05:11:38] [AI리그] 31주차 6722경기, OVR캐시 11393→11393) 세부: 경기조회 0.011s | 시뮬루프 0.047s | executemany(6722건) 0.014s | teams반영+commit 0.035s
[09-04 05:11:38] [주 마무리] 31주차 0.11s (국제대회 0.00s | 챔스 0.00s | 클럽WC 0.00s | 국내컵 0.00s | 리그시뮬 0.11s)
[09-04 05:11:38] [PERF-DAY] 31주차 217일차 처리 0.116s (stype='휴식' | 그주마지막날=True | 경기있음=False | 부상=False)
[09-04 05:11:39] [AI리그] 32주차 6569경기, OVR캐시 11393→11393) 세부: 경기조회 0.010s | 시뮬루프 0.047s | executemany(6569건) 0.016s | teams반영+commit 0.039s
[09-04 05:11:39] [주 마무리] 32주차 0.18s (국제대회 0.00s | 챔스 0.00s | 클럽WC 0.00s | 국내컵 0.07s | 리그시뮬 0.11s)
[09-04 05:11:39] [PERF-DAY] 32주차 224일차 처리 0.187s (stype='휴식' | 그주마지막날=True | 경기있음=False | 부상=False)
[09-04 05:11:39] [AI리그] 33주차 6949경기, OVR캐시 11393→11393) 세부: 경기조회 0.010s | 시뮬루프 0.048s | executemany(6949건) 0.016s | teams반영+commit 0.037s
[09-04 05:11:39] [주 마무리] 33주차 0.11s (국제대회 0.00s | 챔스 0.00s | 클럽WC 0.00s | 국내컵 0.00s | 리그시뮬 0.11s)
[09-04 05:11:39] [PERF-DAY] 33주차 231일차 처리 0.119s (stype='휴식' | 그주마지막날=True | 경기있음=False | 부상=False)
[09-04 05:11:39] [AI리그] 34주차 6515경기, OVR캐시 11393→11393) 세부: 경기조회 0.009s | 시뮬루프 0.045s | executemany(6515건) 0.014s | teams반영+commit 0.034s
[09-04 05:11:39] [주 마무리] 34주차 0.15s (국제대회 0.00s | 챔스 0.00s | 클럽WC 0.00s | 국내컵 0.05s | 리그시뮬 0.10s)
[09-04 05:11:39] [PERF-DAY] 34주차 238일차 처리 0.159s (stype='휴식' | 그주마지막날=True | 경기있음=False | 부상=False)
[09-04 05:11:39] [AI리그] 35주차 6888경기, OVR캐시 11393→11393) 세부: 경기조회 0.009s | 시뮬루프 0.048s | executemany(6888건) 0.016s | teams반영+commit 0.038s
[09-04 05:11:39] [주 마무리] 35주차 0.11s (국제대회 0.00s | 챔스 0.00s | 클럽WC 0.00s | 국내컵 0.00s | 리그시뮬 0.11s)
[09-04 05:11:39] [PERF-DAY] 35주차 245일차 처리 0.119s (stype='휴식' | 그주마지막날=True | 경기있음=False | 부상=False)
[09-04 05:11:40] [AI리그] 36주차 7137경기, OVR캐시 11393→11393) 세부: 경기조회 0.008s | 시뮬루프 0.049s | executemany(7137건) 0.016s | teams반영+commit 0.037s
[09-04 05:11:40] [주 마무리] 36주차 0.16s (국제대회 0.00s | 챔스 0.00s | 클럽WC 0.00s | 국내컵 0.05s | 리그시뮬 0.11s)
[09-04 05:11:40] [PERF-DAY] 36주차 252일차 처리 0.163s (stype='휴식' | 그주마지막날=True | 경기있음=False | 부상=False)
[09-04 05:11:40] [AI리그] 37주차 6556경기, OVR캐시 11393→11393) 세부: 경기조회 0.007s | 시뮬루프 0.046s | executemany(6556건) 0.015s | teams반영+commit 0.037s
[09-04 05:11:40] [주 마무리] 37주차 0.11s (국제대회 0.00s | 챔스 0.00s | 클럽WC 0.00s | 국내컵 0.00s | 리그시뮬 0.11s)
[09-04 05:11:40] [PERF-DAY] 37주차 259일차 처리 0.114s (stype='휴식' | 그주마지막날=True | 경기있음=False | 부상=False)
[09-04 05:11:40] [AI리그] 38주차 6730경기, OVR캐시 11393→11393) 세부: 경기조회 0.007s | 시뮬루프 0.047s | executemany(6730건) 0.015s | teams반영+commit 0.037s
[09-04 05:11:40] [주 마무리] 38주차 0.17s (국제대회 0.00s | 챔스 0.00s | 클럽WC 0.00s | 국내컵 0.06s | 리그시뮬 0.11s)
[09-04 05:11:40] [PERF-DAY] 38주차 266일차 처리 0.176s (stype='휴식' | 그주마지막날=True | 경기있음=False | 부상=False)
[09-04 05:11:40] [AI리그] 39주차 6855경기, OVR캐시 11393→11393) 세부: 경기조회 0.007s | 시뮬루프 0.047s | executemany(6855건) 0.015s | teams반영+commit 0.035s
[09-04 05:11:40] [주 마무리] 39주차 0.11s (국제대회 0.00s | 챔스 0.00s | 클럽WC 0.00s | 국내컵 0.00s | 리그시뮬 0.11s)
[09-04 05:11:40] [PERF-DAY] 39주차 273일차 처리 0.112s (stype='휴식' | 그주마지막날=True | 경기있음=False | 부상=False)
[09-04 05:11:41] [AI리그] 40주차 6844경기, OVR캐시 11393→11393) 세부: 경기조회 0.006s | 시뮬루프 0.045s | executemany(6844건) 0.015s | teams반영+commit 0.036s
[09-04 05:11:41] [주 마무리] 40주차 0.13s (국제대회 0.00s | 챔스 0.00s | 클럽WC 0.00s | 국내컵 0.02s | 리그시뮬 0.10s)
[09-04 05:11:41] [PERF-DAY] 40주차 280일차 처리 0.134s (stype='휴식' | 그주마지막날=True | 경기있음=False | 부상=False)
[09-04 05:11:41] [AI리그] 41주차 6841경기, OVR캐시 11393→11393) 세부: 경기조회 0.006s | 시뮬루프 0.047s | executemany(6841건) 0.015s | teams반영+commit 0.034s
[09-04 05:11:41] [주 마무리] 41주차 0.11s (국제대회 0.00s | 챔스 0.00s | 클럽WC 0.00s | 국내컵 0.00s | 리그시뮬 0.10s)
[09-04 05:11:41] [PERF-DAY] 41주차 287일차 처리 0.110s (stype='휴식' | 그주마지막날=True | 경기있음=False | 부상=False)
[09-04 05:11:41] [AI리그] 42주차 6742경기, OVR캐시 11393→11393) 세부: 경기조회 0.005s | 시뮬루프 0.045s | executemany(6742건) 0.014s | teams반영+commit 0.033s
[09-04 05:11:41] [주 마무리] 42주차 0.11s (국제대회 0.00s | 챔스 0.00s | 클럽WC 0.00s | 국내컵 0.01s | 리그시뮬 0.10s)
[09-04 05:11:41] [PERF-DAY] 42주차 294일차 처리 0.111s (stype='휴식' | 그주마지막날=True | 경기있음=False | 부상=False)
[09-04 05:11:42] [PERF-PROMO] _process_promotion_relegation 세부: my_player/season조회 0.001s | teams+leagues조회 0.012s | standings계산(710개리그) 0.260s | ai_players OVR스캔 0.212s | 승강판정루프(211개국) 0.025s | executemany(1212건) 0.017s | 리스케일(1212건) 0.324s | commit/close 0.320s | 캐시무효화 0.000s
[09-04 05:11:42] [PERF-SEASON] finalize_club_season 세부: finish_incomplete_matches=0.045s | promotion_relegation=1.179s
[09-04 05:11:43] [PERF-YEAR] 43주차(CLUB_SEASON_END_DAY) 세부: finalize_club_season=1.224s | promotion_playoffs=0.023s | PRAGMA optimize=0.000s
[09-04 05:11:43] [PERF-DAY] 43주차 300일차 처리 1.265s (stype='휴식' | 그주마지막날=False | 경기있음=False | 부상=False)
[09-04 05:11:43] [진행 총계] 1.31초
[09-04 05:11:43] [PERF-DAILYHOOK] 44주차 306일차: process_po_week 0.068s
[09-04 05:11:43] [PERF-DAY] 44주차 306일차 처리 0.070s (stype='고강도' | 그주마지막날=False | 경기있음=False | 부상=False)
[09-04 05:11:44] [PERF]   _end_of_season 세부: AI생애주기 0.00s (승강제 타이밍은 43주 _finalize_club_season으로 이동 — 여기 안 잡힘)
[09-04 05:11:46] [PERF]   일정생성 세부: 아카이브이동 1.57s | 완비판정조회 0.01s | 기존경기dedup조회 0.00s | 일정계산 0.21s | INSERT+commit 0.36s | (대상리그 710개, 신규경기 201400건)
[09-04 05:11:46] [PERF]   인덱스재생성 0.37s
[09-04 05:11:48] [PERF] 연도전환 총 4.04s (커리어정리 0.00s | _end_of_season 0.01s | 일정생성 2.51s | 파워랭킹 1.51s | PRAGMA optimize 0.00s)
[09-04 05:11:48] [PERF-WEEKTAIL] 52주차: _pay_salary 0.000s | _advance_week 4.039s
[09-04 05:11:48] [PERF-DAY] 52주차 364일차 처리 4.041s (stype='휴식' | 그주마지막날=True | 경기있음=False | 부상=False)
[09-04 05:11:48] [진행 총계] 4.05초
[09-04 05:30:53] [PERF]   일정생성 세부: 아카이브이동 0.00s | 완비판정조회 0.01s | 기존경기dedup조회 0.00s | 일정계산 0.23s | INSERT+commit 0.35s | (대상리그 710개, 신규경기 201400건)
[09-04 05:30:54] [PERF]   인덱스재생성 0.38s
[09-04 05:30:59] [AI리그] 4주차 4527경기, OVR캐시 0→9054) 세부: 경기조회 0.014s | 시뮬루프 0.370s | executemany(4527건) 0.011s | teams반영+commit 0.029s
[09-04 05:30:59] [주 마무리] 4주차 0.43s (국제대회 0.00s | 챔스 0.00s | 클럽WC 0.00s | 국내컵 0.00s | 리그시뮬 0.43s)
[09-04 05:31:00] [PERF-WEEKTAIL] 4주차: _pay_salary 0.000s | _advance_week 0.156s
[09-04 05:31:00] [PERF-DAY] 4주차 28일차 처리 0.583s (stype='휴식' | 그주마지막날=True | 경기있음=False | 부상=False)
[09-04 05:31:00] [진행 총계] 0.59초
[09-04 05:31:00] [AI리그] 5주차 5771경기, OVR캐시 11263→11393) 세부: 경기조회 0.015s | 시뮬루프 0.174s | executemany(5771건) 0.014s | teams반영+commit 0.040s
[09-04 05:31:00] [주 마무리] 5주차 0.36s (국제대회 0.00s | 챔스 0.00s | 클럽WC 0.00s | 국내컵 0.11s | 리그시뮬 0.24s)
[09-04 05:31:00] [PERF-DAY] 5주차 35일차 처리 0.359s (stype='휴식' | 그주마지막날=True | 경기있음=False | 부상=False)
[09-04 05:31:00] [진행 총계] 0.36초
[09-04 05:31:00] [AI리그] 6주차 5734경기, OVR캐시 11393→11393) 세부: 경기조회 0.014s | 시뮬루프 0.151s | executemany(5734건) 0.013s | teams반영+commit 0.041s
[09-04 05:31:00] [주 마무리] 6주차 0.34s (국제대회 0.00s | 챔스 0.00s | 클럽WC 0.00s | 국내컵 0.12s | 리그시뮬 0.22s)
[09-04 05:31:00] [PERF-DAY] 6주차 42일차 처리 0.339s (stype='휴식' | 그주마지막날=True | 경기있음=False | 부상=True)
[09-04 05:31:00] [진행 총계] 0.34초
[09-04 05:31:01] [AI리그] 7주차 5801경기, OVR캐시 11393→11393) 세부: 경기조회 0.014s | 시뮬루프 0.151s | executemany(5801건) 0.013s | teams반영+commit 0.037s
[09-04 05:31:01] [주 마무리] 7주차 0.31s (국제대회 0.00s | 챔스 0.00s | 클럽WC 0.00s | 국내컵 0.09s | 리그시뮬 0.22s)
[09-04 05:31:01] [PERF-DAY] 7주차 49일차 처리 0.354s (stype='휴식' | 그주마지막날=True | 경기있음=False | 부상=True)
[09-04 05:31:01] [진행 총계] 0.36초
[09-04 05:31:01] [AI리그] 8주차 5757경기, OVR캐시 11393→11393) 세부: 경기조회 0.014s | 시뮬루프 0.148s | executemany(5757건) 0.012s | teams반영+commit 0.035s
[09-04 05:31:01] [주 마무리] 8주차 0.21s (국제대회 0.00s | 챔스 0.00s | 클럽WC 0.00s | 국내컵 0.00s | 리그시뮬 0.21s)
[09-04 05:31:01] [PERF-DAY] 8주차 56일차 처리 0.216s (stype='휴식' | 그주마지막날=True | 경기있음=False | 부상=True)
[09-04 05:31:01] [AI리그] 9주차 5731경기, OVR캐시 11393→11393) 세부: 경기조회 0.014s | 시뮬루프 0.150s | executemany(5731건) 0.014s | teams반영+commit 0.039s
[09-04 05:31:01] [주 마무리] 9주차 0.25s (국제대회 0.00s | 챔스 0.03s | 클럽WC 0.00s | 국내컵 0.00s | 리그시뮬 0.22s)
[09-04 05:31:01] [PERF-DAY] 9주차 63일차 처리 0.251s (stype='휴식' | 그주마지막날=True | 경기있음=False | 부상=False)
[09-04 05:31:02] [AI리그] 10주차 5766경기, OVR캐시 11393→11393) 세부: 경기조회 0.013s | 시뮬루프 0.151s | executemany(5766건) 0.013s | teams반영+commit 0.040s
[09-04 05:31:02] [주 마무리] 10주차 0.25s (국제대회 0.00s | 챔스 0.02s | 클럽WC 0.00s | 국내컵 0.00s | 리그시뮬 0.22s)
[09-04 05:31:02] [PERF-DAY] 10주차 70일차 처리 0.247s (stype='휴식' | 그주마지막날=True | 경기있음=False | 부상=False)
[09-04 05:31:02] [AI리그] 11주차 5618경기, OVR캐시 11393→11393) 세부: 경기조회 0.013s | 시뮬루프 0.166s | executemany(5618건) 0.015s | teams반영+commit 0.043s
[09-04 05:31:02] [주 마무리] 11주차 0.27s (국제대회 0.00s | 챔스 0.02s | 클럽WC 0.00s | 국내컵 0.00s | 리그시뮬 0.24s)
[09-04 05:31:02] [PERF-DAY] 11주차 77일차 처리 0.267s (stype='휴식' | 그주마지막날=True | 경기있음=False | 부상=False)
[09-04 05:31:02] [AI리그] 12주차 5609경기, OVR캐시 11393→11393) 세부: 경기조회 0.013s | 시뮬루프 0.148s | executemany(5609건) 0.013s | teams반영+commit 0.037s
[09-04 05:31:02] [주 마무리] 12주차 0.24s (국제대회 0.00s | 챔스 0.03s | 클럽WC 0.00s | 국내컵 0.00s | 리그시뮬 0.21s)
[09-04 05:31:02] [PERF-DAY] 12주차 84일차 처리 0.241s (stype='휴식' | 그주마지막날=True | 경기있음=False | 부상=False)
[09-04 05:31:03] [AI리그] 13주차 5233경기, OVR캐시 11393→11393) 세부: 경기조회 0.012s | 시뮬루프 0.137s | executemany(5233건) 0.012s | teams반영+commit 0.035s
[09-04 05:31:03] [주 마무리] 13주차 0.22s (국제대회 0.00s | 챔스 0.02s | 클럽WC 0.00s | 국내컵 0.00s | 리그시뮬 0.20s)
[09-04 05:31:03] [PERF-DAY] 13주차 91일차 처리 0.225s (stype='휴식' | 그주마지막날=True | 경기있음=False | 부상=False)
[09-04 05:31:03] [AI리그] 14주차 5527경기, OVR캐시 11393→11393) 세부: 경기조회 0.012s | 시뮬루프 0.160s | executemany(5527건) 0.013s | teams반영+commit 0.036s
[09-04 05:31:03] [주 마무리] 14주차 0.25s (국제대회 0.00s | 챔스 0.02s | 클럽WC 0.00s | 국내컵 0.00s | 리그시뮬 0.22s)
[09-04 05:31:03] [PERF-DAY] 14주차 98일차 처리 0.250s (stype='휴식' | 그주마지막날=True | 경기있음=False | 부상=False)
[09-04 05:31:03] [AI리그] 15주차 5747경기, OVR캐시 11393→11393) 세부: 경기조회 0.012s | 시뮬루프 0.152s | executemany(5747건) 0.015s | teams반영+commit 0.041s
[09-04 05:31:03] [주 마무리] 15주차 0.25s (국제대회 0.00s | 챔스 0.02s | 클럽WC 0.00s | 국내컵 0.00s | 리그시뮬 0.22s)
[09-04 05:31:03] [PERF-DAY] 15주차 105일차 처리 0.249s (stype='휴식' | 그주마지막날=True | 경기있음=False | 부상=False)
[09-04 05:31:04] [AI리그] 16주차 5732경기, OVR캐시 11393→11393) 세부: 경기조회 0.013s | 시뮬루프 0.166s | executemany(5732건) 0.014s | teams반영+commit 0.037s
[09-04 05:31:04] [주 마무리] 16주차 0.28s (국제대회 0.00s | 챔스 0.05s | 클럽WC 0.00s | 국내컵 0.00s | 리그시뮬 0.23s)
[09-04 05:31:04] [PERF-DAY] 16주차 112일차 처리 0.284s (stype='휴식' | 그주마지막날=True | 경기있음=False | 부상=False)
[09-04 05:31:04] [AI리그] 17주차 5482경기, OVR캐시 11393→11393) 세부: 경기조회 0.011s | 시뮬루프 0.145s | executemany(5482건) 0.013s | teams반영+commit 0.036s
[09-04 05:31:04] [주 마무리] 17주차 0.21s (국제대회 0.00s | 챔스 0.00s | 클럽WC 0.00s | 국내컵 0.00s | 리그시뮬 0.21s)
[09-04 05:31:04] [PERF-DAY] 17주차 119일차 처리 0.211s (stype='휴식' | 그주마지막날=True | 경기있음=False | 부상=False)
[09-04 05:31:04] [AI리그] 18주차 5384경기, OVR캐시 11393→11393) 세부: 경기조회 0.011s | 시뮬루프 0.146s | executemany(5384건) 0.011s | teams반영+commit 0.027s
[09-04 05:31:04] [주 마무리] 18주차 0.22s (국제대회 0.00s | 챔스 0.02s | 클럽WC 0.00s | 국내컵 0.00s | 리그시뮬 0.20s)
[09-04 05:31:04] [PERF-DAY] 18주차 126일차 처리 0.224s (stype='휴식' | 그주마지막날=True | 경기있음=False | 부상=False)
[09-04 05:31:04] [AI리그] 19주차 3886경기, OVR캐시 11393→11393) 세부: 경기조회 0.010s | 시뮬루프 0.101s | executemany(3886건) 0.008s | teams반영+commit 0.020s
[09-04 05:31:04] [주 마무리] 19주차 0.15s (국제대회 0.00s | 챔스 0.00s | 클럽WC 0.00s | 국내컵 0.00s | 리그시뮬 0.14s)
[09-04 05:31:04] [PERF-DAY] 19주차 133일차 처리 0.146s (stype='휴식' | 그주마지막날=True | 경기있음=False | 부상=False)
[09-04 05:31:05] [AI리그] 20주차 3343경기, OVR캐시 11393→11393) 세부: 경기조회 0.009s | 시뮬루프 0.088s | executemany(3343건) 0.007s | teams반영+commit 0.019s
[09-04 05:31:05] [주 마무리] 20주차 0.15s (국제대회 0.00s | 챔스 0.02s | 클럽WC 0.00s | 국내컵 0.00s | 리그시뮬 0.12s)
[09-04 05:31:05] [PERF-DAY] 20주차 140일차 처리 0.148s (stype='휴식' | 그주마지막날=True | 경기있음=False | 부상=False)
[09-04 05:31:05] [AI리그] 21주차 2934경기, OVR캐시 11393→11393) 세부: 경기조회 0.009s | 시뮬루프 0.078s | executemany(2934건) 0.007s | teams반영+commit 0.019s
[09-04 05:31:05] [주 마무리] 21주차 0.13s (국제대회 0.00s | 챔스 0.01s | 클럽WC 0.00s | 국내컵 0.00s | 리그시뮬 0.11s)
[09-04 05:31:05] [PERF-DAY] 21주차 147일차 처리 0.130s (stype='휴식' | 그주마지막날=True | 경기있음=False | 부상=False)
[09-04 05:31:05] [AI리그] 22주차 2779경기, OVR캐시 11393→11393) 세부: 경기조회 0.008s | 시뮬루프 0.074s | executemany(2779건) 0.007s | teams반영+commit 0.019s
[09-04 05:31:05] [주 마무리] 22주차 0.12s (국제대회 0.00s | 챔스 0.01s | 클럽WC 0.00s | 국내컵 0.00s | 리그시뮬 0.11s)
[09-04 05:31:05] [PERF-DAY] 22주차 154일차 처리 0.123s (stype='휴식' | 그주마지막날=True | 경기있음=False | 부상=False)
[09-04 05:31:05] [AI리그] 23주차 2291경기, OVR캐시 11393→11393) 세부: 경기조회 0.008s | 시뮬루프 0.059s | executemany(2291건) 0.006s | teams반영+commit 0.014s
[09-04 05:31:05] [주 마무리] 23주차 0.10s (국제대회 0.00s | 챔스 0.01s | 클럽WC 0.00s | 국내컵 0.00s | 리그시뮬 0.09s)
[09-04 05:31:05] [PERF-DAY] 23주차 161일차 처리 0.109s (stype='휴식' | 그주마지막날=True | 경기있음=False | 부상=False)
[09-04 05:31:05] [AI리그] 24주차 2602경기, OVR캐시 11393→11393) 세부: 경기조회 0.008s | 시뮬루프 0.050s | executemany(2602건) 0.006s | teams반영+commit 0.012s
[09-04 05:31:05] [주 마무리] 24주차 0.08s (국제대회 0.00s | 챔스 0.00s | 클럽WC 0.00s | 국내컵 0.00s | 리그시뮬 0.08s)
[09-04 05:31:05] [PERF-DAY] 24주차 168일차 처리 0.080s (stype='휴식' | 그주마지막날=True | 경기있음=False | 부상=False)
[09-04 05:31:06] [PERF-DAILYHOOK] 25주차 169일차: process_intl_week 0.432s | process_cwc_week 0.000s
[09-04 05:31:06] [PERF-DAY] 25주차 169일차 처리 0.434s (stype='고강도' | 그주마지막날=False | 경기있음=False | 부상=False)
[09-04 05:31:06] [진행 총계] 0.46초
[09-04 05:31:09] [PERF-WEEKTAIL] 28주차: _pay_salary 0.000s | _advance_week 2.674s
[09-04 05:31:09] [PERF-DAY] 28주차 196일차 처리 2.684s (stype='휴식' | 그주마지막날=True | 경기있음=False | 부상=False)
[09-04 05:31:09] [진행 총계] 2.69초
[09-04 05:31:09] [AI리그] 29주차 4943경기, OVR캐시 11393→11393) 세부: 경기조회 0.010s | 시뮬루프 0.129s | executemany(4943건) 0.012s | teams반영+commit 0.027s
[09-04 05:31:09] [주 마무리] 29주차 0.18s (국제대회 0.00s | 챔스 0.00s | 클럽WC 0.00s | 국내컵 0.00s | 리그시뮬 0.18s)
[09-04 05:31:09] [PERF-DAY] 29주차 203일차 처리 0.183s (stype='휴식' | 그주마지막날=True | 경기있음=False | 부상=False)
[09-04 05:31:09] [AI리그] 30주차 6683경기, OVR캐시 11393→11393) 세부: 경기조회 0.010s | 시뮬루프 0.161s | executemany(6683건) 0.013s | teams반영+commit 0.031s
[09-04 05:31:09] [주 마무리] 30주차 0.28s (국제대회 0.00s | 챔스 0.00s | 클럽WC 0.00s | 국내컵 0.07s | 리그시뮬 0.22s)
[09-04 05:31:09] [PERF-DAY] 30주차 210일차 처리 0.286s (stype='휴식' | 그주마지막날=True | 경기있음=False | 부상=False)
[09-04 05:31:10] [AI리그] 31주차 6722경기, OVR캐시 11393→11393) 세부: 경기조회 0.010s | 시뮬루프 0.161s | executemany(6722건) 0.014s | teams반영+commit 0.030s
[09-04 05:31:10] [주 마무리] 31주차 0.22s (국제대회 0.00s | 챔스 0.00s | 클럽WC 0.00s | 국내컵 0.00s | 리그시뮬 0.22s)
[09-04 05:31:10] [PERF-DAY] 31주차 217일차 처리 0.220s (stype='휴식' | 그주마지막날=True | 경기있음=False | 부상=False)
[09-04 05:31:10] [AI리그] 32주차 6569경기, OVR캐시 11393→11393) 세부: 경기조회 0.010s | 시뮬루프 0.162s | executemany(6569건) 0.014s | teams반영+commit 0.033s
[09-04 05:31:10] [주 마무리] 32주차 0.28s (국제대회 0.00s | 챔스 0.00s | 클럽WC 0.00s | 국내컵 0.06s | 리그시뮬 0.22s)
[09-04 05:31:10] [PERF-DAY] 32주차 224일차 처리 0.285s (stype='휴식' | 그주마지막날=True | 경기있음=False | 부상=False)
[09-04 05:31:10] [AI리그] 33주차 6949경기, OVR캐시 11393→11393) 세부: 경기조회 0.009s | 시뮬루프 0.162s | executemany(6949건) 0.014s | teams반영+commit 0.031s
[09-04 05:31:10] [주 마무리] 33주차 0.22s (국제대회 0.00s | 챔스 0.00s | 클럽WC 0.00s | 국내컵 0.00s | 리그시뮬 0.22s)
[09-04 05:31:10] [PERF-DAY] 33주차 231일차 처리 0.222s (stype='휴식' | 그주마지막날=True | 경기있음=False | 부상=False)
[09-04 05:31:11] [AI리그] 34주차 6515경기, OVR캐시 11393→11393) 세부: 경기조회 0.008s | 시뮬루프 0.163s | executemany(6515건) 0.013s | teams반영+commit 0.031s
[09-04 05:31:11] [주 마무리] 34주차 0.26s (국제대회 0.00s | 챔스 0.00s | 클럽WC 0.00s | 국내컵 0.05s | 리그시뮬 0.22s)
[09-04 05:31:11] [PERF-DAY] 34주차 238일차 처리 0.266s (stype='휴식' | 그주마지막날=True | 경기있음=False | 부상=False)
[09-04 05:31:11] [AI리그] 35주차 6888경기, OVR캐시 11393→11393) 세부: 경기조회 0.008s | 시뮬루프 0.165s | executemany(6888건) 0.016s | teams반영+commit 0.038s
[09-04 05:31:11] [주 마무리] 35주차 0.23s (국제대회 0.00s | 챔스 0.00s | 클럽WC 0.00s | 국내컵 0.00s | 리그시뮬 0.23s)
[09-04 05:31:11] [PERF-DAY] 35주차 245일차 처리 0.232s (stype='휴식' | 그주마지막날=True | 경기있음=False | 부상=True)
[09-04 05:31:11] [AI리그] 36주차 7137경기, OVR캐시 11393→11393) 세부: 경기조회 0.011s | 시뮬루프 0.168s | executemany(7137건) 0.016s | teams반영+commit 0.038s
[09-04 05:31:11] [주 마무리] 36주차 0.28s (국제대회 0.00s | 챔스 0.00s | 클럽WC 0.00s | 국내컵 0.04s | 리그시뮬 0.24s)
[09-04 05:31:11] [PERF-DAY] 36주차 252일차 처리 0.280s (stype='휴식' | 그주마지막날=True | 경기있음=False | 부상=True)
[09-04 05:31:12] [AI리그] 37주차 6556경기, OVR캐시 11393→11393) 세부: 경기조회 0.007s | 시뮬루프 0.165s | executemany(6556건) 0.015s | teams반영+commit 0.039s
[09-04 05:31:12] [주 마무리] 37주차 0.23s (국제대회 0.00s | 챔스 0.00s | 클럽WC 0.00s | 국내컵 0.00s | 리그시뮬 0.23s)
[09-04 05:31:12] [PERF-DAY] 37주차 259일차 처리 0.231s (stype='휴식' | 그주마지막날=True | 경기있음=False | 부상=False)
[09-04 05:31:12] [AI리그] 38주차 6730경기, OVR캐시 11393→11393) 세부: 경기조회 0.007s | 시뮬루프 0.165s | executemany(6730건) 0.015s | teams반영+commit 0.038s
[09-04 05:31:12] [주 마무리] 38주차 0.29s (국제대회 0.00s | 챔스 0.00s | 클럽WC 0.00s | 국내컵 0.06s | 리그시뮬 0.23s)
[09-04 05:31:12] [PERF-DAY] 38주차 266일차 처리 0.288s (stype='휴식' | 그주마지막날=True | 경기있음=False | 부상=False)
[09-04 05:31:12] [AI리그] 39주차 6855경기, OVR캐시 11393→11393) 세부: 경기조회 0.007s | 시뮬루프 0.164s | executemany(6855건) 0.015s | teams반영+commit 0.037s
[09-04 05:31:12] [주 마무리] 39주차 0.23s (국제대회 0.00s | 챔스 0.00s | 클럽WC 0.00s | 국내컵 0.00s | 리그시뮬 0.23s)
[09-04 05:31:12] [PERF-DAY] 39주차 273일차 처리 0.228s (stype='휴식' | 그주마지막날=True | 경기있음=False | 부상=False)
[09-04 05:31:13] [AI리그] 40주차 6844경기, OVR캐시 11393→11393) 세부: 경기조회 0.006s | 시뮬루프 0.163s | executemany(6844건) 0.015s | teams반영+commit 0.037s
[09-04 05:31:13] [주 마무리] 40주차 0.25s (국제대회 0.00s | 챔스 0.00s | 클럽WC 0.00s | 국내컵 0.02s | 리그시뮬 0.22s)
[09-04 05:31:13] [PERF-DAY] 40주차 280일차 처리 0.249s (stype='휴식' | 그주마지막날=True | 경기있음=False | 부상=False)
[09-04 05:31:13] [AI리그] 41주차 6841경기, OVR캐시 11393→11393) 세부: 경기조회 0.005s | 시뮬루프 0.164s | executemany(6841건) 0.016s | teams반영+commit 0.038s
[09-04 05:31:13] [주 마무리] 41주차 0.23s (국제대회 0.00s | 챔스 0.00s | 클럽WC 0.00s | 국내컵 0.00s | 리그시뮬 0.23s)
[09-04 05:31:13] [PERF-DAY] 41주차 287일차 처리 0.229s (stype='휴식' | 그주마지막날=True | 경기있음=False | 부상=False)
[09-04 05:31:13] [AI리그] 42주차 6742경기, OVR캐시 11393→11393) 세부: 경기조회 0.005s | 시뮬루프 0.152s | executemany(6742건) 0.015s | teams반영+commit 0.035s
[09-04 05:31:13] [주 마무리] 42주차 0.22s (국제대회 0.00s | 챔스 0.00s | 클럽WC 0.00s | 국내컵 0.01s | 리그시뮬 0.21s)
[09-04 05:31:13] [PERF-DAY] 42주차 294일차 처리 0.217s (stype='휴식' | 그주마지막날=True | 경기있음=False | 부상=False)
[09-04 05:31:15] [PERF-PROMO] _process_promotion_relegation 세부: my_player/season조회 0.001s | teams+leagues조회 0.012s | standings계산(710개리그) 0.270s | ai_players OVR스캔 0.201s | 승강판정루프(211개국) 0.025s | executemany(1210건) 0.015s | 리스케일(1210건) 0.328s | commit/close 0.320s | 캐시무효화 0.000s
[09-04 05:31:15] [PERF-SEASON] finalize_club_season 세부: finish_incomplete_matches=0.047s | promotion_relegation=1.180s
[09-04 05:31:15] [PERF-YEAR] 43주차(CLUB_SEASON_END_DAY) 세부: finalize_club_season=1.227s | promotion_playoffs=0.027s | PRAGMA optimize=0.025s
[09-04 05:31:15] [PERF-DAY] 43주차 300일차 처리 1.293s (stype='휴식' | 그주마지막날=False | 경기있음=False | 부상=False)
[09-04 05:31:15] [진행 총계] 1.32초
[09-04 05:31:15] [PERF-DAILYHOOK] 44주차 306일차: process_po_week 0.069s
[09-04 05:31:15] [PERF-DAY] 44주차 306일차 처리 0.070s (stype='고강도' | 그주마지막날=False | 경기있음=False | 부상=False)
[09-04 05:31:15] [PERF-DAILYHOOK] 46주차 316일차: process_intl_week 0.155s | process_cwc_week 0.000s
[09-04 05:31:15] [PERF-DAY] 46주차 316일차 처리 0.156s (stype='고강도' | 그주마지막날=False | 경기있음=False | 부상=False)
[09-04 05:31:15] [PERF-DAILYHOOK] 46주차 317일차: process_intl_week 0.131s | process_cwc_week 0.000s
[09-04 05:31:15] [PERF-DAY] 46주차 317일차 처리 0.133s (stype='휴식' | 그주마지막날=False | 경기있음=False | 부상=False)
[09-04 05:31:15] [PERF-DAILYHOOK] 46주차 318일차: process_intl_week 0.139s | process_cwc_week 0.000s
[09-04 05:31:15] [PERF-DAY] 46주차 318일차 처리 0.140s (stype='고강도' | 그주마지막날=False | 경기있음=False | 부상=False)
[09-04 05:31:16] [PERF-DAILYHOOK] 46주차 319일차: process_intl_week 0.152s | process_cwc_week 0.000s
[09-04 05:31:16] [PERF-DAY] 46주차 319일차 처리 0.153s (stype='휴식' | 그주마지막날=False | 경기있음=False | 부상=False)
[09-04 05:31:16] [진행 총계] 0.61초
[09-04 05:31:16] [PERF]   _end_of_season 세부: AI생애주기 0.01s (승강제 타이밍은 43주 _finalize_club_season으로 이동 — 여기 안 잡힘)
[09-04 05:31:18] [PERF]   일정생성 세부: 아카이브이동 0.74s | 완비판정조회 0.01s | 기존경기dedup조회 0.00s | 일정계산 0.21s | INSERT+commit 0.34s | (대상리그 710개, 신규경기 201400건)
[09-04 05:31:18] [PERF]   인덱스재생성 0.34s
[09-04 05:31:20] [PERF] 연도전환 총 3.49s (커리어정리 0.00s | _end_of_season 0.03s | 일정생성 1.64s | 파워랭킹 1.81s | PRAGMA optimize 0.01s)
[09-04 05:31:20] [PERF-WEEKTAIL] 52주차: _pay_salary 0.000s | _advance_week 3.487s
[09-04 05:31:20] [PERF-DAY] 52주차 364일차 처리 3.488s (stype='휴식' | 그주마지막날=True | 경기있음=False | 부상=False)
[09-04 05:31:20] [진행 총계] 3.49초
[09-04 05:31:20] [AI리그] 4주차 4527경기, OVR캐시 0→9054) 세부: 경기조회 0.015s | 시뮬루프 0.283s | executemany(4527건) 0.010s | teams반영+commit 0.024s
[09-04 05:31:20] [주 마무리] 4주차 0.34s (국제대회 0.00s | 챔스 0.00s | 클럽WC 0.00s | 국내컵 0.00s | 리그시뮬 0.33s)
[09-04 05:31:21] [PERF-WEEKTAIL] 4주차: _pay_salary 0.000s | _advance_week 0.171s
[09-04 05:31:21] [PERF-DAY] 4주차 28일차 처리 0.508s (stype='휴식' | 그주마지막날=True | 경기있음=False | 부상=False)
[09-04 05:31:21] [진행 총계] 0.51초
[09-04 05:31:21] [AI리그] 5주차 5771경기, OVR캐시 11263→11393) 세부: 경기조회 0.016s | 시뮬루프 0.066s | executemany(5771건) 0.012s | teams반영+commit 0.037s
[09-04 05:31:21] [주 마무리] 5주차 0.25s (국제대회 0.00s | 챔스 0.00s | 클럽WC 0.00s | 국내컵 0.12s | 리그시뮬 0.13s)
[09-04 05:31:21] [PERF-DAY] 5주차 35일차 처리 0.254s (stype='휴식' | 그주마지막날=True | 경기있음=False | 부상=False)
[09-04 05:31:21] [AI리그] 6주차 5734경기, OVR캐시 11393→11393) 세부: 경기조회 0.015s | 시뮬루프 0.043s | executemany(5734건) 0.013s | teams반영+commit 0.041s
[09-04 05:31:21] [주 마무리] 6주차 0.23s (국제대회 0.00s | 챔스 0.00s | 클럽WC 0.00s | 국내컵 0.12s | 리그시뮬 0.11s)
[09-04 05:31:21] [PERF-DAY] 6주차 42일차 처리 0.234s (stype='휴식' | 그주마지막날=True | 경기있음=False | 부상=False)
[09-04 05:31:22] [AI리그] 7주차 5801경기, OVR캐시 11393→11393) 세부: 경기조회 0.015s | 시뮬루프 0.046s | executemany(5801건) 0.013s | teams반영+commit 0.039s
[09-04 05:31:22] [주 마무리] 7주차 0.21s (국제대회 0.00s | 챔스 0.00s | 클럽WC 0.00s | 국내컵 0.09s | 리그시뮬 0.11s)
[09-04 05:31:22] [PERF-DAY] 7주차 49일차 처리 0.272s (stype='휴식' | 그주마지막날=True | 경기있음=False | 부상=False)
[09-04 05:31:22] [AI리그] 8주차 5757경기, OVR캐시 11393→11393) 세부: 경기조회 0.015s | 시뮬루프 0.042s | executemany(5757건) 0.013s | teams반영+commit 0.041s
[09-04 05:31:22] [주 마무리] 8주차 0.12s (국제대회 0.00s | 챔스 0.00s | 클럽WC 0.00s | 국내컵 0.00s | 리그시뮬 0.11s)
[09-04 05:31:22] [PERF-DAY] 8주차 56일차 처리 0.118s (stype='휴식' | 그주마지막날=True | 경기있음=False | 부상=False)
[09-04 05:31:22] [AI리그] 9주차 5731경기, OVR캐시 11393→11393) 세부: 경기조회 0.014s | 시뮬루프 0.047s | executemany(5731건) 0.013s | teams반영+commit 0.040s
[09-04 05:31:22] [주 마무리] 9주차 0.15s (국제대회 0.00s | 챔스 0.03s | 클럽WC 0.00s | 국내컵 0.00s | 리그시뮬 0.12s)
[09-04 05:31:22] [PERF-DAY] 9주차 63일차 처리 0.147s (stype='휴식' | 그주마지막날=True | 경기있음=False | 부상=False)
[09-04 05:31:22] [AI리그] 10주차 5766경기, OVR캐시 11393→11393) 세부: 경기조회 0.014s | 시뮬루프 0.041s | executemany(5766건) 0.013s | teams반영+commit 0.038s
[09-04 05:31:22] [주 마무리] 10주차 0.13s (국제대회 0.00s | 챔스 0.02s | 클럽WC 0.00s | 국내컵 0.00s | 리그시뮬 0.11s)
[09-04 05:31:22] [PERF-DAY] 10주차 70일차 처리 0.134s (stype='휴식' | 그주마지막날=True | 경기있음=False | 부상=False)
[09-04 05:31:22] [AI리그] 11주차 5618경기, OVR캐시 11393→11393) 세부: 경기조회 0.014s | 시뮬루프 0.043s | executemany(5618건) 0.013s | teams반영+commit 0.037s
[09-04 05:31:22] [주 마무리] 11주차 0.13s (국제대회 0.00s | 챔스 0.02s | 클럽WC 0.00s | 국내컵 0.00s | 리그시뮬 0.11s)
[09-04 05:31:22] [PERF-DAY] 11주차 77일차 처리 0.134s (stype='휴식' | 그주마지막날=True | 경기있음=False | 부상=False)
[09-04 05:31:23] [AI리그] 12주차 5609경기, OVR캐시 11393→11393) 세부: 경기조회 0.015s | 시뮬루프 0.045s | executemany(5609건) 0.013s | teams반영+commit 0.038s
[09-04 05:31:23] [주 마무리] 12주차 0.14s (국제대회 0.00s | 챔스 0.02s | 클럽WC 0.00s | 국내컵 0.00s | 리그시뮬 0.11s)
[09-04 05:31:23] [PERF-DAY] 12주차 84일차 처리 0.138s (stype='휴식' | 그주마지막날=True | 경기있음=False | 부상=False)
[09-04 05:31:23] [AI리그] 13주차 5233경기, OVR캐시 11393→11393) 세부: 경기조회 0.013s | 시뮬루프 0.040s | executemany(5233건) 0.012s | teams반영+commit 0.034s
[09-04 05:31:23] [주 마무리] 13주차 0.13s (국제대회 0.00s | 챔스 0.02s | 클럽WC 0.00s | 국내컵 0.00s | 리그시뮬 0.10s)
[09-04 05:31:23] [PERF-DAY] 13주차 91일차 처리 0.127s (stype='휴식' | 그주마지막날=True | 경기있음=False | 부상=True)
[09-04 05:31:23] [AI리그] 14주차 5527경기, OVR캐시 11393→11393) 세부: 경기조회 0.012s | 시뮬루프 0.041s | executemany(5527건) 0.011s | teams반영+commit 0.027s
[09-04 05:31:23] [주 마무리] 14주차 0.12s (국제대회 0.00s | 챔스 0.02s | 클럽WC 0.00s | 국내컵 0.00s | 리그시뮬 0.09s)
[09-04 05:31:23] [PERF-DAY] 14주차 98일차 처리 0.119s (stype='휴식' | 그주마지막날=True | 경기있음=False | 부상=True)
[09-04 05:31:23] [AI리그] 15주차 5747경기, OVR캐시 11393→11393) 세부: 경기조회 0.013s | 시뮬루프 0.045s | executemany(5747건) 0.012s | teams반영+commit 0.029s
[09-04 05:31:23] [주 마무리] 15주차 0.13s (국제대회 0.00s | 챔스 0.02s | 클럽WC 0.00s | 국내컵 0.00s | 리그시뮬 0.10s)
[09-04 05:31:23] [PERF-DAY] 15주차 105일차 처리 0.127s (stype='휴식' | 그주마지막날=True | 경기있음=False | 부상=False)
[09-04 05:31:23] [AI리그] 16주차 5732경기, OVR캐시 11393→11393) 세부: 경기조회 0.012s | 시뮬루프 0.041s | executemany(5732건) 0.012s | teams반영+commit 0.030s
[09-04 05:31:23] [주 마무리] 16주차 0.14s (국제대회 0.00s | 챔스 0.05s | 클럽WC 0.00s | 국내컵 0.00s | 리그시뮬 0.10s)
[09-04 05:31:23] [PERF-DAY] 16주차 112일차 처리 0.145s (stype='휴식' | 그주마지막날=True | 경기있음=False | 부상=False)
[09-04 05:31:24] [AI리그] 17주차 5482경기, OVR캐시 11393→11393) 세부: 경기조회 0.012s | 시뮬루프 0.044s | executemany(5482건) 0.011s | teams반영+commit 0.030s
[09-04 05:31:24] [주 마무리] 17주차 0.10s (국제대회 0.00s | 챔스 0.00s | 클럽WC 0.00s | 국내컵 0.00s | 리그시뮬 0.10s)
[09-04 05:31:24] [PERF-DAY] 17주차 119일차 처리 0.104s (stype='휴식' | 그주마지막날=True | 경기있음=False | 부상=False)
[09-04 05:31:24] [AI리그] 18주차 5384경기, OVR캐시 11393→11393) 세부: 경기조회 0.014s | 시뮬루프 0.040s | executemany(5384건) 0.013s | teams반영+commit 0.037s
[09-04 05:31:24] [주 마무리] 18주차 0.13s (국제대회 0.00s | 챔스 0.03s | 클럽WC 0.00s | 국내컵 0.00s | 리그시뮬 0.11s)
[09-04 05:31:24] [PERF-DAY] 18주차 126일차 처리 0.133s (stype='휴식' | 그주마지막날=True | 경기있음=False | 부상=False)
[09-04 05:31:24] [AI리그] 19주차 3886경기, OVR캐시 11393→11393) 세부: 경기조회 0.010s | 시뮬루프 0.031s | executemany(3886건) 0.010s | teams반영+commit 0.027s
[09-04 05:31:24] [주 마무리] 19주차 0.08s (국제대회 0.00s | 챔스 0.00s | 클럽WC 0.00s | 국내컵 0.00s | 리그시뮬 0.08s)
[09-04 05:31:24] [PERF-DAY] 19주차 133일차 처리 0.086s (stype='휴식' | 그주마지막날=True | 경기있음=False | 부상=False)
[09-04 05:31:24] [AI리그] 20주차 3343경기, OVR캐시 11393→11393) 세부: 경기조회 0.010s | 시뮬루프 0.032s | executemany(3343건) 0.009s | teams반영+commit 0.024s
[09-04 05:31:24] [주 마무리] 20주차 0.10s (국제대회 0.00s | 챔스 0.02s | 클럽WC 0.00s | 국내컵 0.00s | 리그시뮬 0.08s)
[09-04 05:31:24] [PERF-DAY] 20주차 140일차 처리 0.099s (stype='휴식' | 그주마지막날=True | 경기있음=False | 부상=False)
[09-04 05:31:24] [AI리그] 21주차 2934경기, OVR캐시 11393→11393) 세부: 경기조회 0.009s | 시뮬루프 0.023s | executemany(2934건) 0.007s | teams반영+commit 0.020s
[09-04 05:31:24] [주 마무리] 21주차 0.08s (국제대회 0.00s | 챔스 0.01s | 클럽WC 0.00s | 국내컵 0.00s | 리그시뮬 0.06s)
[09-04 05:31:24] [PERF-DAY] 21주차 147일차 처리 0.076s (stype='휴식' | 그주마지막날=True | 경기있음=False | 부상=False)
[09-04 05:31:24] [AI리그] 22주차 2779경기, OVR캐시 11393→11393) 세부: 경기조회 0.009s | 시뮬루프 0.021s | executemany(2779건) 0.007s | teams반영+commit 0.019s
[09-04 05:31:24] [주 마무리] 22주차 0.07s (국제대회 0.00s | 챔스 0.01s | 클럽WC 0.00s | 국내컵 0.00s | 리그시뮬 0.06s)
[09-04 05:31:24] [PERF-DAY] 22주차 154일차 처리 0.070s (stype='휴식' | 그주마지막날=True | 경기있음=False | 부상=False)
[09-04 05:31:25] [주 마무리] 23주차 0.06s (국제대회 0.00s | 챔스 0.01s | 클럽WC 0.00s | 국내컵 0.00s | 리그시뮬 0.05s)
[09-04 05:31:25] [PERF-DAY] 23주차 161일차 처리 0.069s (stype='휴식' | 그주마지막날=True | 경기있음=False | 부상=False)
[09-04 05:31:25] [주 마무리] 24주차 0.05s (국제대회 0.00s | 챔스 0.00s | 클럽WC 0.00s | 국내컵 0.00s | 리그시뮬 0.05s)
[09-04 05:31:25] [PERF-DAY] 24주차 168일차 처리 0.052s (stype='휴식' | 그주마지막날=True | 경기있음=False | 부상=False)
[09-04 05:31:25] [PERF-DAILYHOOK] 25주차 169일차: process_intl_week 0.574s | process_cwc_week 0.000s
[09-04 05:31:25] [PERF-DAY] 25주차 169일차 처리 0.576s (stype='고강도' | 그주마지막날=False | 경기있음=False | 부상=False)
[09-04 05:31:25] [진행 총계] 0.61초
[09-04 05:31:26] [PERF-DAILYHOOK] 27주차 189일차: process_intl_week 0.054s | process_cwc_week 0.000s
[09-04 05:31:26] [PERF-DAY] 27주차 189일차 처리 0.064s (stype='휴식' | 그주마지막날=True | 경기있음=False | 부상=True)
[09-04 05:31:28] [PERF-WEEKTAIL] 28주차: _pay_salary 0.000s | _advance_week 2.636s
[09-04 05:31:28] [PERF-DAY] 28주차 196일차 처리 2.646s (stype='휴식' | 그주마지막날=True | 경기있음=False | 부상=True)
[09-04 05:31:28] [진행 총계] 2.65초
[09-04 05:31:28] [AI리그] 29주차 4943경기, OVR캐시 11393→11393) 세부: 경기조회 0.010s | 시뮬루프 0.038s | executemany(4943건) 0.012s | teams반영+commit 0.030s
[09-04 05:31:28] [주 마무리] 29주차 0.09s (국제대회 0.00s | 챔스 0.00s | 클럽WC 0.00s | 국내컵 0.00s | 리그시뮬 0.09s)
[09-04 05:31:28] [PERF-DAY] 29주차 203일차 처리 0.095s (stype='휴식' | 그주마지막날=True | 경기있음=False | 부상=False)
[09-04 05:31:29] [AI리그] 30주차 6683경기, OVR캐시 11393→11393) 세부: 경기조회 0.010s | 시뮬루프 0.047s | executemany(6683건) 0.015s | teams반영+commit 0.037s
[09-04 05:31:29] [주 마무리] 30주차 0.18s (국제대회 0.00s | 챔스 0.00s | 클럽WC 0.00s | 국내컵 0.07s | 리그시뮬 0.11s)
[09-04 05:31:29] [PERF-DAY] 30주차 210일차 처리 0.182s (stype='휴식' | 그주마지막날=True | 경기있음=False | 부상=False)
[09-04 05:31:29] [AI리그] 31주차 6722경기, OVR캐시 11393→11393) 세부: 경기조회 0.013s | 시뮬루프 0.050s | executemany(6722건) 0.015s | teams반영+commit 0.037s
[09-04 05:31:29] [주 마무리] 31주차 0.12s (국제대회 0.00s | 챔스 0.00s | 클럽WC 0.00s | 국내컵 0.00s | 리그시뮬 0.12s)
[09-04 05:31:29] [PERF-DAY] 31주차 217일차 처리 0.120s (stype='휴식' | 그주마지막날=True | 경기있음=False | 부상=False)
[09-04 05:31:29] [AI리그] 32주차 6569경기, OVR캐시 11393→11393) 세부: 경기조회 0.013s | 시뮬루프 0.049s | executemany(6569건) 0.016s | teams반영+commit 0.039s
[09-04 05:31:29] [주 마무리] 32주차 0.19s (국제대회 0.00s | 챔스 0.00s | 클럽WC 0.00s | 국내컵 0.07s | 리그시뮬 0.12s)
[09-04 05:31:29] [PERF-DAY] 32주차 224일차 처리 0.187s (stype='휴식' | 그주마지막날=True | 경기있음=False | 부상=False)
[09-04 05:31:29] [AI리그] 33주차 6949경기, OVR캐시 11393→11393) 세부: 경기조회 0.009s | 시뮬루프 0.048s | executemany(6949건) 0.017s | teams반영+commit 0.040s
[09-04 05:31:29] [주 마무리] 33주차 0.12s (국제대회 0.00s | 챔스 0.00s | 클럽WC 0.00s | 국내컵 0.00s | 리그시뮬 0.12s)
[09-04 05:31:29] [PERF-DAY] 33주차 231일차 처리 0.118s (stype='휴식' | 그주마지막날=True | 경기있음=False | 부상=False)
[09-04 05:31:30] [AI리그] 34주차 6515경기, OVR캐시 11393→11393) 세부: 경기조회 0.008s | 시뮬루프 0.046s | executemany(6515건) 0.013s | teams반영+commit 0.033s
[09-04 05:31:30] [주 마무리] 34주차 0.15s (국제대회 0.00s | 챔스 0.00s | 클럽WC 0.00s | 국내컵 0.05s | 리그시뮬 0.10s)
[09-04 05:31:30] [PERF-DAY] 34주차 238일차 처리 0.151s (stype='휴식' | 그주마지막날=True | 경기있음=False | 부상=False)
[09-04 05:31:30] [AI리그] 35주차 6888경기, OVR캐시 11393→11393) 세부: 경기조회 0.009s | 시뮬루프 0.047s | executemany(6888건) 0.015s | teams반영+commit 0.035s
[09-04 05:31:30] [주 마무리] 35주차 0.11s (국제대회 0.00s | 챔스 0.00s | 클럽WC 0.00s | 국내컵 0.00s | 리그시뮬 0.11s)
[09-04 05:31:30] [PERF-DAY] 35주차 245일차 처리 0.111s (stype='휴식' | 그주마지막날=True | 경기있음=False | 부상=False)
[09-04 05:31:30] [AI리그] 36주차 7137경기, OVR캐시 11393→11393) 세부: 경기조회 0.008s | 시뮬루프 0.049s | executemany(7137건) 0.016s | teams반영+commit 0.036s
[09-04 05:31:30] [주 마무리] 36주차 0.15s (국제대회 0.00s | 챔스 0.00s | 클럽WC 0.00s | 국내컵 0.04s | 리그시뮬 0.11s)
[09-04 05:31:30] [PERF-DAY] 36주차 252일차 처리 0.155s (stype='휴식' | 그주마지막날=True | 경기있음=False | 부상=False)
[09-04 05:31:30] [AI리그] 37주차 6556경기, OVR캐시 11393→11393) 세부: 경기조회 0.007s | 시뮬루프 0.046s | executemany(6556건) 0.014s | teams반영+commit 0.034s
[09-04 05:31:30] [주 마무리] 37주차 0.10s (국제대회 0.00s | 챔스 0.00s | 클럽WC 0.00s | 국내컵 0.00s | 리그시뮬 0.10s)
[09-04 05:31:30] [PERF-DAY] 37주차 259일차 처리 0.106s (stype='휴식' | 그주마지막날=True | 경기있음=False | 부상=False)
[09-04 05:31:30] [AI리그] 38주차 6730경기, OVR캐시 11393→11393) 세부: 경기조회 0.007s | 시뮬루프 0.047s | executemany(6730건) 0.015s | teams반영+commit 0.036s
[09-04 05:31:30] [주 마무리] 38주차 0.17s (국제대회 0.00s | 챔스 0.00s | 클럽WC 0.00s | 국내컵 0.06s | 리그시뮬 0.11s)
[09-04 05:31:30] [PERF-DAY] 38주차 266일차 처리 0.169s (stype='휴식' | 그주마지막날=True | 경기있음=False | 부상=False)
[09-04 05:31:31] [AI리그] 39주차 6855경기, OVR캐시 11393→11393) 세부: 경기조회 0.007s | 시뮬루프 0.049s | executemany(6855건) 0.016s | teams반영+commit 0.036s
[09-04 05:31:31] [주 마무리] 39주차 0.11s (국제대회 0.00s | 챔스 0.00s | 클럽WC 0.00s | 국내컵 0.00s | 리그시뮬 0.11s)
[09-04 05:31:31] [PERF-DAY] 39주차 273일차 처리 0.111s (stype='휴식' | 그주마지막날=True | 경기있음=False | 부상=False)
[09-04 05:31:31] [AI리그] 40주차 6844경기, OVR캐시 11393→11393) 세부: 경기조회 0.006s | 시뮬루프 0.045s | executemany(6844건) 0.015s | teams반영+commit 0.035s
[09-04 05:31:31] [주 마무리] 40주차 0.13s (국제대회 0.00s | 챔스 0.00s | 클럽WC 0.00s | 국내컵 0.02s | 리그시뮬 0.10s)
[09-04 05:31:31] [PERF-DAY] 40주차 280일차 처리 0.127s (stype='휴식' | 그주마지막날=True | 경기있음=False | 부상=False)
[09-04 05:31:31] [AI리그] 41주차 6841경기, OVR캐시 11393→11393) 세부: 경기조회 0.005s | 시뮬루프 0.046s | executemany(6841건) 0.015s | teams반영+commit 0.035s
[09-04 05:31:31] [주 마무리] 41주차 0.10s (국제대회 0.00s | 챔스 0.00s | 클럽WC 0.00s | 국내컵 0.00s | 리그시뮬 0.10s)
[09-04 05:31:31] [PERF-DAY] 41주차 287일차 처리 0.105s (stype='휴식' | 그주마지막날=True | 경기있음=False | 부상=False)
[09-04 05:31:31] [AI리그] 42주차 6742경기, OVR캐시 11393→11393) 세부: 경기조회 0.005s | 시뮬루프 0.046s | executemany(6742건) 0.015s | teams반영+commit 0.032s
[09-04 05:31:31] [주 마무리] 42주차 0.11s (국제대회 0.00s | 챔스 0.00s | 클럽WC 0.00s | 국내컵 0.01s | 리그시뮬 0.10s)
[09-04 05:31:31] [PERF-DAY] 42주차 294일차 처리 0.107s (stype='휴식' | 그주마지막날=True | 경기있음=False | 부상=False)
[09-04 05:31:33] [PERF-PROMO] _process_promotion_relegation 세부: my_player/season조회 0.001s | teams+leagues조회 0.012s | standings계산(710개리그) 0.272s | ai_players OVR스캔 0.214s | 승강판정루프(211개국) 0.025s | executemany(1210건) 0.017s | 리스케일(1210건) 0.323s | commit/close 0.322s | 캐시무효화 0.000s
[09-04 05:31:33] [PERF-SEASON] finalize_club_season 세부: finish_incomplete_matches=0.044s | promotion_relegation=1.194s
[09-04 05:31:33] [PERF-YEAR] 43주차(CLUB_SEASON_END_DAY) 세부: finalize_club_season=1.239s | promotion_playoffs=0.023s | PRAGMA optimize=0.000s
[09-04 05:31:33] [PERF-DAY] 43주차 300일차 처리 1.274s (stype='휴식' | 그주마지막날=False | 경기있음=False | 부상=False)
[09-04 05:31:33] [진행 총계] 1.30초
[09-04 05:31:33] [PERF-DAILYHOOK] 44주차 306일차: process_po_week 0.064s
[09-04 05:31:33] [PERF-DAY] 44주차 306일차 처리 0.066s (stype='고강도' | 그주마지막날=False | 경기있음=False | 부상=False)
[09-04 05:31:34] [PERF-DAILYHOOK] 46주차 316일차: process_intl_week 0.587s | process_cwc_week 0.000s
[09-04 05:31:34] [PERF-DAY] 46주차 316일차 처리 0.588s (stype='고강도' | 그주마지막날=False | 경기있음=False | 부상=False)
[09-04 05:31:34] [PERF-DAILYHOOK] 46주차 317일차: process_intl_week 0.119s | process_cwc_week 0.000s
[09-04 05:31:34] [PERF-DAY] 46주차 317일차 처리 0.121s (stype='휴식' | 그주마지막날=False | 경기있음=False | 부상=False)
[09-04 05:31:34] [PERF-DAILYHOOK] 46주차 320일차: process_intl_week 0.091s | process_cwc_week 0.000s
[09-04 05:31:34] [PERF-DAY] 46주차 320일차 처리 0.092s (stype='고강도' | 그주마지막날=False | 경기있음=False | 부상=False)
[09-04 05:31:34] [진행 총계] 0.85초
[09-04 05:31:35] [PERF]   _end_of_season 세부: AI생애주기 0.00s (승강제 타이밍은 43주 _finalize_club_season으로 이동 — 여기 안 잡힘)
[09-04 05:31:36] [PERF]   일정생성 세부: 아카이브이동 0.81s | 완비판정조회 0.01s | 기존경기dedup조회 0.00s | 일정계산 0.21s | INSERT+commit 0.42s | (대상리그 710개, 신규경기 201400건)
[09-04 05:31:36] [PERF]   인덱스재생성 0.34s
[09-04 05:31:38] [PERF] 연도전환 총 3.32s (커리어정리 0.00s | _end_of_season 0.01s | 일정생성 1.80s | 파워랭킹 1.51s | PRAGMA optimize 0.00s)
[09-04 05:31:38] [PERF-WEEKTAIL] 52주차: _pay_salary 0.000s | _advance_week 3.326s
[09-04 05:31:38] [PERF-DAY] 52주차 364일차 처리 3.327s (stype='휴식' | 그주마지막날=True | 경기있음=False | 부상=False)
[09-04 05:31:38] [진행 총계] 3.33초
[09-04 05:31:39] [AI리그] 4주차 4527경기, OVR캐시 0→9054) 세부: 경기조회 0.015s | 시뮬루프 0.287s | executemany(4527건) 0.010s | teams반영+commit 0.025s
[09-04 05:31:39] [주 마무리] 4주차 0.34s (국제대회 0.00s | 챔스 0.00s | 클럽WC 0.00s | 국내컵 0.00s | 리그시뮬 0.34s)
[09-04 05:31:39] [PERF-WEEKTAIL] 4주차: _pay_salary 0.000s | _advance_week 0.176s
[09-04 05:31:39] [PERF-DAY] 4주차 28일차 처리 0.518s (stype='휴식' | 그주마지막날=True | 경기있음=False | 부상=False)
[09-04 05:31:39] [진행 총계] 0.52초
[09-04 05:31:39] [AI리그] 5주차 5771경기, OVR캐시 11263→11393) 세부: 경기조회 0.018s | 시뮬루프 0.067s | executemany(5771건) 0.013s | teams반영+commit 0.039s
[09-04 05:31:39] [주 마무리] 5주차 0.26s (국제대회 0.00s | 챔스 0.00s | 클럽WC 0.00s | 국내컵 0.12s | 리그시뮬 0.14s)
[09-04 05:31:39] [PERF-DAY] 5주차 35일차 처리 0.261s (stype='휴식' | 그주마지막날=True | 경기있음=False | 부상=False)
[09-04 05:31:39] [AI리그] 6주차 5734경기, OVR캐시 11393→11393) 세부: 경기조회 0.015s | 시뮬루프 0.042s | executemany(5734건) 0.013s | teams반영+commit 0.040s
[09-04 05:31:39] [주 마무리] 6주차 0.23s (국제대회 0.00s | 챔스 0.00s | 클럽WC 0.00s | 국내컵 0.12s | 리그시뮬 0.11s)
[09-04 05:31:39] [PERF-DAY] 6주차 42일차 처리 0.236s (stype='휴식' | 그주마지막날=True | 경기있음=False | 부상=False)
[09-04 05:31:40] [AI리그] 7주차 5801경기, OVR캐시 11393→11393) 세부: 경기조회 0.014s | 시뮬루프 0.048s | executemany(5801건) 0.012s | teams반영+commit 0.036s
[09-04 05:31:40] [주 마무리] 7주차 0.21s (국제대회 0.00s | 챔스 0.00s | 클럽WC 0.00s | 국내컵 0.09s | 리그시뮬 0.11s)
[09-04 05:31:40] [PERF-DAY] 7주차 49일차 처리 0.283s (stype='휴식' | 그주마지막날=True | 경기있음=False | 부상=False)
[09-04 05:31:40] [AI리그] 8주차 5757경기, OVR캐시 11393→11393) 세부: 경기조회 0.015s | 시뮬루프 0.047s | executemany(5757건) 0.014s | teams반영+commit 0.042s
[09-04 05:31:40] [주 마무리] 8주차 0.12s (국제대회 0.00s | 챔스 0.00s | 클럽WC 0.00s | 국내컵 0.00s | 리그시뮬 0.12s)
[09-04 05:31:40] [PERF-DAY] 8주차 56일차 처리 0.125s (stype='휴식' | 그주마지막날=True | 경기있음=False | 부상=False)
[09-04 05:31:40] [AI리그] 9주차 5731경기, OVR캐시 11393→11393) 세부: 경기조회 0.014s | 시뮬루프 0.042s | executemany(5731건) 0.013s | teams반영+commit 0.040s
[09-04 05:31:40] [주 마무리] 9주차 0.14s (국제대회 0.00s | 챔스 0.03s | 클럽WC 0.00s | 국내컵 0.00s | 리그시뮬 0.11s)
[09-04 05:31:40] [PERF-DAY] 9주차 63일차 처리 0.142s (stype='휴식' | 그주마지막날=True | 경기있음=False | 부상=False)
[09-04 05:31:40] [AI리그] 10주차 5766경기, OVR캐시 11393→11393) 세부: 경기조회 0.014s | 시뮬루프 0.049s | executemany(5766건) 0.013s | teams반영+commit 0.039s
[09-04 05:31:40] [주 마무리] 10주차 0.14s (국제대회 0.00s | 챔스 0.02s | 클럽WC 0.00s | 국내컵 0.00s | 리그시뮬 0.12s)
[09-04 05:31:40] [PERF-DAY] 10주차 70일차 처리 0.143s (stype='휴식' | 그주마지막날=True | 경기있음=False | 부상=False)
[09-04 05:31:41] [AI리그] 11주차 5618경기, OVR캐시 11393→11393) 세부: 경기조회 0.014s | 시뮬루프 0.044s | executemany(5618건) 0.013s | teams반영+commit 0.037s
[09-04 05:31:41] [주 마무리] 11주차 0.13s (국제대회 0.00s | 챔스 0.02s | 클럽WC 0.00s | 국내컵 0.00s | 리그시뮬 0.11s)
[09-04 05:31:41] [PERF-DAY] 11주차 77일차 처리 0.136s (stype='휴식' | 그주마지막날=True | 경기있음=False | 부상=False)
[09-04 05:31:41] [AI리그] 12주차 5609경기, OVR캐시 11393→11393) 세부: 경기조회 0.014s | 시뮬루프 0.044s | executemany(5609건) 0.013s | teams반영+commit 0.040s
[09-04 05:31:41] [주 마무리] 12주차 0.14s (국제대회 0.00s | 챔스 0.03s | 클럽WC 0.00s | 국내컵 0.00s | 리그시뮬 0.11s)
[09-04 05:31:41] [PERF-DAY] 12주차 84일차 처리 0.140s (stype='휴식' | 그주마지막날=True | 경기있음=False | 부상=False)
[09-04 05:31:41] [AI리그] 13주차 5233경기, OVR캐시 11393→11393) 세부: 경기조회 0.014s | 시뮬루프 0.043s | executemany(5233건) 0.012s | teams반영+commit 0.034s
[09-04 05:31:41] [주 마무리] 13주차 0.13s (국제대회 0.00s | 챔스 0.02s | 클럽WC 0.00s | 국내컵 0.00s | 리그시뮬 0.10s)
[09-04 05:31:41] [PERF-DAY] 13주차 91일차 처리 0.132s (stype='휴식' | 그주마지막날=True | 경기있음=False | 부상=False)
[09-04 05:31:41] [AI리그] 14주차 5527경기, OVR캐시 11393→11393) 세부: 경기조회 0.013s | 시뮬루프 0.041s | executemany(5527건) 0.013s | teams반영+commit 0.035s
[09-04 05:31:41] [주 마무리] 14주차 0.13s (국제대회 0.00s | 챔스 0.02s | 클럽WC 0.00s | 국내컵 0.00s | 리그시뮬 0.10s)
[09-04 05:31:41] [PERF-DAY] 14주차 98일차 처리 0.130s (stype='휴식' | 그주마지막날=True | 경기있음=False | 부상=False)
[09-04 05:31:42] [AI리그] 15주차 5747경기, OVR캐시 11393→11393) 세부: 경기조회 0.013s | 시뮬루프 0.044s | executemany(5747건) 0.013s | teams반영+commit 0.039s
[09-04 05:31:42] [주 마무리] 15주차 0.14s (국제대회 0.00s | 챔스 0.02s | 클럽WC 0.00s | 국내컵 0.00s | 리그시뮬 0.11s)
[09-04 05:31:42] [PERF-DAY] 15주차 105일차 처리 0.139s (stype='휴식' | 그주마지막날=True | 경기있음=False | 부상=False)
[09-04 05:31:42] [AI리그] 16주차 5732경기, OVR캐시 11393→11393) 세부: 경기조회 0.013s | 시뮬루프 0.050s | executemany(5732건) 0.013s | teams반영+commit 0.039s
[09-04 05:31:42] [주 마무리] 16주차 0.17s (국제대회 0.00s | 챔스 0.05s | 클럽WC 0.00s | 국내컵 0.00s | 리그시뮬 0.12s)
[09-04 05:31:42] [PERF-DAY] 16주차 112일차 처리 0.167s (stype='휴식' | 그주마지막날=True | 경기있음=False | 부상=False)
[09-04 05:31:42] [AI리그] 17주차 5482경기, OVR캐시 11393→11393) 세부: 경기조회 0.011s | 시뮬루프 0.042s | executemany(5482건) 0.014s | teams반영+commit 0.044s
[09-04 05:31:42] [주 마무리] 17주차 0.12s (국제대회 0.00s | 챔스 0.00s | 클럽WC 0.00s | 국내컵 0.00s | 리그시뮬 0.11s)
[09-04 05:31:42] [PERF-DAY] 17주차 119일차 처리 0.119s (stype='휴식' | 그주마지막날=True | 경기있음=False | 부상=False)
[09-04 05:31:42] [AI리그] 18주차 5384경기, OVR캐시 11393→11393) 세부: 경기조회 0.011s | 시뮬루프 0.046s | executemany(5384건) 0.013s | teams반영+commit 0.036s
[09-04 05:31:42] [주 마무리] 18주차 0.13s (국제대회 0.00s | 챔스 0.03s | 클럽WC 0.00s | 국내컵 0.00s | 리그시뮬 0.11s)
[09-04 05:31:42] [PERF-DAY] 18주차 126일차 처리 0.136s (stype='휴식' | 그주마지막날=True | 경기있음=False | 부상=False)
[09-04 05:31:42] [AI리그] 19주차 3886경기, OVR캐시 11393→11393) 세부: 경기조회 0.011s | 시뮬루프 0.029s | executemany(3886건) 0.009s | teams반영+commit 0.025s
[09-04 05:31:42] [주 마무리] 19주차 0.08s (국제대회 0.00s | 챔스 0.00s | 클럽WC 0.00s | 국내컵 0.00s | 리그시뮬 0.08s)
[09-04 05:31:42] [PERF-DAY] 19주차 133일차 처리 0.081s (stype='휴식' | 그주마지막날=True | 경기있음=False | 부상=False)
[09-04 05:31:43] [AI리그] 20주차 3343경기, OVR캐시 11393→11393) 세부: 경기조회 0.009s | 시뮬루프 0.025s | executemany(3343건) 0.008s | teams반영+commit 0.021s
[09-04 05:31:43] [주 마무리] 20주차 0.09s (국제대회 0.00s | 챔스 0.02s | 클럽WC 0.00s | 국내컵 0.00s | 리그시뮬 0.07s)
[09-04 05:31:43] [PERF-DAY] 20주차 140일차 처리 0.087s (stype='휴식' | 그주마지막날=True | 경기있음=False | 부상=False)
[09-04 05:31:43] [AI리그] 21주차 2934경기, OVR캐시 11393→11393) 세부: 경기조회 0.009s | 시뮬루프 0.022s | executemany(2934건) 0.007s | teams반영+commit 0.020s
[09-04 05:31:43] [주 마무리] 21주차 0.07s (국제대회 0.00s | 챔스 0.01s | 클럽WC 0.00s | 국내컵 0.00s | 리그시뮬 0.06s)
[09-04 05:31:43] [PERF-DAY] 21주차 147일차 처리 0.076s (stype='휴식' | 그주마지막날=True | 경기있음=False | 부상=False)
[09-04 05:31:43] [AI리그] 22주차 2779경기, OVR캐시 11393→11393) 세부: 경기조회 0.009s | 시뮬루프 0.028s | executemany(2779건) 0.007s | teams반영+commit 0.018s
[09-04 05:31:43] [주 마무리] 22주차 0.07s (국제대회 0.00s | 챔스 0.01s | 클럽WC 0.00s | 국내컵 0.00s | 리그시뮬 0.06s)
[09-04 05:31:43] [PERF-DAY] 22주차 154일차 처리 0.076s (stype='휴식' | 그주마지막날=True | 경기있음=False | 부상=False)
[09-04 05:31:43] [주 마무리] 23주차 0.06s (국제대회 0.00s | 챔스 0.01s | 클럽WC 0.00s | 국내컵 0.00s | 리그시뮬 0.04s)
[09-04 05:31:43] [PERF-DAY] 23주차 161일차 처리 0.078s (stype='휴식' | 그주마지막날=True | 경기있음=False | 부상=True)
[09-04 05:31:44] [PERF-DAILYHOOK] 25주차 169일차: process_intl_week 1.256s | process_cwc_week 0.000s
[09-04 05:31:44] [PERF-DAY] 25주차 169일차 처리 1.258s (stype='고강도' | 그주마지막날=False | 경기있음=False | 부상=False)
[09-04 05:31:45] [진행 총계] 1.32초
[09-04 05:31:45] [PERF-DAILYHOOK] 27주차 189일차: process_intl_week 0.061s | process_cwc_week 0.000s
[09-04 05:31:45] [PERF-DAY] 27주차 189일차 처리 0.071s (stype='휴식' | 그주마지막날=True | 경기있음=False | 부상=False)
[09-04 05:31:48] [PERF-WEEKTAIL] 28주차: _pay_salary 0.000s | _advance_week 2.652s
[09-04 05:31:48] [PERF-DAY] 28주차 196일차 처리 2.662s (stype='휴식' | 그주마지막날=True | 경기있음=False | 부상=False)
[09-04 05:31:48] [진행 총계] 2.70초
[09-04 05:31:48] [AI리그] 29주차 4943경기, OVR캐시 11393→11393) 세부: 경기조회 0.010s | 시뮬루프 0.038s | executemany(4943건) 0.011s | teams반영+commit 0.039s
[09-04 05:31:48] [주 마무리] 29주차 0.10s (국제대회 0.00s | 챔스 0.00s | 클럽WC 0.00s | 국내컵 0.00s | 리그시뮬 0.10s)
[09-04 05:31:48] [PERF-DAY] 29주차 203일차 처리 0.104s (stype='휴식' | 그주마지막날=True | 경기있음=False | 부상=False)
[09-04 05:31:48] [AI리그] 30주차 6683경기, OVR캐시 11393→11393) 세부: 경기조회 0.010s | 시뮬루프 0.047s | executemany(6683건) 0.015s | teams반영+commit 0.038s
[09-04 05:31:48] [주 마무리] 30주차 0.18s (국제대회 0.00s | 챔스 0.00s | 클럽WC 0.00s | 국내컵 0.07s | 리그시뮬 0.11s)
[09-04 05:31:48] [PERF-DAY] 30주차 210일차 처리 0.185s (stype='휴식' | 그주마지막날=True | 경기있음=False | 부상=False)
[09-04 05:31:49] [AI리그] 31주차 6722경기, OVR캐시 11393→11393) 세부: 경기조회 0.010s | 시뮬루프 0.049s | executemany(6722건) 0.015s | teams반영+commit 0.038s
[09-04 05:31:49] [주 마무리] 31주차 0.12s (국제대회 0.00s | 챔스 0.00s | 클럽WC 0.00s | 국내컵 0.00s | 리그시뮬 0.12s)
[09-04 05:31:49] [PERF-DAY] 31주차 217일차 처리 0.119s (stype='휴식' | 그주마지막날=True | 경기있음=False | 부상=False)
[09-04 05:31:49] [AI리그] 32주차 6569경기, OVR캐시 11393→11393) 세부: 경기조회 0.010s | 시뮬루프 0.047s | executemany(6569건) 0.015s | teams반영+commit 0.039s
[09-04 05:31:49] [주 마무리] 32주차 0.18s (국제대회 0.00s | 챔스 0.00s | 클럽WC 0.00s | 국내컵 0.07s | 리그시뮬 0.11s)
[09-04 05:31:49] [PERF-DAY] 32주차 224일차 처리 0.181s (stype='휴식' | 그주마지막날=True | 경기있음=False | 부상=False)
[09-04 05:31:49] [AI리그] 33주차 6949경기, OVR캐시 11393→11393) 세부: 경기조회 0.009s | 시뮬루프 0.048s | executemany(6949건) 0.016s | teams반영+commit 0.038s
[09-04 05:31:49] [주 마무리] 33주차 0.12s (국제대회 0.00s | 챔스 0.00s | 클럽WC 0.00s | 국내컵 0.00s | 리그시뮬 0.11s)
[09-04 05:31:49] [PERF-DAY] 33주차 231일차 처리 0.117s (stype='휴식' | 그주마지막날=True | 경기있음=False | 부상=False)
[09-04 05:31:49] [AI리그] 34주차 6515경기, OVR캐시 11393→11393) 세부: 경기조회 0.009s | 시뮬루프 0.047s | executemany(6515건) 0.015s | teams반영+commit 0.040s
[09-04 05:31:49] [주 마무리] 34주차 0.16s (국제대회 0.00s | 챔스 0.00s | 클럽WC 0.00s | 국내컵 0.05s | 리그시뮬 0.11s)
[09-04 05:31:49] [PERF-DAY] 34주차 238일차 처리 0.166s (stype='휴식' | 그주마지막날=True | 경기있음=False | 부상=False)
[09-04 05:31:49] [AI리그] 35주차 6888경기, OVR캐시 11393→11393) 세부: 경기조회 0.009s | 시뮬루프 0.048s | executemany(6888건) 0.016s | teams반영+commit 0.037s
[09-04 05:31:49] [주 마무리] 35주차 0.11s (국제대회 0.00s | 챔스 0.00s | 클럽WC 0.00s | 국내컵 0.00s | 리그시뮬 0.11s)
[09-04 05:31:49] [PERF-DAY] 35주차 245일차 처리 0.115s (stype='휴식' | 그주마지막날=True | 경기있음=False | 부상=False)
[09-04 05:31:50] [AI리그] 36주차 7137경기, OVR캐시 11393→11393) 세부: 경기조회 0.008s | 시뮬루프 0.056s | executemany(7137건) 0.016s | teams반영+commit 0.036s
[09-04 05:31:50] [주 마무리] 36주차 0.16s (국제대회 0.00s | 챔스 0.00s | 클럽WC 0.00s | 국내컵 0.05s | 리그시뮬 0.12s)
[09-04 05:31:50] [PERF-DAY] 36주차 252일차 처리 0.166s (stype='휴식' | 그주마지막날=True | 경기있음=False | 부상=False)
[09-04 05:31:50] [AI리그] 37주차 6556경기, OVR캐시 11393→11393) 세부: 경기조회 0.007s | 시뮬루프 0.047s | executemany(6556건) 0.015s | teams반영+commit 0.037s
[09-04 05:31:50] [주 마무리] 37주차 0.11s (국제대회 0.00s | 챔스 0.00s | 클럽WC 0.00s | 국내컵 0.00s | 리그시뮬 0.11s)
[09-04 05:31:50] [PERF-DAY] 37주차 259일차 처리 0.110s (stype='휴식' | 그주마지막날=True | 경기있음=False | 부상=False)
[09-04 05:31:50] [AI리그] 38주차 6730경기, OVR캐시 11393→11393) 세부: 경기조회 0.007s | 시뮬루프 0.047s | executemany(6730건) 0.015s | teams반영+commit 0.038s
[09-04 05:31:50] [주 마무리] 38주차 0.17s (국제대회 0.00s | 챔스 0.00s | 클럽WC 0.00s | 국내컵 0.06s | 리그시뮬 0.11s)
[09-04 05:31:50] [PERF-DAY] 38주차 266일차 처리 0.172s (stype='휴식' | 그주마지막날=True | 경기있음=False | 부상=False)
[09-04 05:31:50] [AI리그] 39주차 6855경기, OVR캐시 11393→11393) 세부: 경기조회 0.007s | 시뮬루프 0.048s | executemany(6855건) 0.016s | teams반영+commit 0.039s
[09-04 05:31:50] [주 마무리] 39주차 0.11s (국제대회 0.00s | 챔스 0.00s | 클럽WC 0.00s | 국내컵 0.00s | 리그시뮬 0.11s)
[09-04 05:31:50] [PERF-DAY] 39주차 273일차 처리 0.114s (stype='휴식' | 그주마지막날=True | 경기있음=False | 부상=False)
[09-04 05:31:50] [AI리그] 40주차 6844경기, OVR캐시 11393→11393) 세부: 경기조회 0.006s | 시뮬루프 0.045s | executemany(6844건) 0.016s | teams반영+commit 0.039s
[09-04 05:31:50] [주 마무리] 40주차 0.13s (국제대회 0.00s | 챔스 0.00s | 클럽WC 0.00s | 국내컵 0.02s | 리그시뮬 0.11s)
[09-04 05:31:50] [PERF-DAY] 40주차 280일차 처리 0.134s (stype='휴식' | 그주마지막날=True | 경기있음=False | 부상=False)
[09-04 05:31:51] [AI리그] 41주차 6841경기, OVR캐시 11393→11393) 세부: 경기조회 0.006s | 시뮬루프 0.046s | executemany(6841건) 0.015s | teams반영+commit 0.036s
[09-04 05:31:51] [주 마무리] 41주차 0.11s (국제대회 0.00s | 챔스 0.00s | 클럽WC 0.00s | 국내컵 0.00s | 리그시뮬 0.10s)
[09-04 05:31:51] [PERF-DAY] 41주차 287일차 처리 0.107s (stype='휴식' | 그주마지막날=True | 경기있음=False | 부상=False)
[09-04 05:31:51] [AI리그] 42주차 6742경기, OVR캐시 11393→11393) 세부: 경기조회 0.005s | 시뮬루프 0.047s | executemany(6742건) 0.015s | teams반영+commit 0.033s
[09-04 05:31:51] [주 마무리] 42주차 0.11s (국제대회 0.00s | 챔스 0.00s | 클럽WC 0.00s | 국내컵 0.01s | 리그시뮬 0.10s)
[09-04 05:31:51] [PERF-DAY] 42주차 294일차 처리 0.110s (stype='휴식' | 그주마지막날=True | 경기있음=False | 부상=False)
[09-04 05:31:52] [PERF-PROMO] _process_promotion_relegation 세부: my_player/season조회 0.001s | teams+leagues조회 0.012s | standings계산(710개리그) 0.271s | ai_players OVR스캔 0.210s | 승강판정루프(211개국) 0.026s | executemany(1210건) 0.016s | 리스케일(1210건) 0.327s | commit/close 0.331s | 캐시무효화 0.000s
[09-04 05:31:52] [PERF-SEASON] finalize_club_season 세부: finish_incomplete_matches=0.045s | promotion_relegation=1.202s
[09-04 05:31:52] [PERF-YEAR] 43주차(CLUB_SEASON_END_DAY) 세부: finalize_club_season=1.248s | promotion_playoffs=0.023s | PRAGMA optimize=0.001s
[09-04 05:31:52] [PERF-DAY] 43주차 300일차 처리 1.283s (stype='휴식' | 그주마지막날=False | 경기있음=False | 부상=False)
[09-04 05:31:52] [진행 총계] 1.30초
[09-04 05:31:52] [PERF-DAILYHOOK] 44주차 306일차: process_po_week 0.067s
[09-04 05:31:52] [PERF-DAY] 44주차 306일차 처리 0.068s (stype='고강도' | 그주마지막날=False | 경기있음=False | 부상=False)
[09-04 05:31:53] [PERF]   _end_of_season 세부: AI생애주기 0.00s (승강제 타이밍은 43주 _finalize_club_season으로 이동 — 여기 안 잡힘)
[09-04 05:31:55] [PERF]   일정생성 세부: 아카이브이동 0.80s | 완비판정조회 0.01s | 기존경기dedup조회 0.00s | 일정계산 0.22s | INSERT+commit 0.38s | (대상리그 710개, 신규경기 201400건)
[09-04 05:31:55] [PERF]   인덱스재생성 0.34s
[09-04 05:31:57] [PERF] 연도전환 총 3.27s (커리어정리 0.00s | _end_of_season 0.01s | 일정생성 1.76s | 파워랭킹 1.49s | PRAGMA optimize 0.00s)
[09-04 05:31:57] [PERF-WEEKTAIL] 52주차: _pay_salary 0.000s | _advance_week 3.268s
[09-04 05:31:57] [PERF-DAY] 52주차 364일차 처리 3.269s (stype='휴식' | 그주마지막날=True | 경기있음=False | 부상=False)
[09-04 05:31:57] [진행 총계] 3.28초
[09-04 05:31:57] [AI리그] 4주차 4527경기, OVR캐시 0→9054) 세부: 경기조회 0.015s | 시뮬루프 0.293s | executemany(4527건) 0.009s | teams반영+commit 0.026s
[09-04 05:31:57] [주 마무리] 4주차 0.35s (국제대회 0.00s | 챔스 0.00s | 클럽WC 0.00s | 국내컵 0.00s | 리그시뮬 0.35s)
[09-04 05:31:57] [PERF-WEEKTAIL] 4주차: _pay_salary 0.000s | _advance_week 0.184s
[09-04 05:31:57] [PERF-DAY] 4주차 28일차 처리 0.531s (stype='휴식' | 그주마지막날=True | 경기있음=False | 부상=True)
[09-04 05:31:57] [진행 총계] 0.54초
[09-04 05:31:58] [AI리그] 5주차 5771경기, OVR캐시 11263→11393) 세부: 경기조회 0.015s | 시뮬루프 0.064s | executemany(5771건) 0.013s | teams반영+commit 0.039s
[09-04 05:31:58] [주 마무리] 5주차 0.26s (국제대회 0.00s | 챔스 0.00s | 클럽WC 0.00s | 국내컵 0.13s | 리그시뮬 0.13s)
[09-04 05:31:58] [PERF-DAY] 5주차 35일차 처리 0.262s (stype='휴식' | 그주마지막날=True | 경기있음=False | 부상=True)
[09-04 05:31:58] [AI리그] 6주차 5734경기, OVR캐시 11393→11393) 세부: 경기조회 0.015s | 시뮬루프 0.042s | executemany(5734건) 0.013s | teams반영+commit 0.040s
[09-04 05:31:58] [주 마무리] 6주차 0.24s (국제대회 0.00s | 챔스 0.00s | 클럽WC 0.00s | 국내컵 0.13s | 리그시뮬 0.11s)
[09-04 05:31:58] [PERF-DAY] 6주차 42일차 처리 0.238s (stype='휴식' | 그주마지막날=True | 경기있음=False | 부상=False)
[09-04 05:31:59] [AI리그] 7주차 5801경기, OVR캐시 11393→11393) 세부: 경기조회 0.015s | 시뮬루프 0.046s | executemany(5801건) 0.013s | teams반영+commit 0.040s
[09-04 05:31:59] [주 마무리] 7주차 0.21s (국제대회 0.00s | 챔스 0.00s | 클럽WC 0.00s | 국내컵 0.10s | 리그시뮬 0.12s)
[09-04 05:31:59] [PERF-DAY] 7주차 49일차 처리 0.299s (stype='휴식' | 그주마지막날=True | 경기있음=False | 부상=False)
[09-04 05:31:59] [진행 총계] 0.31초
[09-04 05:31:59] [AI리그] 8주차 5757경기, OVR캐시 11393→11393) 세부: 경기조회 0.016s | 시뮬루프 0.049s | executemany(5757건) 0.013s | teams반영+commit 0.040s
[09-04 05:31:59] [주 마무리] 8주차 0.13s (국제대회 0.00s | 챔스 0.00s | 클럽WC 0.00s | 국내컵 0.00s | 리그시뮬 0.12s)
[09-04 05:31:59] [PERF-DAY] 8주차 56일차 처리 0.126s (stype='휴식' | 그주마지막날=True | 경기있음=False | 부상=False)
[09-04 05:31:59] [AI리그] 9주차 5731경기, OVR캐시 11393→11393) 세부: 경기조회 0.014s | 시뮬루프 0.041s | executemany(5731건) 0.013s | teams반영+commit 0.039s
[09-04 05:31:59] [주 마무리] 9주차 0.14s (국제대회 0.00s | 챔스 0.03s | 클럽WC 0.00s | 국내컵 0.00s | 리그시뮬 0.11s)
[09-04 05:31:59] [PERF-DAY] 9주차 63일차 처리 0.141s (stype='휴식' | 그주마지막날=True | 경기있음=False | 부상=False)
[09-04 05:31:59] [AI리그] 10주차 5766경기, OVR캐시 11393→11393) 세부: 경기조회 0.014s | 시뮬루프 0.048s | executemany(5766건) 0.013s | teams반영+commit 0.039s
[09-04 05:31:59] [주 마무리] 10주차 0.14s (국제대회 0.00s | 챔스 0.02s | 클럽WC 0.00s | 국내컵 0.00s | 리그시뮬 0.12s)
[09-04 05:31:59] [PERF-DAY] 10주차 70일차 처리 0.143s (stype='휴식' | 그주마지막날=True | 경기있음=False | 부상=False)
[09-04 05:32:00] [AI리그] 11주차 5618경기, OVR캐시 11393→11393) 세부: 경기조회 0.014s | 시뮬루프 0.041s | executemany(5618건) 0.013s | teams반영+commit 0.038s
[09-04 05:32:00] [주 마무리] 11주차 0.13s (국제대회 0.00s | 챔스 0.02s | 클럽WC 0.00s | 국내컵 0.00s | 리그시뮬 0.11s)
[09-04 05:32:00] [PERF-DAY] 11주차 77일차 처리 0.135s (stype='휴식' | 그주마지막날=True | 경기있음=False | 부상=False)
[09-04 05:32:00] [AI리그] 12주차 5609경기, OVR캐시 11393→11393) 세부: 경기조회 0.015s | 시뮬루프 0.048s | executemany(5609건) 0.014s | teams반영+commit 0.057s
[09-04 05:32:00] [주 마무리] 12주차 0.16s (국제대회 0.00s | 챔스 0.03s | 클럽WC 0.00s | 국내컵 0.00s | 리그시뮬 0.14s)
[09-04 05:32:00] [PERF-DAY] 12주차 84일차 처리 0.165s (stype='휴식' | 그주마지막날=True | 경기있음=False | 부상=False)
[09-04 05:32:00] [AI리그] 13주차 5233경기, OVR캐시 11393→11393) 세부: 경기조회 0.014s | 시뮬루프 0.048s | executemany(5233건) 0.012s | teams반영+commit 0.034s
[09-04 05:32:00] [주 마무리] 13주차 0.14s (국제대회 0.00s | 챔스 0.03s | 클럽WC 0.00s | 국내컵 0.00s | 리그시뮬 0.11s)
[09-04 05:32:00] [PERF-DAY] 13주차 91일차 처리 0.137s (stype='휴식' | 그주마지막날=True | 경기있음=False | 부상=False)
[09-04 05:32:00] [AI리그] 14주차 5527경기, OVR캐시 11393→11393) 세부: 경기조회 0.013s | 시뮬루프 0.040s | executemany(5527건) 0.012s | teams반영+commit 0.031s
[09-04 05:32:00] [주 마무리] 14주차 0.12s (국제대회 0.00s | 챔스 0.02s | 클럽WC 0.00s | 국내컵 0.00s | 리그시뮬 0.10s)
[09-04 05:32:00] [PERF-DAY] 14주차 98일차 처리 0.125s (stype='휴식' | 그주마지막날=True | 경기있음=False | 부상=False)
[09-04 05:32:00] [AI리그] 15주차 5747경기, OVR캐시 11393→11393) 세부: 경기조회 0.013s | 시뮬루프 0.044s | executemany(5747건) 0.013s | teams반영+commit 0.034s
[09-04 05:32:00] [주 마무리] 15주차 0.13s (국제대회 0.00s | 챔스 0.02s | 클럽WC 0.00s | 국내컵 0.00s | 리그시뮬 0.11s)
[09-04 05:32:00] [PERF-DAY] 15주차 105일차 처리 0.134s (stype='휴식' | 그주마지막날=True | 경기있음=False | 부상=False)
[09-04 05:32:01] [AI리그] 16주차 5732경기, OVR캐시 11393→11393) 세부: 경기조회 0.013s | 시뮬루프 0.046s | executemany(5732건) 0.013s | teams반영+commit 0.037s
[09-04 05:32:01] [주 마무리] 16주차 0.16s (국제대회 0.00s | 챔스 0.05s | 클럽WC 0.00s | 국내컵 0.00s | 리그시뮬 0.11s)
[09-04 05:32:01] [PERF-DAY] 16주차 112일차 처리 0.162s (stype='휴식' | 그주마지막날=True | 경기있음=False | 부상=False)
[09-04 05:32:01] [AI리그] 17주차 5482경기, OVR캐시 11393→11393) 세부: 경기조회 0.012s | 시뮬루프 0.040s | executemany(5482건) 0.013s | teams반영+commit 0.041s
[09-04 05:32:01] [주 마무리] 17주차 0.11s (국제대회 0.00s | 챔스 0.00s | 클럽WC 0.00s | 국내컵 0.00s | 리그시뮬 0.11s)
[09-04 05:32:01] [PERF-DAY] 17주차 119일차 처리 0.112s (stype='휴식' | 그주마지막날=True | 경기있음=False | 부상=False)
[09-04 05:32:01] [AI리그] 18주차 5384경기, OVR캐시 11393→11393) 세부: 경기조회 0.012s | 시뮬루프 0.047s | executemany(5384건) 0.013s | teams반영+commit 0.036s
[09-04 05:32:01] [주 마무리] 18주차 0.14s (국제대회 0.00s | 챔스 0.03s | 클럽WC 0.00s | 국내컵 0.00s | 리그시뮬 0.11s)
[09-04 05:32:01] [PERF-DAY] 18주차 126일차 처리 0.137s (stype='휴식' | 그주마지막날=True | 경기있음=False | 부상=False)
[09-04 05:32:01] [AI리그] 19주차 3886경기, OVR캐시 11393→11393) 세부: 경기조회 0.011s | 시뮬루프 0.029s | executemany(3886건) 0.009s | teams반영+commit 0.026s
[09-04 05:32:01] [주 마무리] 19주차 0.08s (국제대회 0.00s | 챔스 0.00s | 클럽WC 0.00s | 국내컵 0.00s | 리그시뮬 0.08s)
[09-04 05:32:01] [PERF-DAY] 19주차 133일차 처리 0.082s (stype='휴식' | 그주마지막날=True | 경기있음=False | 부상=False)
[09-04 05:32:01] [AI리그] 20주차 3343경기, OVR캐시 11393→11393) 세부: 경기조회 0.010s | 시뮬루프 0.025s | executemany(3343건) 0.008s | teams반영+commit 0.023s
[09-04 05:32:01] [주 마무리] 20주차 0.09s (국제대회 0.00s | 챔스 0.02s | 클럽WC 0.00s | 국내컵 0.00s | 리그시뮬 0.07s)
[09-04 05:32:01] [PERF-DAY] 20주차 140일차 처리 0.089s (stype='휴식' | 그주마지막날=True | 경기있음=False | 부상=False)
[09-04 05:32:01] [AI리그] 21주차 2934경기, OVR캐시 11393→11393) 세부: 경기조회 0.009s | 시뮬루프 0.022s | executemany(2934건) 0.007s | teams반영+commit 0.020s
[09-04 05:32:01] [주 마무리] 21주차 0.07s (국제대회 0.00s | 챔스 0.01s | 클럽WC 0.00s | 국내컵 0.00s | 리그시뮬 0.06s)
[09-04 05:32:01] [PERF-DAY] 21주차 147일차 처리 0.076s (stype='휴식' | 그주마지막날=True | 경기있음=False | 부상=False)
[09-04 05:32:01] [AI리그] 22주차 2779경기, OVR캐시 11393→11393) 세부: 경기조회 0.009s | 시뮬루프 0.027s | executemany(2779건) 0.007s | teams반영+commit 0.017s
[09-04 05:32:01] [주 마무리] 22주차 0.07s (국제대회 0.00s | 챔스 0.01s | 클럽WC 0.00s | 국내컵 0.00s | 리그시뮬 0.06s)
[09-04 05:32:01] [PERF-DAY] 22주차 154일차 처리 0.074s (stype='휴식' | 그주마지막날=True | 경기있음=False | 부상=False)
[09-04 05:32:02] [주 마무리] 23주차 0.06s (국제대회 0.00s | 챔스 0.01s | 클럽WC 0.00s | 국내컵 0.00s | 리그시뮬 0.05s)
[09-04 05:32:02] [PERF-DAY] 23주차 161일차 처리 0.064s (stype='휴식' | 그주마지막날=True | 경기있음=False | 부상=False)
[09-04 05:32:02] [PERF-WEEKTAIL] 24주차: _pay_salary 0.000s | _advance_week 0.189s
[09-04 05:32:02] [PERF-DAY] 24주차 168일차 처리 0.237s (stype='휴식' | 그주마지막날=True | 경기있음=False | 부상=False)
[09-04 05:32:04] [PERF-DAILYHOOK] 26주차 176일차: process_intl_week 1.462s | process_cwc_week 0.000s
[09-04 05:32:04] [PERF-DAY] 26주차 176일차 처리 1.464s (stype='고강도' | 그주마지막날=False | 경기있음=False | 부상=False)
[09-04 05:32:04] [PERF-DAILYHOOK] 26주차 178일차: process_intl_week 0.057s | process_cwc_week 0.000s
[09-04 05:32:04] [PERF-DAY] 26주차 178일차 처리 0.058s (stype='고강도' | 그주마지막날=False | 경기있음=False | 부상=False)
[09-04 05:32:04] [PERF-DAILYHOOK] 26주차 180일차: process_intl_week 0.066s | process_cwc_week 0.000s
[09-04 05:32:04] [PERF-DAY] 26주차 180일차 처리 0.068s (stype='고강도' | 그주마지막날=False | 경기있음=False | 부상=False)
[09-04 05:32:04] [진행 총계] 1.64초
[09-04 05:32:07] [PERF-WEEKTAIL] 28주차: _pay_salary 0.000s | _advance_week 2.710s
[09-04 05:32:07] [PERF-DAY] 28주차 196일차 처리 2.724s (stype='휴식' | 그주마지막날=True | 경기있음=False | 부상=False)
[09-04 05:32:07] [진행 총계] 2.75초
[09-04 05:32:07] [AI리그] 29주차 4943경기, OVR캐시 11393→11393) 세부: 경기조회 0.010s | 시뮬루프 0.038s | executemany(4943건) 0.011s | teams반영+commit 0.029s
[09-04 05:32:07] [주 마무리] 29주차 0.09s (국제대회 0.00s | 챔스 0.00s | 클럽WC 0.00s | 국내컵 0.00s | 리그시뮬 0.09s)
[09-04 05:32:07] [PERF-DAY] 29주차 203일차 처리 0.097s (stype='휴식' | 그주마지막날=True | 경기있음=False | 부상=False)
[09-04 05:32:07] [AI리그] 30주차 6683경기, OVR캐시 11393→11393) 세부: 경기조회 0.010s | 시뮬루프 0.048s | executemany(6683건) 0.014s | teams반영+commit 0.034s
[09-04 05:32:07] [주 마무리] 30주차 0.18s (국제대회 0.00s | 챔스 0.00s | 클럽WC 0.00s | 국내컵 0.07s | 리그시뮬 0.11s)
[09-04 05:32:07] [PERF-DAY] 30주차 210일차 처리 0.185s (stype='휴식' | 그주마지막날=True | 경기있음=False | 부상=False)
[09-04 05:32:08] [AI리그] 31주차 6722경기, OVR캐시 11393→11393) 세부: 경기조회 0.010s | 시뮬루프 0.047s | executemany(6722건) 0.016s | teams반영+commit 0.038s
[09-04 05:32:08] [주 마무리] 31주차 0.12s (국제대회 0.00s | 챔스 0.00s | 클럽WC 0.00s | 국내컵 0.00s | 리그시뮬 0.11s)
[09-04 05:32:08] [PERF-DAY] 31주차 217일차 처리 0.120s (stype='휴식' | 그주마지막날=True | 경기있음=False | 부상=False)
[09-04 05:32:08] [AI리그] 32주차 6569경기, OVR캐시 11393→11393) 세부: 경기조회 0.010s | 시뮬루프 0.048s | executemany(6569건) 0.016s | teams반영+commit 0.039s
[09-04 05:32:08] [주 마무리] 32주차 0.18s (국제대회 0.00s | 챔스 0.00s | 클럽WC 0.00s | 국내컵 0.07s | 리그시뮬 0.11s)
[09-04 05:32:08] [PERF-DAY] 32주차 224일차 처리 0.189s (stype='휴식' | 그주마지막날=True | 경기있음=False | 부상=False)
[09-04 05:32:08] [AI리그] 33주차 6949경기, OVR캐시 11393→11393) 세부: 경기조회 0.010s | 시뮬루프 0.051s | executemany(6949건) 0.015s | teams반영+commit 0.037s
[09-04 05:32:08] [주 마무리] 33주차 0.12s (국제대회 0.00s | 챔스 0.00s | 클럽WC 0.00s | 국내컵 0.00s | 리그시뮬 0.12s)
[09-04 05:32:08] [PERF-DAY] 33주차 231일차 처리 0.123s (stype='휴식' | 그주마지막날=True | 경기있음=False | 부상=False)
[09-04 05:32:08] [AI리그] 34주차 6515경기, OVR캐시 11393→11393) 세부: 경기조회 0.009s | 시뮬루프 0.046s | executemany(6515건) 0.015s | teams반영+commit 0.038s
[09-04 05:32:08] [주 마무리] 34주차 0.16s (국제대회 0.00s | 챔스 0.00s | 클럽WC 0.00s | 국내컵 0.05s | 리그시뮬 0.11s)
[09-04 05:32:08] [PERF-DAY] 34주차 238일차 처리 0.167s (stype='휴식' | 그주마지막날=True | 경기있음=False | 부상=False)
[09-04 05:32:09] [AI리그] 35주차 6888경기, OVR캐시 11393→11393) 세부: 경기조회 0.009s | 시뮬루프 0.048s | executemany(6888건) 0.016s | teams반영+commit 0.037s
[09-04 05:32:09] [주 마무리] 35주차 0.11s (국제대회 0.00s | 챔스 0.00s | 클럽WC 0.00s | 국내컵 0.00s | 리그시뮬 0.11s)
[09-04 05:32:09] [PERF-DAY] 35주차 245일차 처리 0.119s (stype='휴식' | 그주마지막날=True | 경기있음=False | 부상=False)
[09-04 05:32:09] [AI리그] 36주차 7137경기, OVR캐시 11393→11393) 세부: 경기조회 0.008s | 시뮬루프 0.054s | executemany(7137건) 0.017s | teams반영+commit 0.037s
[09-04 05:32:09] [주 마무리] 36주차 0.17s (국제대회 0.00s | 챔스 0.00s | 클럽WC 0.00s | 국내컵 0.05s | 리그시뮬 0.12s)
[09-04 05:32:09] [PERF-DAY] 36주차 252일차 처리 0.171s (stype='휴식' | 그주마지막날=True | 경기있음=False | 부상=False)
[09-04 05:32:09] [AI리그] 37주차 6556경기, OVR캐시 11393→11393) 세부: 경기조회 0.008s | 시뮬루프 0.046s | executemany(6556건) 0.015s | teams반영+commit 0.038s
[09-04 05:32:09] [주 마무리] 37주차 0.11s (국제대회 0.00s | 챔스 0.00s | 클럽WC 0.00s | 국내컵 0.00s | 리그시뮬 0.11s)
[09-04 05:32:09] [PERF-DAY] 37주차 259일차 처리 0.115s (stype='휴식' | 그주마지막날=True | 경기있음=False | 부상=False)
[09-04 05:32:09] [AI리그] 38주차 6730경기, OVR캐시 11393→11393) 세부: 경기조회 0.007s | 시뮬루프 0.048s | executemany(6730건) 0.014s | teams반영+commit 0.035s
[09-04 05:32:09] [주 마무리] 38주차 0.17s (국제대회 0.00s | 챔스 0.00s | 클럽WC 0.00s | 국내컵 0.06s | 리그시뮬 0.11s)
[09-04 05:32:09] [PERF-DAY] 38주차 266일차 처리 0.176s (stype='휴식' | 그주마지막날=True | 경기있음=False | 부상=False)
[09-04 05:32:10] [AI리그] 39주차 6855경기, OVR캐시 11393→11393) 세부: 경기조회 0.007s | 시뮬루프 0.049s | executemany(6855건) 0.015s | teams반영+commit 0.034s
[09-04 05:32:10] [주 마무리] 39주차 0.11s (국제대회 0.00s | 챔스 0.00s | 클럽WC 0.00s | 국내컵 0.00s | 리그시뮬 0.11s)
[09-04 05:32:10] [PERF-DAY] 39주차 273일차 처리 0.113s (stype='휴식' | 그주마지막날=True | 경기있음=False | 부상=False)
[09-04 05:32:10] [AI리그] 40주차 6844경기, OVR캐시 11393→11393) 세부: 경기조회 0.006s | 시뮬루프 0.045s | executemany(6844건) 0.016s | teams반영+commit 0.038s
[09-04 05:32:10] [주 마무리] 40주차 0.13s (국제대회 0.00s | 챔스 0.00s | 클럽WC 0.00s | 국내컵 0.02s | 리그시뮬 0.11s)
[09-04 05:32:10] [PERF-DAY] 40주차 280일차 처리 0.137s (stype='휴식' | 그주마지막날=True | 경기있음=False | 부상=False)
[09-04 05:32:10] [AI리그] 41주차 6841경기, OVR캐시 11393→11393) 세부: 경기조회 0.006s | 시뮬루프 0.049s | executemany(6841건) 0.015s | teams반영+commit 0.037s
[09-04 05:32:10] [주 마무리] 41주차 0.11s (국제대회 0.00s | 챔스 0.00s | 클럽WC 0.00s | 국내컵 0.00s | 리그시뮬 0.11s)
[09-04 05:32:10] [PERF-DAY] 41주차 287일차 처리 0.116s (stype='휴식' | 그주마지막날=True | 경기있음=False | 부상=False)
[09-04 05:32:10] [AI리그] 42주차 6742경기, OVR캐시 11393→11393) 세부: 경기조회 0.005s | 시뮬루프 0.046s | executemany(6742건) 0.014s | teams반영+commit 0.031s
[09-04 05:32:10] [주 마무리] 42주차 0.10s (국제대회 0.00s | 챔스 0.00s | 클럽WC 0.00s | 국내컵 0.01s | 리그시뮬 0.10s)
[09-04 05:32:10] [PERF-DAY] 42주차 294일차 처리 0.110s (stype='휴식' | 그주마지막날=True | 경기있음=False | 부상=False)
[09-04 05:32:12] [PERF-PROMO] _process_promotion_relegation 세부: my_player/season조회 0.001s | teams+leagues조회 0.012s | standings계산(710개리그) 0.273s | ai_players OVR스캔 0.211s | 승강판정루프(211개국) 0.026s | executemany(1210건) 0.017s | 리스케일(1210건) 0.323s | commit/close 0.310s | 캐시무효화 0.000s
[09-04 05:32:12] [PERF-SEASON] finalize_club_season 세부: finish_incomplete_matches=0.047s | promotion_relegation=1.182s
[09-04 05:32:12] [PERF-YEAR] 43주차(CLUB_SEASON_END_DAY) 세부: finalize_club_season=1.229s | promotion_playoffs=0.023s | PRAGMA optimize=0.000s
[09-04 05:32:12] [PERF-DAY] 43주차 300일차 처리 1.269s (stype='휴식' | 그주마지막날=False | 경기있음=False | 부상=False)
[09-04 05:32:12] [진행 총계] 1.32초
[09-04 05:32:12] [PERF-DAILYHOOK] 44주차 306일차: process_po_week 0.069s
[09-04 05:32:12] [PERF-DAY] 44주차 306일차 처리 0.071s (stype='고강도' | 그주마지막날=False | 경기있음=False | 부상=False)
[09-04 05:32:13] [PERF]   _end_of_season 세부: AI생애주기 0.00s (승강제 타이밍은 43주 _finalize_club_season으로 이동 — 여기 안 잡힘)
[09-04 05:32:15] [PERF]   일정생성 세부: 아카이브이동 1.56s | 완비판정조회 0.01s | 기존경기dedup조회 0.00s | 일정계산 0.21s | INSERT+commit 0.39s | (대상리그 710개, 신규경기 201400건)
[09-04 05:32:16] [PERF]   인덱스재생성 0.35s
[09-04 05:32:17] [PERF] 연도전환 총 4.05s (커리어정리 0.00s | _end_of_season 0.01s | 일정생성 2.53s | 파워랭킹 1.51s | PRAGMA optimize 0.00s)
[09-04 05:32:17] [PERF-WEEKTAIL] 52주차: _pay_salary 0.000s | _advance_week 4.050s
[09-04 05:32:17] [PERF-DAY] 52주차 364일차 처리 4.053s (stype='휴식' | 그주마지막날=True | 경기있음=False | 부상=False)
[09-04 05:32:17] [진행 총계] 4.06초
[09-04 05:37:50] [PERF]   일정생성 세부: 아카이브이동 0.00s | 완비판정조회 0.01s | 기존경기dedup조회 0.00s | 일정계산 0.20s | INSERT+commit 0.39s | (대상리그 710개, 신규경기 201400건)
[09-04 05:37:50] [PERF]   인덱스재생성 0.33s
[09-04 05:37:56] [AI리그] 4주차 4527경기, OVR캐시 0→9054) 세부: 경기조회 0.015s | 시뮬루프 0.357s | executemany(4527건) 0.010s | teams반영+commit 0.022s
[09-04 05:37:56] [주 마무리] 4주차 0.41s (국제대회 0.00s | 챔스 0.00s | 클럽WC 0.00s | 국내컵 0.00s | 리그시뮬 0.40s)
[09-04 05:37:57] [PERF-WEEKTAIL] 4주차: _pay_salary 0.000s | _advance_week 0.155s
[09-04 05:37:57] [PERF-DAY] 4주차 28일차 처리 0.561s (stype='휴식' | 그주마지막날=True | 경기있음=False | 부상=False)
[09-04 05:37:57] [진행 총계] 0.57초
[09-04 05:37:57] [AI리그] 5주차 5771경기, OVR캐시 11263→11393) 세부: 경기조회 0.015s | 시뮬루프 0.173s | executemany(5771건) 0.013s | teams반영+commit 0.040s
[09-04 05:37:57] [주 마무리] 5주차 0.36s (국제대회 0.00s | 챔스 0.00s | 클럽WC 0.00s | 국내컵 0.11s | 리그시뮬 0.24s)
[09-04 05:37:57] [PERF-DAY] 5주차 35일차 처리 0.357s (stype='휴식' | 그주마지막날=True | 경기있음=False | 부상=False)
[09-04 05:37:57] [진행 총계] 0.36초
[09-04 05:37:57] [AI리그] 6주차 5734경기, OVR캐시 11393→11393) 세부: 경기조회 0.015s | 시뮬루프 0.156s | executemany(5734건) 0.013s | teams반영+commit 0.043s
[09-04 05:37:57] [주 마무리] 6주차 0.35s (국제대회 0.00s | 챔스 0.00s | 클럽WC 0.00s | 국내컵 0.12s | 리그시뮬 0.23s)
[09-04 05:37:57] [PERF-DAY] 6주차 42일차 처리 0.349s (stype='휴식' | 그주마지막날=True | 경기있음=False | 부상=False)
[09-04 05:37:57] [진행 총계] 0.35초
[09-04 05:37:58] [AI리그] 7주차 5801경기, OVR캐시 11393→11393) 세부: 경기조회 0.014s | 시뮬루프 0.151s | executemany(5801건) 0.013s | teams반영+commit 0.041s
[09-04 05:37:58] [주 마무리] 7주차 0.31s (국제대회 0.00s | 챔스 0.00s | 클럽WC 0.00s | 국내컵 0.09s | 리그시뮬 0.22s)
[09-04 05:37:58] [PERF-DAY] 7주차 49일차 처리 0.359s (stype='휴식' | 그주마지막날=True | 경기있음=False | 부상=False)
[09-04 05:37:58] [진행 총계] 0.36초
[09-04 05:37:58] [AI리그] 8주차 5757경기, OVR캐시 11393→11393) 세부: 경기조회 0.014s | 시뮬루프 0.151s | executemany(5757건) 0.013s | teams반영+commit 0.035s
[09-04 05:37:58] [주 마무리] 8주차 0.22s (국제대회 0.00s | 챔스 0.00s | 클럽WC 0.00s | 국내컵 0.00s | 리그시뮬 0.21s)
[09-04 05:37:58] [PERF-DAY] 8주차 56일차 처리 0.219s (stype='휴식' | 그주마지막날=True | 경기있음=False | 부상=False)
[09-04 05:37:58] [AI리그] 9주차 5731경기, OVR캐시 11393→11393) 세부: 경기조회 0.013s | 시뮬루프 0.152s | executemany(5731건) 0.013s | teams반영+commit 0.039s
[09-04 05:37:58] [주 마무리] 9주차 0.25s (국제대회 0.00s | 챔스 0.03s | 클럽WC 0.00s | 국내컵 0.00s | 리그시뮬 0.22s)
[09-04 05:37:58] [PERF-DAY] 9주차 63일차 처리 0.251s (stype='휴식' | 그주마지막날=True | 경기있음=False | 부상=False)
[09-04 05:37:59] [AI리그] 10주차 5766경기, OVR캐시 11393→11393) 세부: 경기조회 0.013s | 시뮬루프 0.152s | executemany(5766건) 0.013s | teams반영+commit 0.040s
[09-04 05:37:59] [주 마무리] 10주차 0.25s (국제대회 0.00s | 챔스 0.02s | 클럽WC 0.00s | 국내컵 0.00s | 리그시뮬 0.22s)
[09-04 05:37:59] [PERF-DAY] 10주차 70일차 처리 0.247s (stype='휴식' | 그주마지막날=True | 경기있음=False | 부상=False)
[09-04 05:37:59] [AI리그] 11주차 5618경기, OVR캐시 11393→11393) 세부: 경기조회 0.013s | 시뮬루프 0.148s | executemany(5618건) 0.012s | teams반영+commit 0.035s
[09-04 05:37:59] [주 마무리] 11주차 0.24s (국제대회 0.00s | 챔스 0.02s | 클럽WC 0.00s | 국내컵 0.00s | 리그시뮬 0.21s)
[09-04 05:37:59] [PERF-DAY] 11주차 77일차 처리 0.237s (stype='휴식' | 그주마지막날=True | 경기있음=False | 부상=False)
[09-04 05:37:59] [AI리그] 12주차 5609경기, OVR캐시 11393→11393) 세부: 경기조회 0.013s | 시뮬루프 0.150s | executemany(5609건) 0.013s | teams반영+commit 0.038s
[09-04 05:37:59] [주 마무리] 12주차 0.24s (국제대회 0.00s | 챔스 0.02s | 클럽WC 0.00s | 국내컵 0.00s | 리그시뮬 0.21s)
[09-04 05:37:59] [PERF-DAY] 12주차 84일차 처리 0.241s (stype='휴식' | 그주마지막날=True | 경기있음=False | 부상=True)
[09-04 05:38:00] [AI리그] 13주차 5233경기, OVR캐시 11393→11393) 세부: 경기조회 0.012s | 시뮬루프 0.145s | executemany(5233건) 0.012s | teams반영+commit 0.035s
[09-04 05:38:00] [주 마무리] 13주차 0.23s (국제대회 0.00s | 챔스 0.02s | 클럽WC 0.00s | 국내컵 0.00s | 리그시뮬 0.21s)
[09-04 05:38:00] [PERF-DAY] 13주차 91일차 처리 0.233s (stype='휴식' | 그주마지막날=True | 경기있음=False | 부상=True)
[09-04 05:38:00] [AI리그] 14주차 5527경기, OVR캐시 11393→11393) 세부: 경기조회 0.012s | 시뮬루프 0.144s | executemany(5527건) 0.011s | teams반영+commit 0.030s
[09-04 05:38:00] [주 마무리] 14주차 0.23s (국제대회 0.00s | 챔스 0.02s | 클럽WC 0.00s | 국내컵 0.00s | 리그시뮬 0.20s)
[09-04 05:38:00] [PERF-DAY] 14주차 98일차 처리 0.227s (stype='휴식' | 그주마지막날=True | 경기있음=False | 부상=False)
[09-04 05:38:00] [AI리그] 15주차 5747경기, OVR캐시 11393→11393) 세부: 경기조회 0.013s | 시뮬루프 0.157s | executemany(5747건) 0.014s | teams반영+commit 0.039s
[09-04 05:38:00] [주 마무리] 15주차 0.25s (국제대회 0.00s | 챔스 0.02s | 클럽WC 0.00s | 국내컵 0.00s | 리그시뮬 0.22s)
[09-04 05:38:00] [PERF-DAY] 15주차 105일차 처리 0.250s (stype='휴식' | 그주마지막날=True | 경기있음=False | 부상=False)
[09-04 05:38:01] [AI리그] 16주차 5732경기, OVR캐시 11393→11393) 세부: 경기조회 0.012s | 시뮬루프 0.155s | executemany(5732건) 0.013s | teams반영+commit 0.039s
[09-04 05:38:01] [주 마무리] 16주차 0.27s (국제대회 0.00s | 챔스 0.05s | 클럽WC 0.00s | 국내컵 0.00s | 리그시뮬 0.22s)
[09-04 05:38:01] [PERF-DAY] 16주차 112일차 처리 0.269s (stype='휴식' | 그주마지막날=True | 경기있음=False | 부상=False)
[09-04 05:38:01] [AI리그] 17주차 5482경기, OVR캐시 11393→11393) 세부: 경기조회 0.011s | 시뮬루프 0.146s | executemany(5482건) 0.013s | teams반영+commit 0.036s
[09-04 05:38:01] [주 마무리] 17주차 0.21s (국제대회 0.00s | 챔스 0.00s | 클럽WC 0.00s | 국내컵 0.00s | 리그시뮬 0.21s)
[09-04 05:38:01] [PERF-DAY] 17주차 119일차 처리 0.212s (stype='휴식' | 그주마지막날=True | 경기있음=False | 부상=False)
[09-04 05:38:01] [AI리그] 18주차 5384경기, OVR캐시 11393→11393) 세부: 경기조회 0.011s | 시뮬루프 0.145s | executemany(5384건) 0.011s | teams반영+commit 0.027s
[09-04 05:38:01] [주 마무리] 18주차 0.22s (국제대회 0.00s | 챔스 0.02s | 클럽WC 0.00s | 국내컵 0.00s | 리그시뮬 0.20s)
[09-04 05:38:01] [PERF-DAY] 18주차 126일차 처리 0.223s (stype='휴식' | 그주마지막날=True | 경기있음=False | 부상=False)
[09-04 05:38:02] [AI리그] 19주차 3886경기, OVR캐시 11393→11393) 세부: 경기조회 0.010s | 시뮬루프 0.101s | executemany(3886건) 0.008s | teams반영+commit 0.019s
[09-04 05:38:02] [주 마무리] 19주차 0.14s (국제대회 0.00s | 챔스 0.00s | 클럽WC 0.00s | 국내컵 0.00s | 리그시뮬 0.14s)
[09-04 05:38:02] [PERF-DAY] 19주차 133일차 처리 0.145s (stype='휴식' | 그주마지막날=True | 경기있음=False | 부상=False)
[09-04 05:38:02] [AI리그] 20주차 3343경기, OVR캐시 11393→11393) 세부: 경기조회 0.009s | 시뮬루프 0.089s | executemany(3343건) 0.008s | teams반영+commit 0.022s
[09-04 05:38:02] [주 마무리] 20주차 0.15s (국제대회 0.00s | 챔스 0.02s | 클럽WC 0.00s | 국내컵 0.00s | 리그시뮬 0.13s)
[09-04 05:38:02] [PERF-DAY] 20주차 140일차 처리 0.152s (stype='휴식' | 그주마지막날=True | 경기있음=False | 부상=False)
[09-04 05:38:02] [AI리그] 21주차 2934경기, OVR캐시 11393→11393) 세부: 경기조회 0.009s | 시뮬루프 0.079s | executemany(2934건) 0.007s | teams반영+commit 0.019s
[09-04 05:38:02] [주 마무리] 21주차 0.13s (국제대회 0.00s | 챔스 0.01s | 클럽WC 0.00s | 국내컵 0.00s | 리그시뮬 0.12s)
[09-04 05:38:02] [PERF-DAY] 21주차 147일차 처리 0.131s (stype='휴식' | 그주마지막날=True | 경기있음=False | 부상=False)
[09-04 05:38:02] [AI리그] 22주차 2779경기, OVR캐시 11393→11393) 세부: 경기조회 0.009s | 시뮬루프 0.075s | executemany(2779건) 0.007s | teams반영+commit 0.018s
[09-04 05:38:02] [주 마무리] 22주차 0.12s (국제대회 0.00s | 챔스 0.01s | 클럽WC 0.00s | 국내컵 0.00s | 리그시뮬 0.11s)
[09-04 05:38:02] [PERF-DAY] 22주차 154일차 처리 0.123s (stype='휴식' | 그주마지막날=True | 경기있음=False | 부상=False)
[09-04 05:38:02] [AI리그] 23주차 2291경기, OVR캐시 11393→11393) 세부: 경기조회 0.008s | 시뮬루프 0.059s | executemany(2291건) 0.006s | teams반영+commit 0.013s
[09-04 05:38:02] [주 마무리] 23주차 0.10s (국제대회 0.00s | 챔스 0.01s | 클럽WC 0.00s | 국내컵 0.00s | 리그시뮬 0.09s)
[09-04 05:38:02] [PERF-DAY] 23주차 161일차 처리 0.106s (stype='휴식' | 그주마지막날=True | 경기있음=False | 부상=False)
[09-04 05:38:02] [AI리그] 24주차 2602경기, OVR캐시 11393→11393) 세부: 경기조회 0.008s | 시뮬루프 0.050s | executemany(2602건) 0.006s | teams반영+commit 0.010s
[09-04 05:38:02] [주 마무리] 24주차 0.08s (국제대회 0.00s | 챔스 0.00s | 클럽WC 0.00s | 국내컵 0.00s | 리그시뮬 0.07s)
[09-04 05:38:02] [PERF-DAY] 24주차 168일차 처리 0.078s (stype='휴식' | 그주마지막날=True | 경기있음=False | 부상=False)
[09-04 05:38:03] [PERF-DAILYHOOK] 25주차 169일차: process_intl_week 0.412s | process_cwc_week 0.000s
[09-04 05:38:03] [PERF-DAY] 25주차 169일차 처리 0.413s (stype='고강도' | 그주마지막날=False | 경기있음=False | 부상=False)
[09-04 05:38:03] [진행 총계] 0.44초
[09-04 05:38:06] [PERF-WEEKTAIL] 28주차: _pay_salary 0.000s | _advance_week 2.624s
[09-04 05:38:06] [PERF-DAY] 28주차 196일차 처리 2.633s (stype='휴식' | 그주마지막날=True | 경기있음=False | 부상=False)
[09-04 05:38:06] [진행 총계] 2.64초
[09-04 05:38:06] [AI리그] 29주차 4943경기, OVR캐시 11393→11393) 세부: 경기조회 0.010s | 시뮬루프 0.130s | executemany(4943건) 0.012s | teams반영+commit 0.028s
[09-04 05:38:06] [주 마무리] 29주차 0.18s (국제대회 0.00s | 챔스 0.00s | 클럽WC 0.00s | 국내컵 0.00s | 리그시뮬 0.18s)
[09-04 05:38:06] [PERF-DAY] 29주차 203일차 처리 0.184s (stype='휴식' | 그주마지막날=True | 경기있음=False | 부상=False)
[09-04 05:38:06] [AI리그] 30주차 6683경기, OVR캐시 11393→11393) 세부: 경기조회 0.010s | 시뮬루프 0.164s | executemany(6683건) 0.014s | teams반영+commit 0.034s
[09-04 05:38:06] [주 마무리] 30주차 0.29s (국제대회 0.00s | 챔스 0.00s | 클럽WC 0.00s | 국내컵 0.07s | 리그시뮬 0.22s)
[09-04 05:38:06] [PERF-DAY] 30주차 210일차 처리 0.293s (stype='휴식' | 그주마지막날=True | 경기있음=False | 부상=False)
[09-04 05:38:07] [AI리그] 31주차 6722경기, OVR캐시 11393→11393) 세부: 경기조회 0.010s | 시뮬루프 0.162s | executemany(6722건) 0.015s | teams반영+commit 0.037s
[09-04 05:38:07] [주 마무리] 31주차 0.23s (국제대회 0.00s | 챔스 0.00s | 클럽WC 0.00s | 국내컵 0.00s | 리그시뮬 0.23s)
[09-04 05:38:07] [PERF-DAY] 31주차 217일차 처리 0.229s (stype='휴식' | 그주마지막날=True | 경기있음=False | 부상=False)
[09-04 05:38:07] [AI리그] 32주차 6569경기, OVR캐시 11393→11393) 세부: 경기조회 0.009s | 시뮬루프 0.162s | executemany(6569건) 0.015s | teams반영+commit 0.037s
[09-04 05:38:07] [주 마무리] 32주차 0.29s (국제대회 0.00s | 챔스 0.00s | 클럽WC 0.00s | 국내컵 0.07s | 리그시뮬 0.22s)
[09-04 05:38:07] [PERF-DAY] 32주차 224일차 처리 0.292s (stype='휴식' | 그주마지막날=True | 경기있음=False | 부상=False)
[09-04 05:38:07] [AI리그] 33주차 6949경기, OVR캐시 11393→11393) 세부: 경기조회 0.009s | 시뮬루프 0.163s | executemany(6949건) 0.015s | teams반영+commit 0.038s
[09-04 05:38:07] [주 마무리] 33주차 0.23s (국제대회 0.00s | 챔스 0.00s | 클럽WC 0.00s | 국내컵 0.00s | 리그시뮬 0.23s)
[09-04 05:38:07] [PERF-DAY] 33주차 231일차 처리 0.230s (stype='휴식' | 그주마지막날=True | 경기있음=False | 부상=False)
[09-04 05:38:08] [AI리그] 34주차 6515경기, OVR캐시 11393→11393) 세부: 경기조회 0.008s | 시뮬루프 0.162s | executemany(6515건) 0.015s | teams반영+commit 0.038s
[09-04 05:38:08] [주 마무리] 34주차 0.27s (국제대회 0.00s | 챔스 0.00s | 클럽WC 0.00s | 국내컵 0.05s | 리그시뮬 0.23s)
[09-04 05:38:08] [PERF-DAY] 34주차 238일차 처리 0.274s (stype='휴식' | 그주마지막날=True | 경기있음=False | 부상=False)
[09-04 05:38:08] [AI리그] 35주차 6888경기, OVR캐시 11393→11393) 세부: 경기조회 0.009s | 시뮬루프 0.164s | executemany(6888건) 0.016s | teams반영+commit 0.038s
[09-04 05:38:08] [주 마무리] 35주차 0.23s (국제대회 0.00s | 챔스 0.00s | 클럽WC 0.00s | 국내컵 0.00s | 리그시뮬 0.23s)
[09-04 05:38:08] [PERF-DAY] 35주차 245일차 처리 0.231s (stype='휴식' | 그주마지막날=True | 경기있음=False | 부상=False)
[09-04 05:38:08] [AI리그] 36주차 7137경기, OVR캐시 11393→11393) 세부: 경기조회 0.008s | 시뮬루프 0.165s | executemany(7137건) 0.016s | teams반영+commit 0.038s
[09-04 05:38:08] [주 마무리] 36주차 0.27s (국제대회 0.00s | 챔스 0.00s | 클럽WC 0.00s | 국내컵 0.04s | 리그시뮬 0.23s)
[09-04 05:38:08] [PERF-DAY] 36주차 252일차 처리 0.273s (stype='휴식' | 그주마지막날=True | 경기있음=False | 부상=False)
[09-04 05:38:09] [AI리그] 37주차 6556경기, OVR캐시 11393→11393) 세부: 경기조회 0.007s | 시뮬루프 0.170s | executemany(6556건) 0.015s | teams반영+commit 0.038s
[09-04 05:38:09] [주 마무리] 37주차 0.23s (국제대회 0.00s | 챔스 0.00s | 클럽WC 0.00s | 국내컵 0.00s | 리그시뮬 0.23s)
[09-04 05:38:09] [PERF-DAY] 37주차 259일차 처리 0.234s (stype='휴식' | 그주마지막날=True | 경기있음=False | 부상=False)
[09-04 05:38:09] [AI리그] 38주차 6730경기, OVR캐시 11393→11393) 세부: 경기조회 0.007s | 시뮬루프 0.163s | executemany(6730건) 0.015s | teams반영+commit 0.037s
[09-04 05:38:09] [주 마무리] 38주차 0.28s (국제대회 0.00s | 챔스 0.00s | 클럽WC 0.00s | 국내컵 0.06s | 리그시뮬 0.22s)
[09-04 05:38:09] [PERF-DAY] 38주차 266일차 처리 0.285s (stype='휴식' | 그주마지막날=True | 경기있음=False | 부상=False)
[09-04 05:38:09] [AI리그] 39주차 6855경기, OVR캐시 11393→11393) 세부: 경기조회 0.007s | 시뮬루프 0.164s | executemany(6855건) 0.015s | teams반영+commit 0.037s
[09-04 05:38:09] [주 마무리] 39주차 0.23s (국제대회 0.00s | 챔스 0.00s | 클럽WC 0.00s | 국내컵 0.00s | 리그시뮬 0.22s)
[09-04 05:38:09] [PERF-DAY] 39주차 273일차 처리 0.227s (stype='휴식' | 그주마지막날=True | 경기있음=False | 부상=False)
[09-04 05:38:10] [AI리그] 40주차 6844경기, OVR캐시 11393→11393) 세부: 경기조회 0.006s | 시뮬루프 0.163s | executemany(6844건) 0.016s | teams반영+commit 0.039s
[09-04 05:38:10] [주 마무리] 40주차 0.25s (국제대회 0.00s | 챔스 0.00s | 클럽WC 0.00s | 국내컵 0.02s | 리그시뮬 0.23s)
[09-04 05:38:10] [PERF-DAY] 40주차 280일차 처리 0.250s (stype='휴식' | 그주마지막날=True | 경기있음=False | 부상=False)
[09-04 05:38:10] [AI리그] 41주차 6841경기, OVR캐시 11393→11393) 세부: 경기조회 0.005s | 시뮬루프 0.161s | executemany(6841건) 0.014s | teams반영+commit 0.035s
[09-04 05:38:10] [주 마무리] 41주차 0.22s (국제대회 0.00s | 챔스 0.00s | 클럽WC 0.00s | 국내컵 0.00s | 리그시뮬 0.22s)
[09-04 05:38:10] [PERF-DAY] 41주차 287일차 처리 0.219s (stype='휴식' | 그주마지막날=True | 경기있음=False | 부상=False)
[09-04 05:38:10] [AI리그] 42주차 6742경기, OVR캐시 11393→11393) 세부: 경기조회 0.005s | 시뮬루프 0.151s | executemany(6742건) 0.015s | teams반영+commit 0.036s
[09-04 05:38:10] [주 마무리] 42주차 0.21s (국제대회 0.00s | 챔스 0.00s | 클럽WC 0.00s | 국내컵 0.01s | 리그시뮬 0.21s)
[09-04 05:38:10] [PERF-DAY] 42주차 294일차 처리 0.216s (stype='휴식' | 그주마지막날=True | 경기있음=False | 부상=False)
[09-04 05:38:12] [PERF-PROMO] _process_promotion_relegation 세부: my_player/season조회 0.001s | teams+leagues조회 0.012s | standings계산(710개리그) 0.270s | ai_players OVR스캔 0.204s | 승강판정루프(211개국) 0.026s | executemany(1212건) 0.016s | 리스케일(1212건) 0.328s | commit/close 0.316s | 캐시무효화 0.000s
[09-04 05:38:12] [PERF-SEASON] finalize_club_season 세부: finish_incomplete_matches=0.046s | promotion_relegation=1.181s
[09-04 05:38:12] [PERF-YEAR] 43주차(CLUB_SEASON_END_DAY) 세부: finalize_club_season=1.227s | promotion_playoffs=0.023s | PRAGMA optimize=0.007s
[09-04 05:38:12] [PERF-DAY] 43주차 300일차 처리 1.269s (stype='휴식' | 그주마지막날=False | 경기있음=False | 부상=False)
[09-04 05:38:12] [진행 총계] 1.29초
[09-04 05:38:12] [PERF-DAILYHOOK] 44주차 306일차: process_po_week 0.067s
[09-04 05:38:12] [PERF-DAY] 44주차 306일차 처리 0.068s (stype='고강도' | 그주마지막날=False | 경기있음=False | 부상=False)
[09-04 05:38:12] [PERF-DAILYHOOK] 46주차 316일차: process_intl_week 0.151s | process_cwc_week 0.000s
[09-04 05:38:12] [PERF-DAY] 46주차 316일차 처리 0.152s (stype='고강도' | 그주마지막날=False | 경기있음=False | 부상=False)
[09-04 05:38:12] [PERF-DAILYHOOK] 46주차 317일차: process_intl_week 0.134s | process_cwc_week 0.000s
[09-04 05:38:12] [PERF-DAY] 46주차 317일차 처리 0.136s (stype='휴식' | 그주마지막날=False | 경기있음=False | 부상=False)
[09-04 05:38:12] [PERF-DAILYHOOK] 46주차 318일차: process_intl_week 0.152s | process_cwc_week 0.000s
[09-04 05:38:12] [PERF-DAY] 46주차 318일차 처리 0.153s (stype='고강도' | 그주마지막날=False | 경기있음=False | 부상=False)
[09-04 05:38:12] [PERF-DAILYHOOK] 46주차 319일차: process_intl_week 0.141s | process_cwc_week 0.000s
[09-04 05:38:12] [PERF-DAY] 46주차 319일차 처리 0.142s (stype='휴식' | 그주마지막날=False | 경기있음=False | 부상=False)
[09-04 05:38:12] [진행 총계] 0.61초
[09-04 05:38:13] [PERF]   _end_of_season 세부: AI생애주기 0.01s (승강제 타이밍은 43주 _finalize_club_season으로 이동 — 여기 안 잡힘)
[09-04 05:38:14] [PERF]   일정생성 세부: 아카이브이동 0.72s | 완비판정조회 0.01s | 기존경기dedup조회 0.00s | 일정계산 0.21s | INSERT+commit 0.38s | (대상리그 710개, 신규경기 201400건)
[09-04 05:38:15] [PERF]   인덱스재생성 0.34s
[09-04 05:38:17] [PERF] 연도전환 총 3.51s (커리어정리 0.00s | _end_of_season 0.03s | 일정생성 1.67s | 파워랭킹 1.81s | PRAGMA optimize 0.00s)
[09-04 05:38:17] [PERF-WEEKTAIL] 52주차: _pay_salary 0.000s | _advance_week 3.511s
[09-04 05:38:17] [PERF-DAY] 52주차 364일차 처리 3.512s (stype='휴식' | 그주마지막날=True | 경기있음=False | 부상=False)
[09-04 05:38:17] [진행 총계] 3.52초
[09-04 05:38:17] [AI리그] 4주차 4527경기, OVR캐시 0→9054) 세부: 경기조회 0.015s | 시뮬루프 0.286s | executemany(4527건) 0.010s | teams반영+commit 0.023s
[09-04 05:38:17] [주 마무리] 4주차 0.34s (국제대회 0.00s | 챔스 0.00s | 클럽WC 0.00s | 국내컵 0.00s | 리그시뮬 0.33s)
[09-04 05:38:17] [PERF-WEEKTAIL] 4주차: _pay_salary 0.000s | _advance_week 0.166s
[09-04 05:38:17] [PERF-DAY] 4주차 28일차 처리 0.502s (stype='휴식' | 그주마지막날=True | 경기있음=False | 부상=False)
[09-04 05:38:17] [진행 총계] 0.51초
[09-04 05:38:18] [AI리그] 5주차 5771경기, OVR캐시 11263→11393) 세부: 경기조회 0.016s | 시뮬루프 0.065s | executemany(5771건) 0.013s | teams반영+commit 0.040s
[09-04 05:38:18] [주 마무리] 5주차 0.25s (국제대회 0.00s | 챔스 0.00s | 클럽WC 0.00s | 국내컵 0.12s | 리그시뮬 0.14s)
[09-04 05:38:18] [PERF-DAY] 5주차 35일차 처리 0.255s (stype='휴식' | 그주마지막날=True | 경기있음=False | 부상=False)
[09-04 05:38:18] [AI리그] 6주차 5734경기, OVR캐시 11393→11393) 세부: 경기조회 0.015s | 시뮬루프 0.041s | executemany(5734건) 0.013s | teams반영+commit 0.039s
[09-04 05:38:18] [주 마무리] 6주차 0.23s (국제대회 0.00s | 챔스 0.00s | 클럽WC 0.00s | 국내컵 0.12s | 리그시뮬 0.11s)
[09-04 05:38:18] [PERF-DAY] 6주차 42일차 처리 0.231s (stype='휴식' | 그주마지막날=True | 경기있음=False | 부상=False)
[09-04 05:38:18] [AI리그] 7주차 5801경기, OVR캐시 11393→11393) 세부: 경기조회 0.015s | 시뮬루프 0.047s | executemany(5801건) 0.013s | teams반영+commit 0.040s
[09-04 05:38:18] [주 마무리] 7주차 0.21s (국제대회 0.00s | 챔스 0.00s | 클럽WC 0.00s | 국내컵 0.09s | 리그시뮬 0.12s)
[09-04 05:38:19] [PERF-DAY] 7주차 49일차 처리 0.270s (stype='휴식' | 그주마지막날=True | 경기있음=False | 부상=False)
[09-04 05:38:19] [AI리그] 8주차 5757경기, OVR캐시 11393→11393) 세부: 경기조회 0.014s | 시뮬루프 0.041s | executemany(5757건) 0.013s | teams반영+commit 0.041s
[09-04 05:38:19] [주 마무리] 8주차 0.12s (국제대회 0.00s | 챔스 0.00s | 클럽WC 0.00s | 국내컵 0.00s | 리그시뮬 0.11s)
[09-04 05:38:19] [PERF-DAY] 8주차 56일차 처리 0.116s (stype='휴식' | 그주마지막날=True | 경기있음=False | 부상=False)
[09-04 05:38:19] [AI리그] 9주차 5731경기, OVR캐시 11393→11393) 세부: 경기조회 0.014s | 시뮬루프 0.047s | executemany(5731건) 0.013s | teams반영+commit 0.038s
[09-04 05:38:19] [주 마무리] 9주차 0.14s (국제대회 0.00s | 챔스 0.03s | 클럽WC 0.00s | 국내컵 0.00s | 리그시뮬 0.11s)
[09-04 05:38:19] [PERF-DAY] 9주차 63일차 처리 0.146s (stype='휴식' | 그주마지막날=True | 경기있음=False | 부상=False)
[09-04 05:38:19] [AI리그] 10주차 5766경기, OVR캐시 11393→11393) 세부: 경기조회 0.014s | 시뮬루프 0.042s | executemany(5766건) 0.013s | teams반영+commit 0.038s
[09-04 05:38:19] [주 마무리] 10주차 0.13s (국제대회 0.00s | 챔스 0.02s | 클럽WC 0.00s | 국내컵 0.00s | 리그시뮬 0.11s)
[09-04 05:38:19] [PERF-DAY] 10주차 70일차 처리 0.135s (stype='휴식' | 그주마지막날=True | 경기있음=False | 부상=False)
[09-04 05:38:19] [AI리그] 11주차 5618경기, OVR캐시 11393→11393) 세부: 경기조회 0.013s | 시뮬루프 0.041s | executemany(5618건) 0.013s | teams반영+commit 0.038s
[09-04 05:38:19] [주 마무리] 11주차 0.13s (국제대회 0.00s | 챔스 0.02s | 클럽WC 0.00s | 국내컵 0.00s | 리그시뮬 0.11s)
[09-04 05:38:19] [PERF-DAY] 11주차 77일차 처리 0.133s (stype='휴식' | 그주마지막날=True | 경기있음=False | 부상=False)
[09-04 05:38:20] [AI리그] 12주차 5609경기, OVR캐시 11393→11393) 세부: 경기조회 0.013s | 시뮬루프 0.046s | executemany(5609건) 0.013s | teams반영+commit 0.038s
[09-04 05:38:20] [주 마무리] 12주차 0.14s (국제대회 0.00s | 챔스 0.02s | 클럽WC 0.00s | 국내컵 0.00s | 리그시뮬 0.11s)
[09-04 05:38:20] [PERF-DAY] 12주차 84일차 처리 0.138s (stype='휴식' | 그주마지막날=True | 경기있음=False | 부상=False)
[09-04 05:38:20] [AI리그] 13주차 5233경기, OVR캐시 11393→11393) 세부: 경기조회 0.012s | 시뮬루프 0.037s | executemany(5233건) 0.014s | teams반영+commit 0.037s
[09-04 05:38:20] [주 마무리] 13주차 0.13s (국제대회 0.00s | 챔스 0.02s | 클럽WC 0.00s | 국내컵 0.00s | 리그시뮬 0.10s)
[09-04 05:38:20] [PERF-DAY] 13주차 91일차 처리 0.129s (stype='휴식' | 그주마지막날=True | 경기있음=False | 부상=False)
[09-04 05:38:20] [AI리그] 14주차 5527경기, OVR캐시 11393→11393) 세부: 경기조회 0.012s | 시뮬루프 0.041s | executemany(5527건) 0.012s | teams반영+commit 0.033s
[09-04 05:38:20] [주 마무리] 14주차 0.12s (국제대회 0.00s | 챔스 0.02s | 클럽WC 0.00s | 국내컵 0.00s | 리그시뮬 0.10s)
[09-04 05:38:20] [PERF-DAY] 14주차 98일차 처리 0.126s (stype='휴식' | 그주마지막날=True | 경기있음=False | 부상=False)
[09-04 05:38:20] [AI리그] 15주차 5747경기, OVR캐시 11393→11393) 세부: 경기조회 0.014s | 시뮬루프 0.048s | executemany(5747건) 0.013s | teams반영+commit 0.037s
[09-04 05:38:20] [주 마무리] 15주차 0.14s (국제대회 0.00s | 챔스 0.02s | 클럽WC 0.00s | 국내컵 0.00s | 리그시뮬 0.11s)
[09-04 05:38:20] [PERF-DAY] 15주차 105일차 처리 0.141s (stype='휴식' | 그주마지막날=True | 경기있음=False | 부상=False)
[09-04 05:38:20] [AI리그] 16주차 5732경기, OVR캐시 11393→11393) 세부: 경기조회 0.012s | 시뮬루프 0.041s | executemany(5732건) 0.013s | teams반영+commit 0.037s
[09-04 05:38:20] [주 마무리] 16주차 0.15s (국제대회 0.00s | 챔스 0.05s | 클럽WC 0.00s | 국내컵 0.00s | 리그시뮬 0.10s)
[09-04 05:38:20] [PERF-DAY] 16주차 112일차 처리 0.153s (stype='휴식' | 그주마지막날=True | 경기있음=False | 부상=False)
[09-04 05:38:20] [AI리그] 17주차 5482경기, OVR캐시 11393→11393) 세부: 경기조회 0.011s | 시뮬루프 0.045s | executemany(5482건) 0.013s | teams반영+commit 0.035s
[09-04 05:38:20] [주 마무리] 17주차 0.11s (국제대회 0.00s | 챔스 0.00s | 클럽WC 0.00s | 국내컵 0.00s | 리그시뮬 0.11s)
[09-04 05:38:20] [PERF-DAY] 17주차 119일차 처리 0.110s (stype='휴식' | 그주마지막날=True | 경기있음=False | 부상=False)
[09-04 05:38:21] [AI리그] 18주차 5384경기, OVR캐시 11393→11393) 세부: 경기조회 0.011s | 시뮬루프 0.041s | executemany(5384건) 0.013s | teams반영+commit 0.038s
[09-04 05:38:21] [주 마무리] 18주차 0.13s (국제대회 0.00s | 챔스 0.02s | 클럽WC 0.00s | 국내컵 0.00s | 리그시뮬 0.10s)
[09-04 05:38:21] [PERF-DAY] 18주차 126일차 처리 0.133s (stype='휴식' | 그주마지막날=True | 경기있음=False | 부상=False)
[09-04 05:38:21] [AI리그] 19주차 3886경기, OVR캐시 11393→11393) 세부: 경기조회 0.010s | 시뮬루프 0.031s | executemany(3886건) 0.010s | teams반영+commit 0.026s
[09-04 05:38:21] [주 마무리] 19주차 0.08s (국제대회 0.00s | 챔스 0.00s | 클럽WC 0.00s | 국내컵 0.00s | 리그시뮬 0.08s)
[09-04 05:38:21] [PERF-DAY] 19주차 133일차 처리 0.084s (stype='휴식' | 그주마지막날=True | 경기있음=False | 부상=False)
[09-04 05:38:21] [AI리그] 20주차 3343경기, OVR캐시 11393→11393) 세부: 경기조회 0.010s | 시뮬루프 0.031s | executemany(3343건) 0.008s | teams반영+commit 0.023s
[09-04 05:38:21] [주 마무리] 20주차 0.09s (국제대회 0.00s | 챔스 0.02s | 클럽WC 0.00s | 국내컵 0.00s | 리그시뮬 0.07s)
[09-04 05:38:21] [PERF-DAY] 20주차 140일차 처리 0.096s (stype='휴식' | 그주마지막날=True | 경기있음=False | 부상=False)
[09-04 05:38:21] [AI리그] 21주차 2934경기, OVR캐시 11393→11393) 세부: 경기조회 0.009s | 시뮬루프 0.023s | executemany(2934건) 0.008s | teams반영+commit 0.020s
[09-04 05:38:21] [주 마무리] 21주차 0.08s (국제대회 0.00s | 챔스 0.01s | 클럽WC 0.00s | 국내컵 0.00s | 리그시뮬 0.06s)
[09-04 05:38:21] [PERF-DAY] 21주차 147일차 처리 0.078s (stype='휴식' | 그주마지막날=True | 경기있음=False | 부상=False)
[09-04 05:38:21] [AI리그] 22주차 2779경기, OVR캐시 11393→11393) 세부: 경기조회 0.009s | 시뮬루프 0.021s | executemany(2779건) 0.007s | teams반영+commit 0.018s
[09-04 05:38:21] [주 마무리] 22주차 0.07s (국제대회 0.00s | 챔스 0.01s | 클럽WC 0.00s | 국내컵 0.00s | 리그시뮬 0.06s)
[09-04 05:38:21] [PERF-DAY] 22주차 154일차 처리 0.069s (stype='휴식' | 그주마지막날=True | 경기있음=False | 부상=False)
[09-04 05:38:21] [주 마무리] 23주차 0.06s (국제대회 0.00s | 챔스 0.01s | 클럽WC 0.00s | 국내컵 0.00s | 리그시뮬 0.05s)
[09-04 05:38:21] [PERF-DAY] 23주차 161일차 처리 0.069s (stype='휴식' | 그주마지막날=True | 경기있음=False | 부상=False)
[09-04 05:38:22] [AI리그] 24주차 2602경기, OVR캐시 11393→11393) 세부: 경기조회 0.009s | 시뮬루프 0.024s | executemany(2602건) 0.006s | teams반영+commit 0.011s
[09-04 05:38:22] [주 마무리] 24주차 0.05s (국제대회 0.00s | 챔스 0.00s | 클럽WC 0.00s | 국내컵 0.00s | 리그시뮬 0.05s)
[09-04 05:38:22] [PERF-DAY] 24주차 168일차 처리 0.055s (stype='휴식' | 그주마지막날=True | 경기있음=False | 부상=False)
[09-04 05:38:22] [PERF-DAILYHOOK] 25주차 169일차: process_intl_week 0.562s | process_cwc_week 0.000s
[09-04 05:38:22] [PERF-DAY] 25주차 169일차 처리 0.564s (stype='고강도' | 그주마지막날=False | 경기있음=False | 부상=False)
[09-04 05:38:22] [진행 총계] 0.60초
[09-04 05:38:23] [PERF-DAILYHOOK] 27주차 189일차: process_intl_week 0.056s | process_cwc_week 0.000s
[09-04 05:38:23] [PERF-DAY] 27주차 189일차 처리 0.066s (stype='휴식' | 그주마지막날=True | 경기있음=False | 부상=False)
[09-04 05:38:25] [PERF-WEEKTAIL] 28주차: _pay_salary 0.000s | _advance_week 2.643s
[09-04 05:38:25] [PERF-DAY] 28주차 196일차 처리 2.653s (stype='휴식' | 그주마지막날=True | 경기있음=False | 부상=False)
[09-04 05:38:25] [진행 총계] 2.66초
[09-04 05:38:25] [AI리그] 29주차 4943경기, OVR캐시 11393→11393) 세부: 경기조회 0.010s | 시뮬루프 0.036s | executemany(4943건) 0.012s | teams반영+commit 0.031s
[09-04 05:38:25] [주 마무리] 29주차 0.09s (국제대회 0.00s | 챔스 0.00s | 클럽WC 0.00s | 국내컵 0.00s | 리그시뮬 0.09s)
[09-04 05:38:25] [PERF-DAY] 29주차 203일차 처리 0.093s (stype='휴식' | 그주마지막날=True | 경기있음=False | 부상=False)
[09-04 05:38:25] [AI리그] 30주차 6683경기, OVR캐시 11393→11393) 세부: 경기조회 0.010s | 시뮬루프 0.046s | executemany(6683건) 0.015s | teams반영+commit 0.037s
[09-04 05:38:25] [주 마무리] 30주차 0.18s (국제대회 0.00s | 챔스 0.00s | 클럽WC 0.00s | 국내컵 0.07s | 리그시뮬 0.11s)
[09-04 05:38:25] [PERF-DAY] 30주차 210일차 처리 0.181s (stype='휴식' | 그주마지막날=True | 경기있음=False | 부상=False)
[09-04 05:38:26] [AI리그] 31주차 6722경기, OVR캐시 11393→11393) 세부: 경기조회 0.011s | 시뮬루프 0.047s | executemany(6722건) 0.015s | teams반영+commit 0.038s
[09-04 05:38:26] [주 마무리] 31주차 0.11s (국제대회 0.00s | 챔스 0.00s | 클럽WC 0.00s | 국내컵 0.00s | 리그시뮬 0.11s)
[09-04 05:38:26] [PERF-DAY] 31주차 217일차 처리 0.116s (stype='휴식' | 그주마지막날=True | 경기있음=False | 부상=False)
[09-04 05:38:26] [AI리그] 32주차 6569경기, OVR캐시 11393→11393) 세부: 경기조회 0.009s | 시뮬루프 0.046s | executemany(6569건) 0.016s | teams반영+commit 0.039s
[09-04 05:38:26] [주 마무리] 32주차 0.18s (국제대회 0.00s | 챔스 0.00s | 클럽WC 0.00s | 국내컵 0.07s | 리그시뮬 0.11s)
[09-04 05:38:26] [PERF-DAY] 32주차 224일차 처리 0.180s (stype='휴식' | 그주마지막날=True | 경기있음=False | 부상=False)
[09-04 05:38:26] [AI리그] 33주차 6949경기, OVR캐시 11393→11393) 세부: 경기조회 0.009s | 시뮬루프 0.048s | executemany(6949건) 0.016s | teams반영+commit 0.042s
[09-04 05:38:26] [주 마무리] 33주차 0.12s (국제대회 0.00s | 챔스 0.00s | 클럽WC 0.00s | 국내컵 0.00s | 리그시뮬 0.12s)
[09-04 05:38:26] [PERF-DAY] 33주차 231일차 처리 0.120s (stype='휴식' | 그주마지막날=True | 경기있음=False | 부상=False)
[09-04 05:38:26] [AI리그] 34주차 6515경기, OVR캐시 11393→11393) 세부: 경기조회 0.008s | 시뮬루프 0.046s | executemany(6515건) 0.015s | teams반영+commit 0.039s
[09-04 05:38:26] [주 마무리] 34주차 0.16s (국제대회 0.00s | 챔스 0.00s | 클럽WC 0.00s | 국내컵 0.05s | 리그시뮬 0.11s)
[09-04 05:38:26] [PERF-DAY] 34주차 238일차 처리 0.163s (stype='휴식' | 그주마지막날=True | 경기있음=False | 부상=False)
[09-04 05:38:27] [AI리그] 35주차 6888경기, OVR캐시 11393→11393) 세부: 경기조회 0.009s | 시뮬루프 0.047s | executemany(6888건) 0.016s | teams반영+commit 0.039s
[09-04 05:38:27] [주 마무리] 35주차 0.11s (국제대회 0.00s | 챔스 0.00s | 클럽WC 0.00s | 국내컵 0.00s | 리그시뮬 0.11s)
[09-04 05:38:27] [PERF-DAY] 35주차 245일차 처리 0.115s (stype='휴식' | 그주마지막날=True | 경기있음=False | 부상=False)
[09-04 05:38:27] [AI리그] 36주차 7137경기, OVR캐시 11393→11393) 세부: 경기조회 0.008s | 시뮬루프 0.050s | executemany(7137건) 0.016s | teams반영+commit 0.036s
[09-04 05:38:27] [주 마무리] 36주차 0.16s (국제대회 0.00s | 챔스 0.00s | 클럽WC 0.00s | 국내컵 0.04s | 리그시뮬 0.11s)
[09-04 05:38:27] [PERF-DAY] 36주차 252일차 처리 0.156s (stype='휴식' | 그주마지막날=True | 경기있음=False | 부상=False)
[09-04 05:38:27] [AI리그] 37주차 6556경기, OVR캐시 11393→11393) 세부: 경기조회 0.007s | 시뮬루프 0.046s | executemany(6556건) 0.014s | teams반영+commit 0.035s
[09-04 05:38:27] [주 마무리] 37주차 0.10s (국제대회 0.00s | 챔스 0.00s | 클럽WC 0.00s | 국내컵 0.00s | 리그시뮬 0.10s)
[09-04 05:38:27] [PERF-DAY] 37주차 259일차 처리 0.106s (stype='휴식' | 그주마지막날=True | 경기있음=False | 부상=False)
[09-04 05:38:27] [AI리그] 38주차 6730경기, OVR캐시 11393→11393) 세부: 경기조회 0.007s | 시뮬루프 0.046s | executemany(6730건) 0.015s | teams반영+commit 0.036s
[09-04 05:38:27] [주 마무리] 38주차 0.17s (국제대회 0.00s | 챔스 0.00s | 클럽WC 0.00s | 국내컵 0.06s | 리그시뮬 0.11s)
[09-04 05:38:27] [PERF-DAY] 38주차 266일차 처리 0.168s (stype='휴식' | 그주마지막날=True | 경기있음=False | 부상=False)
[09-04 05:38:28] [AI리그] 39주차 6855경기, OVR캐시 11393→11393) 세부: 경기조회 0.007s | 시뮬루프 0.048s | executemany(6855건) 0.015s | teams반영+commit 0.035s
[09-04 05:38:28] [주 마무리] 39주차 0.11s (국제대회 0.00s | 챔스 0.00s | 클럽WC 0.00s | 국내컵 0.00s | 리그시뮬 0.11s)
[09-04 05:38:28] [PERF-DAY] 39주차 273일차 처리 0.109s (stype='휴식' | 그주마지막날=True | 경기있음=False | 부상=False)
[09-04 05:38:28] [AI리그] 40주차 6844경기, OVR캐시 11393→11393) 세부: 경기조회 0.006s | 시뮬루프 0.053s | executemany(6844건) 0.016s | teams반영+commit 0.038s
[09-04 05:38:28] [주 마무리] 40주차 0.14s (국제대회 0.00s | 챔스 0.00s | 클럽WC 0.00s | 국내컵 0.02s | 리그시뮬 0.12s)
[09-04 05:38:28] [PERF-DAY] 40주차 280일차 처리 0.141s (stype='휴식' | 그주마지막날=True | 경기있음=False | 부상=False)
[09-04 05:38:28] [AI리그] 41주차 6841경기, OVR캐시 11393→11393) 세부: 경기조회 0.006s | 시뮬루프 0.048s | executemany(6841건) 0.015s | teams반영+commit 0.036s
[09-04 05:38:28] [주 마무리] 41주차 0.11s (국제대회 0.00s | 챔스 0.00s | 클럽WC 0.00s | 국내컵 0.00s | 리그시뮬 0.11s)
[09-04 05:38:28] [PERF-DAY] 41주차 287일차 처리 0.108s (stype='휴식' | 그주마지막날=True | 경기있음=False | 부상=False)
[09-04 05:38:28] [AI리그] 42주차 6742경기, OVR캐시 11393→11393) 세부: 경기조회 0.005s | 시뮬루프 0.047s | executemany(6742건) 0.015s | teams반영+commit 0.032s
[09-04 05:38:28] [주 마무리] 42주차 0.11s (국제대회 0.00s | 챔스 0.00s | 클럽WC 0.00s | 국내컵 0.01s | 리그시뮬 0.10s)
[09-04 05:38:28] [PERF-DAY] 42주차 294일차 처리 0.108s (stype='휴식' | 그주마지막날=True | 경기있음=False | 부상=False)
[09-04 05:38:30] [PERF-PROMO] _process_promotion_relegation 세부: my_player/season조회 0.001s | teams+leagues조회 0.012s | standings계산(710개리그) 0.275s | ai_players OVR스캔 0.215s | 승강판정루프(211개국) 0.026s | executemany(1210건) 0.017s | 리스케일(1210건) 0.316s | commit/close 0.315s | 캐시무효화 0.000s
[09-04 05:38:30] [PERF-SEASON] finalize_club_season 세부: finish_incomplete_matches=0.045s | promotion_relegation=1.184s
[09-04 05:38:30] [PERF-YEAR] 43주차(CLUB_SEASON_END_DAY) 세부: finalize_club_season=1.230s | promotion_playoffs=0.024s | PRAGMA optimize=0.000s
[09-04 05:38:30] [PERF-DAY] 43주차 300일차 처리 1.266s (stype='휴식' | 그주마지막날=False | 경기있음=False | 부상=False)
[09-04 05:38:30] [진행 총계] 1.29초
[09-04 05:38:30] [PERF-DAILYHOOK] 44주차 306일차: process_po_week 0.066s
[09-04 05:38:30] [PERF-DAY] 44주차 306일차 처리 0.068s (stype='고강도' | 그주마지막날=False | 경기있음=False | 부상=False)
[09-04 05:38:30] [PERF-DAILYHOOK] 46주차 316일차: process_intl_week 0.590s | process_cwc_week 0.000s
[09-04 05:38:30] [PERF-DAY] 46주차 316일차 처리 0.591s (stype='고강도' | 그주마지막날=False | 경기있음=False | 부상=False)
[09-04 05:38:31] [PERF-DAILYHOOK] 46주차 317일차: process_intl_week 0.123s | process_cwc_week 0.000s
[09-04 05:38:31] [PERF-DAY] 46주차 317일차 처리 0.125s (stype='휴식' | 그주마지막날=False | 경기있음=False | 부상=False)
[09-04 05:38:31] [PERF-DAILYHOOK] 46주차 320일차: process_intl_week 0.091s | process_cwc_week 0.000s
[09-04 05:38:31] [PERF-DAY] 46주차 320일차 처리 0.093s (stype='고강도' | 그주마지막날=False | 경기있음=False | 부상=False)
[09-04 05:38:31] [진행 총계] 0.85초
[09-04 05:38:32] [PERF]   _end_of_season 세부: AI생애주기 0.00s (승강제 타이밍은 43주 _finalize_club_season으로 이동 — 여기 안 잡힘)
[09-04 05:38:33] [PERF]   일정생성 세부: 아카이브이동 0.81s | 완비판정조회 0.01s | 기존경기dedup조회 0.00s | 일정계산 0.20s | INSERT+commit 0.40s | (대상리그 710개, 신규경기 201400건)
[09-04 05:38:33] [PERF]   인덱스재생성 0.38s
[09-04 05:38:35] [PERF] 연도전환 총 3.34s (커리어정리 0.00s | _end_of_season 0.01s | 일정생성 1.81s | 파워랭킹 1.52s | PRAGMA optimize 0.00s)
[09-04 05:38:35] [PERF-WEEKTAIL] 52주차: _pay_salary 0.000s | _advance_week 3.341s
[09-04 05:38:35] [PERF-DAY] 52주차 364일차 처리 3.343s (stype='휴식' | 그주마지막날=True | 경기있음=False | 부상=False)
[09-04 05:38:35] [진행 총계] 3.35초
[09-04 05:38:36] [AI리그] 4주차 4527경기, OVR캐시 0→9054) 세부: 경기조회 0.015s | 시뮬루프 0.289s | executemany(4527건) 0.009s | teams반영+commit 0.022s
[09-04 05:38:36] [주 마무리] 4주차 0.34s (국제대회 0.00s | 챔스 0.00s | 클럽WC 0.00s | 국내컵 0.00s | 리그시뮬 0.34s)
[09-04 05:38:36] [PERF-WEEKTAIL] 4주차: _pay_salary 0.000s | _advance_week 0.175s
[09-04 05:38:36] [PERF-DAY] 4주차 28일차 처리 0.514s (stype='휴식' | 그주마지막날=True | 경기있음=False | 부상=False)
[09-04 05:38:36] [진행 총계] 0.52초
[09-04 05:38:36] [AI리그] 5주차 5771경기, OVR캐시 11263→11393) 세부: 경기조회 0.015s | 시뮬루프 0.061s | executemany(5771건) 0.012s | teams반영+commit 0.037s
[09-04 05:38:36] [주 마무리] 5주차 0.25s (국제대회 0.00s | 챔스 0.00s | 클럽WC 0.00s | 국내컵 0.12s | 리그시뮬 0.13s)
[09-04 05:38:36] [PERF-DAY] 5주차 35일차 처리 0.249s (stype='휴식' | 그주마지막날=True | 경기있음=False | 부상=False)
[09-04 05:38:36] [AI리그] 6주차 5734경기, OVR캐시 11393→11393) 세부: 경기조회 0.015s | 시뮬루프 0.041s | executemany(5734건) 0.013s | teams반영+commit 0.041s
[09-04 05:38:36] [주 마무리] 6주차 0.24s (국제대회 0.00s | 챔스 0.00s | 클럽WC 0.00s | 국내컵 0.12s | 리그시뮬 0.11s)
[09-04 05:38:36] [PERF-DAY] 6주차 42일차 처리 0.237s (stype='휴식' | 그주마지막날=True | 경기있음=False | 부상=False)
[09-04 05:38:37] [AI리그] 7주차 5801경기, OVR캐시 11393→11393) 세부: 경기조회 0.015s | 시뮬루프 0.046s | executemany(5801건) 0.013s | teams반영+commit 0.042s
[09-04 05:38:37] [주 마무리] 7주차 0.21s (국제대회 0.00s | 챔스 0.00s | 클럽WC 0.00s | 국내컵 0.09s | 리그시뮬 0.12s)
[09-04 05:38:37] [PERF-DAY] 7주차 49일차 처리 0.289s (stype='휴식' | 그주마지막날=True | 경기있음=False | 부상=False)
[09-04 05:38:37] [AI리그] 8주차 5757경기, OVR캐시 11393→11393) 세부: 경기조회 0.015s | 시뮬루프 0.050s | executemany(5757건) 0.014s | teams반영+commit 0.044s
[09-04 05:38:37] [주 마무리] 8주차 0.13s (국제대회 0.00s | 챔스 0.00s | 클럽WC 0.00s | 국내컵 0.00s | 리그시뮬 0.12s)
[09-04 05:38:37] [PERF-DAY] 8주차 56일차 처리 0.130s (stype='휴식' | 그주마지막날=True | 경기있음=False | 부상=False)
[09-04 05:38:37] [AI리그] 9주차 5731경기, OVR캐시 11393→11393) 세부: 경기조회 0.014s | 시뮬루프 0.041s | executemany(5731건) 0.013s | teams반영+commit 0.040s
[09-04 05:38:37] [주 마무리] 9주차 0.14s (국제대회 0.00s | 챔스 0.03s | 클럽WC 0.00s | 국내컵 0.00s | 리그시뮬 0.11s)
[09-04 05:38:37] [PERF-DAY] 9주차 63일차 처리 0.143s (stype='휴식' | 그주마지막날=True | 경기있음=False | 부상=False)
[09-04 05:38:37] [AI리그] 10주차 5766경기, OVR캐시 11393→11393) 세부: 경기조회 0.014s | 시뮬루프 0.048s | executemany(5766건) 0.014s | teams반영+commit 0.040s
[09-04 05:38:37] [주 마무리] 10주차 0.14s (국제대회 0.00s | 챔스 0.02s | 클럽WC 0.00s | 국내컵 0.00s | 리그시뮬 0.12s)
[09-04 05:38:37] [PERF-DAY] 10주차 70일차 처리 0.144s (stype='휴식' | 그주마지막날=True | 경기있음=False | 부상=False)
[09-04 05:38:38] [AI리그] 11주차 5618경기, OVR캐시 11393→11393) 세부: 경기조회 0.014s | 시뮬루프 0.041s | executemany(5618건) 0.016s | teams반영+commit 0.041s
[09-04 05:38:38] [주 마무리] 11주차 0.14s (국제대회 0.00s | 챔스 0.02s | 클럽WC 0.00s | 국내컵 0.00s | 리그시뮬 0.11s)
[09-04 05:38:38] [PERF-DAY] 11주차 77일차 처리 0.140s (stype='휴식' | 그주마지막날=True | 경기있음=False | 부상=False)
[09-04 05:38:38] [AI리그] 12주차 5609경기, OVR캐시 11393→11393) 세부: 경기조회 0.014s | 시뮬루프 0.043s | executemany(5609건) 0.013s | teams반영+commit 0.037s
[09-04 05:38:38] [주 마무리] 12주차 0.13s (국제대회 0.00s | 챔스 0.02s | 클럽WC 0.00s | 국내컵 0.00s | 리그시뮬 0.11s)
[09-04 05:38:38] [PERF-DAY] 12주차 84일차 처리 0.135s (stype='휴식' | 그주마지막날=True | 경기있음=False | 부상=False)
[09-04 05:38:38] [AI리그] 13주차 5233경기, OVR캐시 11393→11393) 세부: 경기조회 0.013s | 시뮬루프 0.045s | executemany(5233건) 0.013s | teams반영+commit 0.037s
[09-04 05:38:38] [주 마무리] 13주차 0.13s (국제대회 0.00s | 챔스 0.02s | 클럽WC 0.00s | 국내컵 0.00s | 리그시뮬 0.11s)
[09-04 05:38:38] [PERF-DAY] 13주차 91일차 처리 0.136s (stype='휴식' | 그주마지막날=True | 경기있음=False | 부상=False)
[09-04 05:38:38] [AI리그] 14주차 5527경기, OVR캐시 11393→11393) 세부: 경기조회 0.012s | 시뮬루프 0.039s | executemany(5527건) 0.012s | teams반영+commit 0.034s
[09-04 05:38:38] [주 마무리] 14주차 0.13s (국제대회 0.00s | 챔스 0.02s | 클럽WC 0.00s | 국내컵 0.00s | 리그시뮬 0.10s)
[09-04 05:38:38] [PERF-DAY] 14주차 98일차 처리 0.127s (stype='휴식' | 그주마지막날=True | 경기있음=False | 부상=False)
[09-04 05:38:38] [AI리그] 15주차 5747경기, OVR캐시 11393→11393) 세부: 경기조회 0.013s | 시뮬루프 0.044s | executemany(5747건) 0.014s | teams반영+commit 0.039s
[09-04 05:38:38] [주 마무리] 15주차 0.14s (국제대회 0.00s | 챔스 0.02s | 클럽WC 0.00s | 국내컵 0.00s | 리그시뮬 0.11s)
[09-04 05:38:38] [PERF-DAY] 15주차 105일차 처리 0.138s (stype='휴식' | 그주마지막날=True | 경기있음=False | 부상=False)
[09-04 05:38:39] [AI리그] 16주차 5732경기, OVR캐시 11393→11393) 세부: 경기조회 0.013s | 시뮬루프 0.047s | executemany(5732건) 0.013s | teams반영+commit 0.039s
[09-04 05:38:39] [주 마무리] 16주차 0.16s (국제대회 0.00s | 챔스 0.05s | 클럽WC 0.00s | 국내컵 0.00s | 리그시뮬 0.11s)
[09-04 05:38:39] [PERF-DAY] 16주차 112일차 처리 0.163s (stype='휴식' | 그주마지막날=True | 경기있음=False | 부상=False)
[09-04 05:38:39] [AI리그] 17주차 5482경기, OVR캐시 11393→11393) 세부: 경기조회 0.011s | 시뮬루프 0.040s | executemany(5482건) 0.012s | teams반영+commit 0.034s
[09-04 05:38:39] [주 마무리] 17주차 0.10s (국제대회 0.00s | 챔스 0.00s | 클럽WC 0.00s | 국내컵 0.00s | 리그시뮬 0.10s)
[09-04 05:38:39] [PERF-DAY] 17주차 119일차 처리 0.104s (stype='휴식' | 그주마지막날=True | 경기있음=False | 부상=False)
[09-04 05:38:39] [AI리그] 18주차 5384경기, OVR캐시 11393→11393) 세부: 경기조회 0.012s | 시뮬루프 0.048s | executemany(5384건) 0.012s | teams반영+commit 0.035s
[09-04 05:38:39] [주 마무리] 18주차 0.14s (국제대회 0.00s | 챔스 0.03s | 클럽WC 0.00s | 국내컵 0.00s | 리그시뮬 0.11s)
[09-04 05:38:39] [PERF-DAY] 18주차 126일차 처리 0.138s (stype='휴식' | 그주마지막날=True | 경기있음=False | 부상=False)
[09-04 05:38:39] [AI리그] 19주차 3886경기, OVR캐시 11393→11393) 세부: 경기조회 0.010s | 시뮬루프 0.029s | executemany(3886건) 0.009s | teams반영+commit 0.025s
[09-04 05:38:39] [주 마무리] 19주차 0.08s (국제대회 0.00s | 챔스 0.00s | 클럽WC 0.00s | 국내컵 0.00s | 리그시뮬 0.08s)
[09-04 05:38:39] [PERF-DAY] 19주차 133일차 처리 0.081s (stype='휴식' | 그주마지막날=True | 경기있음=False | 부상=False)
[09-04 05:38:39] [AI리그] 20주차 3343경기, OVR캐시 11393→11393) 세부: 경기조회 0.010s | 시뮬루프 0.025s | executemany(3343건) 0.008s | teams반영+commit 0.023s
[09-04 05:38:39] [주 마무리] 20주차 0.09s (국제대회 0.00s | 챔스 0.02s | 클럽WC 0.00s | 국내컵 0.00s | 리그시뮬 0.07s)
[09-04 05:38:39] [PERF-DAY] 20주차 140일차 처리 0.089s (stype='휴식' | 그주마지막날=True | 경기있음=False | 부상=False)
[09-04 05:38:40] [AI리그] 21주차 2934경기, OVR캐시 11393→11393) 세부: 경기조회 0.009s | 시뮬루프 0.022s | executemany(2934건) 0.007s | teams반영+commit 0.019s
[09-04 05:38:40] [주 마무리] 21주차 0.07s (국제대회 0.00s | 챔스 0.01s | 클럽WC 0.00s | 국내컵 0.00s | 리그시뮬 0.06s)
[09-04 05:38:40] [PERF-DAY] 21주차 147일차 처리 0.075s (stype='휴식' | 그주마지막날=True | 경기있음=False | 부상=False)
[09-04 05:38:40] [AI리그] 22주차 2779경기, OVR캐시 11393→11393) 세부: 경기조회 0.009s | 시뮬루프 0.027s | executemany(2779건) 0.007s | teams반영+commit 0.017s
[09-04 05:38:40] [주 마무리] 22주차 0.07s (국제대회 0.00s | 챔스 0.01s | 클럽WC 0.00s | 국내컵 0.00s | 리그시뮬 0.06s)
[09-04 05:38:40] [PERF-DAY] 22주차 154일차 처리 0.075s (stype='휴식' | 그주마지막날=True | 경기있음=False | 부상=False)
[09-04 05:38:40] [주 마무리] 23주차 0.06s (국제대회 0.00s | 챔스 0.01s | 클럽WC 0.00s | 국내컵 0.00s | 리그시뮬 0.05s)
[09-04 05:38:40] [PERF-DAY] 23주차 161일차 처리 0.081s (stype='휴식' | 그주마지막날=True | 경기있음=False | 부상=False)
[09-04 05:38:41] [PERF-DAILYHOOK] 25주차 169일차: process_intl_week 1.259s | process_cwc_week 0.000s
[09-04 05:38:41] [PERF-DAY] 25주차 169일차 처리 1.261s (stype='고강도' | 그주마지막날=False | 경기있음=False | 부상=False)
[09-04 05:38:41] [진행 총계] 1.32초
[09-04 05:38:42] [PERF-DAILYHOOK] 27주차 189일차: process_intl_week 0.060s | process_cwc_week 0.000s
[09-04 05:38:42] [PERF-DAY] 27주차 189일차 처리 0.070s (stype='휴식' | 그주마지막날=True | 경기있음=False | 부상=False)
[09-04 05:38:45] [PERF-WEEKTAIL] 28주차: _pay_salary 0.000s | _advance_week 2.656s
[09-04 05:38:45] [PERF-DAY] 28주차 196일차 처리 2.666s (stype='휴식' | 그주마지막날=True | 경기있음=False | 부상=False)
[09-04 05:38:45] [진행 총계] 2.71초
[09-04 05:38:45] [AI리그] 29주차 4943경기, OVR캐시 11393→11393) 세부: 경기조회 0.010s | 시뮬루프 0.038s | executemany(4943건) 0.012s | teams반영+commit 0.031s
[09-04 05:38:45] [주 마무리] 29주차 0.09s (국제대회 0.00s | 챔스 0.00s | 클럽WC 0.00s | 국내컵 0.00s | 리그시뮬 0.09s)
[09-04 05:38:45] [PERF-DAY] 29주차 203일차 처리 0.096s (stype='휴식' | 그주마지막날=True | 경기있음=False | 부상=False)
[09-04 05:38:45] [AI리그] 30주차 6683경기, OVR캐시 11393→11393) 세부: 경기조회 0.010s | 시뮬루프 0.046s | executemany(6683건) 0.015s | teams반영+commit 0.037s
[09-04 05:38:45] [주 마무리] 30주차 0.18s (국제대회 0.00s | 챔스 0.00s | 클럽WC 0.00s | 국내컵 0.07s | 리그시뮬 0.11s)
[09-04 05:38:45] [PERF-DAY] 30주차 210일차 처리 0.179s (stype='휴식' | 그주마지막날=True | 경기있음=False | 부상=False)
[09-04 05:38:45] [AI리그] 31주차 6722경기, OVR캐시 11393→11393) 세부: 경기조회 0.010s | 시뮬루프 0.048s | executemany(6722건) 0.015s | teams반영+commit 0.039s
[09-04 05:38:45] [주 마무리] 31주차 0.12s (국제대회 0.00s | 챔스 0.00s | 클럽WC 0.00s | 국내컵 0.00s | 리그시뮬 0.12s)
[09-04 05:38:45] [PERF-DAY] 31주차 217일차 처리 0.118s (stype='휴식' | 그주마지막날=True | 경기있음=False | 부상=False)
[09-04 05:38:46] [AI리그] 32주차 6569경기, OVR캐시 11393→11393) 세부: 경기조회 0.010s | 시뮬루프 0.046s | executemany(6569건) 0.015s | teams반영+commit 0.038s
[09-04 05:38:46] [주 마무리] 32주차 0.18s (국제대회 0.00s | 챔스 0.00s | 클럽WC 0.00s | 국내컵 0.07s | 리그시뮬 0.11s)
[09-04 05:38:46] [PERF-DAY] 32주차 224일차 처리 0.180s (stype='휴식' | 그주마지막날=True | 경기있음=False | 부상=False)
[09-04 05:38:46] [AI리그] 33주차 6949경기, OVR캐시 11393→11393) 세부: 경기조회 0.009s | 시뮬루프 0.048s | executemany(6949건) 0.016s | teams반영+commit 0.036s
[09-04 05:38:46] [주 마무리] 33주차 0.11s (국제대회 0.00s | 챔스 0.00s | 클럽WC 0.00s | 국내컵 0.00s | 리그시뮬 0.11s)
[09-04 05:38:46] [PERF-DAY] 33주차 231일차 처리 0.114s (stype='휴식' | 그주마지막날=True | 경기있음=False | 부상=False)
[09-04 05:38:46] [AI리그] 34주차 6515경기, OVR캐시 11393→11393) 세부: 경기조회 0.009s | 시뮬루프 0.054s | executemany(6515건) 0.014s | teams반영+commit 0.032s
[09-04 05:38:46] [주 마무리] 34주차 0.16s (국제대회 0.00s | 챔스 0.00s | 클럽WC 0.00s | 국내컵 0.05s | 리그시뮬 0.11s)
[09-04 05:38:46] [PERF-DAY] 34주차 238일차 처리 0.160s (stype='휴식' | 그주마지막날=True | 경기있음=False | 부상=True)
[09-04 05:38:46] [AI리그] 35주차 6888경기, OVR캐시 11393→11393) 세부: 경기조회 0.009s | 시뮬루프 0.047s | executemany(6888건) 0.015s | teams반영+commit 0.035s
[09-04 05:38:46] [주 마무리] 35주차 0.11s (국제대회 0.00s | 챔스 0.00s | 클럽WC 0.00s | 국내컵 0.00s | 리그시뮬 0.11s)
[09-04 05:38:46] [PERF-DAY] 35주차 245일차 처리 0.111s (stype='휴식' | 그주마지막날=True | 경기있음=False | 부상=False)
[09-04 05:38:46] [AI리그] 36주차 7137경기, OVR캐시 11393→11393) 세부: 경기조회 0.009s | 시뮬루프 0.050s | executemany(7137건) 0.016s | teams반영+commit 0.036s
[09-04 05:38:46] [주 마무리] 36주차 0.16s (국제대회 0.00s | 챔스 0.00s | 클럽WC 0.00s | 국내컵 0.04s | 리그시뮬 0.11s)
[09-04 05:38:46] [PERF-DAY] 36주차 252일차 처리 0.158s (stype='휴식' | 그주마지막날=True | 경기있음=False | 부상=True)
[09-04 05:38:47] [AI리그] 37주차 6556경기, OVR캐시 11393→11393) 세부: 경기조회 0.007s | 시뮬루프 0.047s | executemany(6556건) 0.015s | teams반영+commit 0.038s
[09-04 05:38:47] [주 마무리] 37주차 0.11s (국제대회 0.00s | 챔스 0.00s | 클럽WC 0.00s | 국내컵 0.00s | 리그시뮬 0.11s)
[09-04 05:38:47] [PERF-DAY] 37주차 259일차 처리 0.113s (stype='휴식' | 그주마지막날=True | 경기있음=False | 부상=False)
[09-04 05:38:47] [AI리그] 38주차 6730경기, OVR캐시 11393→11393) 세부: 경기조회 0.007s | 시뮬루프 0.047s | executemany(6730건) 0.015s | teams반영+commit 0.039s
[09-04 05:38:47] [주 마무리] 38주차 0.17s (국제대회 0.00s | 챔스 0.00s | 클럽WC 0.00s | 국내컵 0.06s | 리그시뮬 0.11s)
[09-04 05:38:47] [PERF-DAY] 38주차 266일차 처리 0.175s (stype='휴식' | 그주마지막날=True | 경기있음=False | 부상=False)
[09-04 05:38:47] [AI리그] 39주차 6855경기, OVR캐시 11393→11393) 세부: 경기조회 0.007s | 시뮬루프 0.048s | executemany(6855건) 0.016s | teams반영+commit 0.038s
[09-04 05:38:47] [주 마무리] 39주차 0.11s (국제대회 0.00s | 챔스 0.00s | 클럽WC 0.00s | 국내컵 0.00s | 리그시뮬 0.11s)
[09-04 05:38:47] [PERF-DAY] 39주차 273일차 처리 0.113s (stype='휴식' | 그주마지막날=True | 경기있음=False | 부상=False)
[09-04 05:38:47] [AI리그] 40주차 6844경기, OVR캐시 11393→11393) 세부: 경기조회 0.006s | 시뮬루프 0.044s | executemany(6844건) 0.015s | teams반영+commit 0.036s
[09-04 05:38:47] [주 마무리] 40주차 0.13s (국제대회 0.00s | 챔스 0.00s | 클럽WC 0.00s | 국내컵 0.02s | 리그시뮬 0.10s)
[09-04 05:38:47] [PERF-DAY] 40주차 280일차 처리 0.128s (stype='휴식' | 그주마지막날=True | 경기있음=False | 부상=False)
[09-04 05:38:47] [AI리그] 41주차 6841경기, OVR캐시 11393→11393) 세부: 경기조회 0.006s | 시뮬루프 0.047s | executemany(6841건) 0.015s | teams반영+commit 0.036s
[09-04 05:38:47] [주 마무리] 41주차 0.11s (국제대회 0.00s | 챔스 0.00s | 클럽WC 0.00s | 국내컵 0.00s | 리그시뮬 0.11s)
[09-04 05:38:47] [PERF-DAY] 41주차 287일차 처리 0.107s (stype='휴식' | 그주마지막날=True | 경기있음=False | 부상=False)
[09-04 05:38:48] [AI리그] 42주차 6742경기, OVR캐시 11393→11393) 세부: 경기조회 0.006s | 시뮬루프 0.047s | executemany(6742건) 0.014s | teams반영+commit 0.032s
[09-04 05:38:48] [주 마무리] 42주차 0.11s (국제대회 0.00s | 챔스 0.00s | 클럽WC 0.00s | 국내컵 0.01s | 리그시뮬 0.10s)
[09-04 05:38:48] [PERF-DAY] 42주차 294일차 처리 0.109s (stype='휴식' | 그주마지막날=True | 경기있음=False | 부상=True)
[09-04 05:38:49] [PERF-PROMO] _process_promotion_relegation 세부: my_player/season조회 0.001s | teams+leagues조회 0.012s | standings계산(710개리그) 0.275s | ai_players OVR스캔 0.211s | 승강판정루프(211개국) 0.027s | executemany(1212건) 0.017s | 리스케일(1212건) 0.341s | commit/close 0.345s | 캐시무효화 0.000s
[09-04 05:38:49] [PERF-SEASON] finalize_club_season 세부: finish_incomplete_matches=0.047s | promotion_relegation=1.236s
[09-04 05:38:49] [PERF-YEAR] 43주차(CLUB_SEASON_END_DAY) 세부: finalize_club_season=1.284s | promotion_playoffs=0.023s | PRAGMA optimize=0.001s
[09-04 05:38:49] [PERF-DAY] 43주차 300일차 처리 1.320s (stype='휴식' | 그주마지막날=False | 경기있음=False | 부상=False)
[09-04 05:38:49] [진행 총계] 1.35초
[09-04 05:38:49] [PERF-DAILYHOOK] 44주차 306일차: process_po_week 0.068s
[09-04 05:38:49] [PERF-DAY] 44주차 306일차 처리 0.069s (stype='고강도' | 그주마지막날=False | 경기있음=False | 부상=False)
[09-04 05:38:50] [PERF]   _end_of_season 세부: AI생애주기 0.00s (승강제 타이밍은 43주 _finalize_club_season으로 이동 — 여기 안 잡힘)
[09-04 05:38:52] [PERF]   일정생성 세부: 아카이브이동 0.81s | 완비판정조회 0.01s | 기존경기dedup조회 0.00s | 일정계산 0.20s | INSERT+commit 0.38s | (대상리그 710개, 신규경기 201400건)
[09-04 05:38:52] [PERF]   인덱스재생성 0.34s
[09-04 05:38:53] [PERF] 연도전환 총 3.30s (커리어정리 0.00s | _end_of_season 0.01s | 일정생성 1.75s | 파워랭킹 1.54s | PRAGMA optimize 0.00s)
[09-04 05:38:53] [PERF-WEEKTAIL] 52주차: _pay_salary 0.000s | _advance_week 3.305s
[09-04 05:38:53] [PERF-DAY] 52주차 364일차 처리 3.306s (stype='휴식' | 그주마지막날=True | 경기있음=False | 부상=False)
[09-04 05:38:53] [진행 총계] 3.31초
[09-04 05:38:54] [AI리그] 4주차 4527경기, OVR캐시 0→9054) 세부: 경기조회 0.015s | 시뮬루프 0.289s | executemany(4527건) 0.009s | teams반영+commit 0.023s
[09-04 05:38:54] [주 마무리] 4주차 0.34s (국제대회 0.00s | 챔스 0.00s | 클럽WC 0.00s | 국내컵 0.00s | 리그시뮬 0.34s)
[09-04 05:38:54] [PERF-WEEKTAIL] 4주차: _pay_salary 0.000s | _advance_week 0.182s
[09-04 05:38:54] [PERF-DAY] 4주차 28일차 처리 0.523s (stype='휴식' | 그주마지막날=True | 경기있음=False | 부상=False)
[09-04 05:38:54] [진행 총계] 0.53초
[09-04 05:38:55] [AI리그] 5주차 5771경기, OVR캐시 11263→11393) 세부: 경기조회 0.015s | 시뮬루프 0.061s | executemany(5771건) 0.012s | teams반영+commit 0.037s
[09-04 05:38:55] [주 마무리] 5주차 0.25s (국제대회 0.00s | 챔스 0.00s | 클럽WC 0.00s | 국내컵 0.12s | 리그시뮬 0.13s)
[09-04 05:38:55] [PERF-DAY] 5주차 35일차 처리 0.251s (stype='휴식' | 그주마지막날=True | 경기있음=False | 부상=True)
[09-04 05:38:55] [AI리그] 6주차 5734경기, OVR캐시 11393→11393) 세부: 경기조회 0.015s | 시뮬루프 0.041s | executemany(5734건) 0.013s | teams반영+commit 0.042s
[09-04 05:38:55] [주 마무리] 6주차 0.24s (국제대회 0.00s | 챔스 0.00s | 클럽WC 0.00s | 국내컵 0.12s | 리그시뮬 0.11s)
[09-04 05:38:55] [PERF-DAY] 6주차 42일차 처리 0.238s (stype='휴식' | 그주마지막날=True | 경기있음=False | 부상=False)
[09-04 05:38:55] [AI리그] 7주차 5801경기, OVR캐시 11393→11393) 세부: 경기조회 0.015s | 시뮬루프 0.046s | executemany(5801건) 0.013s | teams반영+commit 0.039s
[09-04 05:38:55] [주 마무리] 7주차 0.21s (국제대회 0.00s | 챔스 0.00s | 클럽WC 0.00s | 국내컵 0.10s | 리그시뮬 0.11s)
[09-04 05:38:56] [PERF-DAY] 7주차 49일차 처리 0.298s (stype='휴식' | 그주마지막날=True | 경기있음=False | 부상=False)
[09-04 05:38:56] [진행 총계] 0.30초
[09-04 05:38:56] [AI리그] 8주차 5757경기, OVR캐시 11393→11393) 세부: 경기조회 0.016s | 시뮬루프 0.046s | executemany(5757건) 0.012s | teams반영+commit 0.037s
[09-04 05:38:56] [주 마무리] 8주차 0.12s (국제대회 0.00s | 챔스 0.00s | 클럽WC 0.00s | 국내컵 0.00s | 리그시뮬 0.11s)
[09-04 05:38:56] [PERF-DAY] 8주차 56일차 처리 0.119s (stype='휴식' | 그주마지막날=True | 경기있음=False | 부상=False)
[09-04 05:38:56] [AI리그] 9주차 5731경기, OVR캐시 11393→11393) 세부: 경기조회 0.014s | 시뮬루프 0.041s | executemany(5731건) 0.013s | teams반영+commit 0.039s
[09-04 05:38:56] [주 마무리] 9주차 0.14s (국제대회 0.00s | 챔스 0.03s | 클럽WC 0.00s | 국내컵 0.00s | 리그시뮬 0.11s)
[09-04 05:38:56] [PERF-DAY] 9주차 63일차 처리 0.140s (stype='휴식' | 그주마지막날=True | 경기있음=False | 부상=False)
[09-04 05:38:56] [AI리그] 10주차 5766경기, OVR캐시 11393→11393) 세부: 경기조회 0.014s | 시뮬루프 0.048s | executemany(5766건) 0.013s | teams반영+commit 0.040s
[09-04 05:38:56] [주 마무리] 10주차 0.14s (국제대회 0.00s | 챔스 0.02s | 클럽WC 0.00s | 국내컵 0.00s | 리그시뮬 0.12s)
[09-04 05:38:56] [PERF-DAY] 10주차 70일차 처리 0.144s (stype='휴식' | 그주마지막날=True | 경기있음=False | 부상=False)
[09-04 05:38:56] [AI리그] 11주차 5618경기, OVR캐시 11393→11393) 세부: 경기조회 0.014s | 시뮬루프 0.042s | executemany(5618건) 0.013s | teams반영+commit 0.040s
[09-04 05:38:56] [주 마무리] 11주차 0.14s (국제대회 0.00s | 챔스 0.02s | 클럽WC 0.00s | 국내컵 0.00s | 리그시뮬 0.11s)
[09-04 05:38:56] [PERF-DAY] 11주차 77일차 처리 0.139s (stype='휴식' | 그주마지막날=True | 경기있음=False | 부상=False)
[09-04 05:38:57] [AI리그] 12주차 5609경기, OVR캐시 11393→11393) 세부: 경기조회 0.014s | 시뮬루프 0.043s | executemany(5609건) 0.012s | teams반영+commit 0.033s
[09-04 05:38:57] [주 마무리] 12주차 0.13s (국제대회 0.00s | 챔스 0.03s | 클럽WC 0.00s | 국내컵 0.00s | 리그시뮬 0.10s)
[09-04 05:38:57] [PERF-DAY] 12주차 84일차 처리 0.132s (stype='휴식' | 그주마지막날=True | 경기있음=False | 부상=False)
[09-04 05:38:57] [AI리그] 13주차 5233경기, OVR캐시 11393→11393) 세부: 경기조회 0.013s | 시뮬루프 0.047s | executemany(5233건) 0.011s | teams반영+commit 0.030s
[09-04 05:38:57] [주 마무리] 13주차 0.13s (국제대회 0.00s | 챔스 0.02s | 클럽WC 0.00s | 국내컵 0.00s | 리그시뮬 0.10s)
[09-04 05:38:57] [PERF-DAY] 13주차 91일차 처리 0.130s (stype='휴식' | 그주마지막날=True | 경기있음=False | 부상=False)
[09-04 05:38:57] [AI리그] 14주차 5527경기, OVR캐시 11393→11393) 세부: 경기조회 0.013s | 시뮬루프 0.041s | executemany(5527건) 0.011s | teams반영+commit 0.029s
[09-04 05:38:57] [주 마무리] 14주차 0.12s (국제대회 0.00s | 챔스 0.02s | 클럽WC 0.00s | 국내컵 0.00s | 리그시뮬 0.10s)
[09-04 05:38:57] [PERF-DAY] 14주차 98일차 처리 0.123s (stype='휴식' | 그주마지막날=True | 경기있음=False | 부상=True)
[09-04 05:38:57] [AI리그] 15주차 5747경기, OVR캐시 11393→11393) 세부: 경기조회 0.013s | 시뮬루프 0.044s | executemany(5747건) 0.013s | teams반영+commit 0.037s
[09-04 05:38:57] [주 마무리] 15주차 0.13s (국제대회 0.00s | 챔스 0.02s | 클럽WC 0.00s | 국내컵 0.00s | 리그시뮬 0.11s)
[09-04 05:38:57] [PERF-DAY] 15주차 105일차 처리 0.135s (stype='휴식' | 그주마지막날=True | 경기있음=False | 부상=False)
[09-04 05:38:57] [AI리그] 16주차 5732경기, OVR캐시 11393→11393) 세부: 경기조회 0.013s | 시뮬루프 0.046s | executemany(5732건) 0.013s | teams반영+commit 0.034s
[09-04 05:38:57] [주 마무리] 16주차 0.16s (국제대회 0.00s | 챔스 0.05s | 클럽WC 0.00s | 국내컵 0.00s | 리그시뮬 0.11s)
[09-04 05:38:57] [PERF-DAY] 16주차 112일차 처리 0.157s (stype='휴식' | 그주마지막날=True | 경기있음=False | 부상=False)
[09-04 05:38:57] [AI리그] 17주차 5482경기, OVR캐시 11393→11393) 세부: 경기조회 0.012s | 시뮬루프 0.041s | executemany(5482건) 0.012s | teams반영+commit 0.036s
[09-04 05:38:57] [주 마무리] 17주차 0.11s (국제대회 0.00s | 챔스 0.00s | 클럽WC 0.00s | 국내컵 0.00s | 리그시뮬 0.10s)
[09-04 05:38:57] [PERF-DAY] 17주차 119일차 처리 0.109s (stype='휴식' | 그주마지막날=True | 경기있음=False | 부상=False)
[09-04 05:38:58] [AI리그] 18주차 5384경기, OVR캐시 11393→11393) 세부: 경기조회 0.012s | 시뮬루프 0.047s | executemany(5384건) 0.012s | teams반영+commit 0.034s
[09-04 05:38:58] [주 마무리] 18주차 0.14s (국제대회 0.00s | 챔스 0.03s | 클럽WC 0.00s | 국내컵 0.00s | 리그시뮬 0.11s)
[09-04 05:38:58] [PERF-DAY] 18주차 126일차 처리 0.138s (stype='휴식' | 그주마지막날=True | 경기있음=False | 부상=False)
[09-04 05:38:58] [AI리그] 19주차 3886경기, OVR캐시 11393→11393) 세부: 경기조회 0.010s | 시뮬루프 0.029s | executemany(3886건) 0.009s | teams반영+commit 0.025s
[09-04 05:38:58] [주 마무리] 19주차 0.08s (국제대회 0.00s | 챔스 0.00s | 클럽WC 0.00s | 국내컵 0.00s | 리그시뮬 0.07s)
[09-04 05:38:58] [PERF-DAY] 19주차 133일차 처리 0.081s (stype='휴식' | 그주마지막날=True | 경기있음=False | 부상=False)
[09-04 05:38:58] [AI리그] 20주차 3343경기, OVR캐시 11393→11393) 세부: 경기조회 0.010s | 시뮬루프 0.026s | executemany(3343건) 0.007s | teams반영+commit 0.020s
[09-04 05:38:58] [주 마무리] 20주차 0.09s (국제대회 0.00s | 챔스 0.02s | 클럽WC 0.00s | 국내컵 0.00s | 리그시뮬 0.06s)
[09-04 05:38:58] [PERF-DAY] 20주차 140일차 처리 0.087s (stype='휴식' | 그주마지막날=True | 경기있음=False | 부상=False)
[09-04 05:38:58] [AI리그] 21주차 2934경기, OVR캐시 11393→11393) 세부: 경기조회 0.009s | 시뮬루프 0.023s | executemany(2934건) 0.007s | teams반영+commit 0.019s
[09-04 05:38:58] [주 마무리] 21주차 0.07s (국제대회 0.00s | 챔스 0.01s | 클럽WC 0.00s | 국내컵 0.00s | 리그시뮬 0.06s)
[09-04 05:38:58] [PERF-DAY] 21주차 147일차 처리 0.075s (stype='휴식' | 그주마지막날=True | 경기있음=False | 부상=False)
[09-04 05:38:58] [AI리그] 22주차 2779경기, OVR캐시 11393→11393) 세부: 경기조회 0.009s | 시뮬루프 0.022s | executemany(2779건) 0.007s | teams반영+commit 0.018s
[09-04 05:38:58] [주 마무리] 22주차 0.07s (국제대회 0.00s | 챔스 0.01s | 클럽WC 0.00s | 국내컵 0.00s | 리그시뮬 0.06s)
[09-04 05:38:58] [PERF-DAY] 22주차 154일차 처리 0.070s (stype='휴식' | 그주마지막날=True | 경기있음=False | 부상=False)
[09-04 05:38:59] [AI리그] 23주차 2291경기, OVR캐시 11393→11393) 세부: 경기조회 0.010s | 시뮬루프 0.023s | executemany(2291건) 0.006s | teams반영+commit 0.015s
[09-04 05:38:59] [주 마무리] 23주차 0.07s (국제대회 0.00s | 챔스 0.01s | 클럽WC 0.00s | 국내컵 0.00s | 리그시뮬 0.05s)
[09-04 05:38:59] [PERF-DAY] 23주차 161일차 처리 0.072s (stype='휴식' | 그주마지막날=True | 경기있음=False | 부상=False)
[09-04 05:38:59] [PERF-WEEKTAIL] 24주차: _pay_salary 0.000s | _advance_week 0.184s
[09-04 05:38:59] [PERF-DAY] 24주차 168일차 처리 0.231s (stype='휴식' | 그주마지막날=True | 경기있음=False | 부상=False)
[09-04 05:39:00] [PERF-DAILYHOOK] 26주차 176일차: process_intl_week 1.481s | process_cwc_week 0.000s
[09-04 05:39:00] [PERF-DAY] 26주차 176일차 처리 1.483s (stype='고강도' | 그주마지막날=False | 경기있음=False | 부상=True)
[09-04 05:39:00] [PERF-DAILYHOOK] 26주차 178일차: process_intl_week 0.064s | process_cwc_week 0.000s
[09-04 05:39:00] [PERF-DAY] 26주차 178일차 처리 0.066s (stype='고강도' | 그주마지막날=False | 경기있음=False | 부상=True)
[09-04 05:39:00] [PERF-DAILYHOOK] 26주차 180일차: process_intl_week 0.067s | process_cwc_week 0.000s
[09-04 05:39:00] [PERF-DAY] 26주차 180일차 처리 0.069s (stype='고강도' | 그주마지막날=False | 경기있음=False | 부상=False)
[09-04 05:39:01] [진행 총계] 1.67초
[09-04 05:39:04] [PERF-WEEKTAIL] 28주차: _pay_salary 0.000s | _advance_week 2.680s
[09-04 05:39:04] [PERF-DAY] 28주차 196일차 처리 2.694s (stype='휴식' | 그주마지막날=True | 경기있음=False | 부상=False)
[09-04 05:39:04] [진행 총계] 2.72초
[09-04 05:39:04] [AI리그] 29주차 4943경기, OVR캐시 11393→11393) 세부: 경기조회 0.011s | 시뮬루프 0.038s | executemany(4943건) 0.012s | teams반영+commit 0.031s
[09-04 05:39:04] [주 마무리] 29주차 0.09s (국제대회 0.00s | 챔스 0.00s | 클럽WC 0.00s | 국내컵 0.00s | 리그시뮬 0.09s)
[09-04 05:39:04] [PERF-DAY] 29주차 203일차 처리 0.100s (stype='휴식' | 그주마지막날=True | 경기있음=False | 부상=False)
[09-04 05:39:04] [AI리그] 30주차 6683경기, OVR캐시 11393→11393) 세부: 경기조회 0.010s | 시뮬루프 0.046s | executemany(6683건) 0.014s | teams반영+commit 0.034s
[09-04 05:39:04] [주 마무리] 30주차 0.18s (국제대회 0.00s | 챔스 0.00s | 클럽WC 0.00s | 국내컵 0.07s | 리그시뮬 0.11s)
[09-04 05:39:04] [PERF-DAY] 30주차 210일차 처리 0.181s (stype='휴식' | 그주마지막날=True | 경기있음=False | 부상=False)
[09-04 05:39:05] [AI리그] 31주차 6722경기, OVR캐시 11393→11393) 세부: 경기조회 0.010s | 시뮬루프 0.048s | executemany(6722건) 0.015s | teams반영+commit 0.033s
[09-04 05:39:05] [주 마무리] 31주차 0.11s (국제대회 0.00s | 챔스 0.00s | 클럽WC 0.00s | 국내컵 0.00s | 리그시뮬 0.11s)
[09-04 05:39:05] [PERF-DAY] 31주차 217일차 처리 0.115s (stype='휴식' | 그주마지막날=True | 경기있음=False | 부상=False)
[09-04 05:39:05] [AI리그] 32주차 6569경기, OVR캐시 11393→11393) 세부: 경기조회 0.009s | 시뮬루프 0.047s | executemany(6569건) 0.015s | teams반영+commit 0.037s
[09-04 05:39:05] [주 마무리] 32주차 0.18s (국제대회 0.00s | 챔스 0.00s | 클럽WC 0.00s | 국내컵 0.07s | 리그시뮬 0.11s)
[09-04 05:39:05] [PERF-DAY] 32주차 224일차 처리 0.182s (stype='휴식' | 그주마지막날=True | 경기있음=False | 부상=False)
[09-04 05:39:05] [AI리그] 33주차 6949경기, OVR캐시 11393→11393) 세부: 경기조회 0.010s | 시뮬루프 0.048s | executemany(6949건) 0.016s | teams반영+commit 0.040s
[09-04 05:39:05] [주 마무리] 33주차 0.12s (국제대회 0.00s | 챔스 0.00s | 클럽WC 0.00s | 국내컵 0.00s | 리그시뮬 0.12s)
[09-04 05:39:05] [PERF-DAY] 33주차 231일차 처리 0.122s (stype='휴식' | 그주마지막날=True | 경기있음=False | 부상=False)
[09-04 05:39:05] [AI리그] 34주차 6515경기, OVR캐시 11393→11393) 세부: 경기조회 0.009s | 시뮬루프 0.045s | executemany(6515건) 0.015s | teams반영+commit 0.038s
[09-04 05:39:05] [주 마무리] 34주차 0.16s (국제대회 0.00s | 챔스 0.00s | 클럽WC 0.00s | 국내컵 0.05s | 리그시뮬 0.11s)
[09-04 05:39:05] [PERF-DAY] 34주차 238일차 처리 0.165s (stype='휴식' | 그주마지막날=True | 경기있음=False | 부상=False)
[09-04 05:39:06] [AI리그] 35주차 6888경기, OVR캐시 11393→11393) 세부: 경기조회 0.009s | 시뮬루프 0.049s | executemany(6888건) 0.016s | teams반영+commit 0.039s
[09-04 05:39:06] [주 마무리] 35주차 0.12s (국제대회 0.00s | 챔스 0.00s | 클럽WC 0.00s | 국내컵 0.00s | 리그시뮬 0.11s)
[09-04 05:39:06] [PERF-DAY] 35주차 245일차 처리 0.121s (stype='휴식' | 그주마지막날=True | 경기있음=False | 부상=False)
[09-04 05:39:06] [AI리그] 36주차 7137경기, OVR캐시 11393→11393) 세부: 경기조회 0.008s | 시뮬루프 0.049s | executemany(7137건) 0.016s | teams반영+commit 0.038s
[09-04 05:39:06] [주 마무리] 36주차 0.16s (국제대회 0.00s | 챔스 0.00s | 클럽WC 0.00s | 국내컵 0.05s | 리그시뮬 0.11s)
[09-04 05:39:06] [PERF-DAY] 36주차 252일차 처리 0.165s (stype='휴식' | 그주마지막날=True | 경기있음=False | 부상=False)
[09-04 05:39:06] [AI리그] 37주차 6556경기, OVR캐시 11393→11393) 세부: 경기조회 0.008s | 시뮬루프 0.049s | executemany(6556건) 0.014s | teams반영+commit 0.036s
[09-04 05:39:06] [주 마무리] 37주차 0.11s (국제대회 0.00s | 챔스 0.00s | 클럽WC 0.00s | 국내컵 0.00s | 리그시뮬 0.11s)
[09-04 05:39:06] [PERF-DAY] 37주차 259일차 처리 0.115s (stype='휴식' | 그주마지막날=True | 경기있음=False | 부상=False)
[09-04 05:39:06] [AI리그] 38주차 6730경기, OVR캐시 11393→11393) 세부: 경기조회 0.007s | 시뮬루프 0.047s | executemany(6730건) 0.014s | teams반영+commit 0.032s
[09-04 05:39:06] [주 마무리] 38주차 0.16s (국제대회 0.00s | 챔스 0.00s | 클럽WC 0.00s | 국내컵 0.06s | 리그시뮬 0.10s)
[09-04 05:39:06] [PERF-DAY] 38주차 266일차 처리 0.170s (stype='휴식' | 그주마지막날=True | 경기있음=False | 부상=False)
[09-04 05:39:07] [AI리그] 39주차 6855경기, OVR캐시 11393→11393) 세부: 경기조회 0.007s | 시뮬루프 0.047s | executemany(6855건) 0.014s | teams반영+commit 0.033s
[09-04 05:39:07] [주 마무리] 39주차 0.10s (국제대회 0.00s | 챔스 0.00s | 클럽WC 0.00s | 국내컵 0.00s | 리그시뮬 0.10s)
[09-04 05:39:07] [PERF-DAY] 39주차 273일차 처리 0.109s (stype='휴식' | 그주마지막날=True | 경기있음=False | 부상=False)
[09-04 05:39:07] [AI리그] 40주차 6844경기, OVR캐시 11393→11393) 세부: 경기조회 0.006s | 시뮬루프 0.045s | executemany(6844건) 0.014s | teams반영+commit 0.035s
[09-04 05:39:07] [주 마무리] 40주차 0.13s (국제대회 0.00s | 챔스 0.00s | 클럽WC 0.00s | 국내컵 0.02s | 리그시뮬 0.10s)
[09-04 05:39:07] [PERF-DAY] 40주차 280일차 처리 0.132s (stype='휴식' | 그주마지막날=True | 경기있음=False | 부상=False)
[09-04 05:39:07] [AI리그] 41주차 6841경기, OVR캐시 11393→11393) 세부: 경기조회 0.006s | 시뮬루프 0.048s | executemany(6841건) 0.015s | teams반영+commit 0.035s
[09-04 05:39:07] [주 마무리] 41주차 0.11s (국제대회 0.00s | 챔스 0.00s | 클럽WC 0.00s | 국내컵 0.00s | 리그시뮬 0.11s)
[09-04 05:39:07] [PERF-DAY] 41주차 287일차 처리 0.112s (stype='휴식' | 그주마지막날=True | 경기있음=False | 부상=False)
[09-04 05:39:07] [AI리그] 42주차 6742경기, OVR캐시 11393→11393) 세부: 경기조회 0.005s | 시뮬루프 0.045s | executemany(6742건) 0.014s | teams반영+commit 0.033s
[09-04 05:39:07] [주 마무리] 42주차 0.11s (국제대회 0.00s | 챔스 0.00s | 클럽WC 0.00s | 국내컵 0.01s | 리그시뮬 0.10s)
[09-04 05:39:07] [PERF-DAY] 42주차 294일차 처리 0.111s (stype='휴식' | 그주마지막날=True | 경기있음=False | 부상=False)
[09-04 05:39:09] [PERF-PROMO] _process_promotion_relegation 세부: my_player/season조회 0.001s | teams+leagues조회 0.013s | standings계산(710개리그) 0.276s | ai_players OVR스캔 0.231s | 승강판정루프(211개국) 0.028s | executemany(1212건) 0.017s | 리스케일(1212건) 0.311s | commit/close 0.312s | 캐시무효화 0.000s
[09-04 05:39:09] [PERF-SEASON] finalize_club_season 세부: finish_incomplete_matches=0.046s | promotion_relegation=1.197s
[09-04 05:39:09] [PERF-YEAR] 43주차(CLUB_SEASON_END_DAY) 세부: finalize_club_season=1.244s | promotion_playoffs=0.023s | PRAGMA optimize=0.000s
[09-04 05:39:09] [PERF-DAY] 43주차 300일차 처리 1.284s (stype='휴식' | 그주마지막날=False | 경기있음=False | 부상=True)
[09-04 05:39:09] [진행 총계] 1.33초
[09-04 05:39:09] [PERF-DAILYHOOK] 44주차 306일차: process_po_week 0.068s
[09-04 05:39:09] [PERF-DAY] 44주차 306일차 처리 0.070s (stype='고강도' | 그주마지막날=False | 경기있음=False | 부상=True)
[09-04 05:39:10] [PERF]   _end_of_season 세부: AI생애주기 0.00s (승강제 타이밍은 43주 _finalize_club_season으로 이동 — 여기 안 잡힘)
[09-04 05:39:12] [PERF]   일정생성 세부: 아카이브이동 1.57s | 완비판정조회 0.01s | 기존경기dedup조회 0.00s | 일정계산 0.21s | INSERT+commit 0.39s | (대상리그 710개, 신규경기 201400건)
[09-04 05:39:12] [PERF]   인덱스재생성 0.36s
[09-04 05:39:14] [PERF] 연도전환 총 4.09s (커리어정리 0.00s | _end_of_season 0.02s | 일정생성 2.55s | 파워랭킹 1.52s | PRAGMA optimize 0.00s)
[09-04 05:39:14] [PERF-WEEKTAIL] 52주차: _pay_salary 0.000s | _advance_week 4.087s
[09-04 05:39:14] [PERF-DAY] 52주차 364일차 처리 4.089s (stype='휴식' | 그주마지막날=True | 경기있음=False | 부상=False)
[09-04 05:39:14] [진행 총계] 4.10초
[09-04 05:48:39] [PERF]   일정생성 세부: 아카이브이동 0.00s | 완비판정조회 0.01s | 기존경기dedup조회 0.00s | 일정계산 0.21s | INSERT+commit 0.35s | (대상리그 710개, 신규경기 201400건)
[09-04 05:48:39] [PERF]   인덱스재생성 0.38s
[09-04 05:48:48] [AI리그] 4주차 4527경기, OVR캐시 0→9054) 세부: 경기조회 0.014s | 시뮬루프 0.377s | executemany(4527건) 0.011s | teams반영+commit 0.030s
[09-04 05:48:48] [주 마무리] 4주차 0.43s (국제대회 0.00s | 챔스 0.00s | 클럽WC 0.00s | 국내컵 0.00s | 리그시뮬 0.43s)
[09-04 05:48:48] [PERF-WEEKTAIL] 4주차: _pay_salary 0.000s | _advance_week 0.156s
[09-04 05:48:48] [PERF-DAY] 4주차 28일차 처리 0.592s (stype='휴식' | 그주마지막날=True | 경기있음=False | 부상=False)
[09-04 05:48:48] [진행 총계] 0.60초
[09-04 05:48:48] [AI리그] 5주차 5771경기, OVR캐시 11263→11393) 세부: 경기조회 0.015s | 시뮬루프 0.173s | executemany(5771건) 0.014s | teams반영+commit 0.039s
[09-04 05:48:48] [주 마무리] 5주차 0.37s (국제대회 0.00s | 챔스 0.00s | 클럽WC 0.00s | 국내컵 0.12s | 리그시뮬 0.24s)
[09-04 05:48:48] [PERF-DAY] 5주차 35일차 처리 0.368s (stype='휴식' | 그주마지막날=True | 경기있음=False | 부상=False)
[09-04 05:48:48] [진행 총계] 0.37초
[09-04 05:48:49] [AI리그] 6주차 5734경기, OVR캐시 11393→11393) 세부: 경기조회 0.014s | 시뮬루프 0.153s | executemany(5734건) 0.013s | teams반영+commit 0.040s
[09-04 05:48:49] [주 마무리] 6주차 0.34s (국제대회 0.00s | 챔스 0.00s | 클럽WC 0.00s | 국내컵 0.12s | 리그시뮬 0.22s)
[09-04 05:48:49] [PERF-DAY] 6주차 42일차 처리 0.344s (stype='휴식' | 그주마지막날=True | 경기있음=False | 부상=False)
[09-04 05:48:49] [진행 총계] 0.35초
[09-04 05:48:49] [AI리그] 7주차 5801경기, OVR캐시 11393→11393) 세부: 경기조회 0.014s | 시뮬루프 0.152s | executemany(5801건) 0.013s | teams반영+commit 0.040s
[09-04 05:48:49] [주 마무리] 7주차 0.31s (국제대회 0.00s | 챔스 0.00s | 클럽WC 0.00s | 국내컵 0.09s | 리그시뮬 0.22s)
[09-04 05:48:49] [PERF-DAY] 7주차 49일차 처리 0.355s (stype='휴식' | 그주마지막날=True | 경기있음=False | 부상=False)
[09-04 05:48:49] [진행 총계] 0.36초
[09-04 05:48:49] [AI리그] 8주차 5757경기, OVR캐시 11393→11393) 세부: 경기조회 0.014s | 시뮬루프 0.151s | executemany(5757건) 0.012s | teams반영+commit 0.035s
[09-04 05:48:49] [주 마무리] 8주차 0.22s (국제대회 0.00s | 챔스 0.00s | 클럽WC 0.00s | 국내컵 0.00s | 리그시뮬 0.21s)
[09-04 05:48:49] [PERF-DAY] 8주차 56일차 처리 0.219s (stype='휴식' | 그주마지막날=True | 경기있음=False | 부상=False)
[09-04 05:48:50] [AI리그] 9주차 5731경기, OVR캐시 11393→11393) 세부: 경기조회 0.014s | 시뮬루프 0.149s | executemany(5731건) 0.011s | teams반영+commit 0.032s
[09-04 05:48:50] [주 마무리] 9주차 0.24s (국제대회 0.00s | 챔스 0.03s | 클럽WC 0.00s | 국내컵 0.00s | 리그시뮬 0.21s)
[09-04 05:48:50] [PERF-DAY] 9주차 63일차 처리 0.240s (stype='휴식' | 그주마지막날=True | 경기있음=False | 부상=False)
[09-04 05:48:50] [AI리그] 10주차 5766경기, OVR캐시 11393→11393) 세부: 경기조회 0.013s | 시뮬루프 0.149s | executemany(5766건) 0.013s | teams반영+commit 0.038s
[09-04 05:48:50] [주 마무리] 10주차 0.24s (국제대회 0.00s | 챔스 0.02s | 클럽WC 0.00s | 국내컵 0.00s | 리그시뮬 0.21s)
[09-04 05:48:50] [PERF-DAY] 10주차 70일차 처리 0.242s (stype='휴식' | 그주마지막날=True | 경기있음=False | 부상=False)
[09-04 05:48:50] [AI리그] 11주차 5618경기, OVR캐시 11393→11393) 세부: 경기조회 0.013s | 시뮬루프 0.148s | executemany(5618건) 0.013s | teams반영+commit 0.036s
[09-04 05:48:50] [주 마무리] 11주차 0.24s (국제대회 0.00s | 챔스 0.02s | 클럽WC 0.00s | 국내컵 0.00s | 리그시뮬 0.21s)
[09-04 05:48:50] [PERF-DAY] 11주차 77일차 처리 0.238s (stype='휴식' | 그주마지막날=True | 경기있음=False | 부상=False)
[09-04 05:48:51] [AI리그] 12주차 5609경기, OVR캐시 11393→11393) 세부: 경기조회 0.013s | 시뮬루프 0.147s | executemany(5609건) 0.013s | teams반영+commit 0.038s
[09-04 05:48:51] [주 마무리] 12주차 0.24s (국제대회 0.00s | 챔스 0.02s | 클럽WC 0.00s | 국내컵 0.00s | 리그시뮬 0.21s)
[09-04 05:48:51] [PERF-DAY] 12주차 84일차 처리 0.240s (stype='휴식' | 그주마지막날=True | 경기있음=False | 부상=False)
[09-04 05:48:51] [AI리그] 13주차 5233경기, OVR캐시 11393→11393) 세부: 경기조회 0.012s | 시뮬루프 0.145s | executemany(5233건) 0.013s | teams반영+commit 0.036s
[09-04 05:48:51] [주 마무리] 13주차 0.23s (국제대회 0.00s | 챔스 0.02s | 클럽WC 0.00s | 국내컵 0.00s | 리그시뮬 0.21s)
[09-04 05:48:51] [PERF-DAY] 13주차 91일차 처리 0.234s (stype='휴식' | 그주마지막날=True | 경기있음=False | 부상=False)
[09-04 05:48:51] [AI리그] 14주차 5527경기, OVR캐시 11393→11393) 세부: 경기조회 0.012s | 시뮬루프 0.141s | executemany(5527건) 0.013s | teams반영+commit 0.036s
[09-04 05:48:51] [주 마무리] 14주차 0.23s (국제대회 0.00s | 챔스 0.02s | 클럽WC 0.00s | 국내컵 0.00s | 리그시뮬 0.20s)
[09-04 05:48:51] [PERF-DAY] 14주차 98일차 처리 0.232s (stype='휴식' | 그주마지막날=True | 경기있음=False | 부상=False)
[09-04 05:48:52] [AI리그] 15주차 5747경기, OVR캐시 11393→11393) 세부: 경기조회 0.012s | 시뮬루프 0.166s | executemany(5747건) 0.015s | teams반영+commit 0.039s
[09-04 05:48:52] [주 마무리] 15주차 0.26s (국제대회 0.00s | 챔스 0.02s | 클럽WC 0.00s | 국내컵 0.00s | 리그시뮬 0.23s)
[09-04 05:48:52] [PERF-DAY] 15주차 105일차 처리 0.260s (stype='휴식' | 그주마지막날=True | 경기있음=False | 부상=False)
[09-04 05:48:52] [AI리그] 16주차 5732경기, OVR캐시 11393→11393) 세부: 경기조회 0.012s | 시뮬루프 0.154s | executemany(5732건) 0.013s | teams반영+commit 0.038s
[09-04 05:48:52] [주 마무리] 16주차 0.27s (국제대회 0.00s | 챔스 0.05s | 클럽WC 0.00s | 국내컵 0.00s | 리그시뮬 0.22s)
[09-04 05:48:52] [PERF-DAY] 16주차 112일차 처리 0.269s (stype='휴식' | 그주마지막날=True | 경기있음=False | 부상=False)
[09-04 05:48:52] [AI리그] 17주차 5482경기, OVR캐시 11393→11393) 세부: 경기조회 0.011s | 시뮬루프 0.150s | executemany(5482건) 0.013s | teams반영+commit 0.038s
[09-04 05:48:52] [주 마무리] 17주차 0.22s (국제대회 0.00s | 챔스 0.00s | 클럽WC 0.00s | 국내컵 0.00s | 리그시뮬 0.21s)
[09-04 05:48:52] [PERF-DAY] 17주차 119일차 처리 0.219s (stype='휴식' | 그주마지막날=True | 경기있음=False | 부상=False)
[09-04 05:48:52] [AI리그] 18주차 5384경기, OVR캐시 11393→11393) 세부: 경기조회 0.012s | 시뮬루프 0.144s | executemany(5384건) 0.011s | teams반영+commit 0.027s
[09-04 05:48:52] [주 마무리] 18주차 0.22s (국제대회 0.00s | 챔스 0.03s | 클럽WC 0.00s | 국내컵 0.00s | 리그시뮬 0.20s)
[09-04 05:48:52] [PERF-DAY] 18주차 126일차 처리 0.224s (stype='휴식' | 그주마지막날=True | 경기있음=False | 부상=False)
[09-04 05:48:53] [AI리그] 19주차 3886경기, OVR캐시 11393→11393) 세부: 경기조회 0.010s | 시뮬루프 0.101s | executemany(3886건) 0.008s | teams반영+commit 0.019s
[09-04 05:48:53] [주 마무리] 19주차 0.14s (국제대회 0.00s | 챔스 0.00s | 클럽WC 0.00s | 국내컵 0.00s | 리그시뮬 0.14s)
[09-04 05:48:53] [PERF-DAY] 19주차 133일차 처리 0.145s (stype='휴식' | 그주마지막날=True | 경기있음=False | 부상=False)
[09-04 05:48:53] [AI리그] 20주차 3343경기, OVR캐시 11393→11393) 세부: 경기조회 0.009s | 시뮬루프 0.088s | executemany(3343건) 0.008s | teams반영+commit 0.021s
[09-04 05:48:53] [주 마무리] 20주차 0.15s (국제대회 0.00s | 챔스 0.02s | 클럽WC 0.00s | 국내컵 0.00s | 리그시뮬 0.13s)
[09-04 05:48:53] [PERF-DAY] 20주차 140일차 처리 0.149s (stype='휴식' | 그주마지막날=True | 경기있음=False | 부상=False)
[09-04 05:48:53] [AI리그] 21주차 2934경기, OVR캐시 11393→11393) 세부: 경기조회 0.009s | 시뮬루프 0.083s | executemany(2934건) 0.007s | teams반영+commit 0.020s
[09-04 05:48:53] [주 마무리] 21주차 0.14s (국제대회 0.00s | 챔스 0.01s | 클럽WC 0.00s | 국내컵 0.00s | 리그시뮬 0.12s)
[09-04 05:48:53] [PERF-DAY] 21주차 147일차 처리 0.138s (stype='휴식' | 그주마지막날=True | 경기있음=False | 부상=False)
[09-04 05:48:53] [AI리그] 22주차 2779경기, OVR캐시 11393→11393) 세부: 경기조회 0.009s | 시뮬루프 0.075s | executemany(2779건) 0.007s | teams반영+commit 0.018s
[09-04 05:48:53] [주 마무리] 22주차 0.12s (국제대회 0.00s | 챔스 0.01s | 클럽WC 0.00s | 국내컵 0.00s | 리그시뮬 0.11s)
[09-04 05:48:53] [PERF-DAY] 22주차 154일차 처리 0.123s (stype='휴식' | 그주마지막날=True | 경기있음=False | 부상=False)
[09-04 05:48:53] [AI리그] 23주차 2291경기, OVR캐시 11393→11393) 세부: 경기조회 0.008s | 시뮬루프 0.060s | executemany(2291건) 0.006s | teams반영+commit 0.015s
[09-04 05:48:53] [주 마무리] 23주차 0.10s (국제대회 0.00s | 챔스 0.01s | 클럽WC 0.00s | 국내컵 0.00s | 리그시뮬 0.09s)
[09-04 05:48:53] [PERF-DAY] 23주차 161일차 처리 0.108s (stype='휴식' | 그주마지막날=True | 경기있음=False | 부상=False)
[09-04 05:48:54] [AI리그] 24주차 2602경기, OVR캐시 11393→11393) 세부: 경기조회 0.008s | 시뮬루프 0.050s | executemany(2602건) 0.006s | teams반영+commit 0.009s
[09-04 05:48:54] [주 마무리] 24주차 0.08s (국제대회 0.00s | 챔스 0.00s | 클럽WC 0.00s | 국내컵 0.00s | 리그시뮬 0.08s)
[09-04 05:48:54] [PERF-DAY] 24주차 168일차 처리 0.078s (stype='휴식' | 그주마지막날=True | 경기있음=False | 부상=False)
[09-04 05:48:54] [PERF-DAILYHOOK] 25주차 169일차: process_intl_week 0.416s | process_cwc_week 0.000s
[09-04 05:48:54] [PERF-DAY] 25주차 169일차 처리 0.418s (stype='고강도' | 그주마지막날=False | 경기있음=False | 부상=False)
[09-04 05:48:54] [진행 총계] 0.45초
[09-04 05:48:57] [PERF-WEEKTAIL] 28주차: _pay_salary 0.000s | _advance_week 2.643s
[09-04 05:48:57] [PERF-DAY] 28주차 196일차 처리 2.653s (stype='휴식' | 그주마지막날=True | 경기있음=False | 부상=False)
[09-04 05:48:57] [진행 총계] 2.66초
[09-04 05:48:57] [AI리그] 29주차 4943경기, OVR캐시 11393→11393) 세부: 경기조회 0.010s | 시뮬루프 0.131s | executemany(4943건) 0.011s | teams반영+commit 0.029s
[09-04 05:48:57] [주 마무리] 29주차 0.18s (국제대회 0.00s | 챔스 0.00s | 클럽WC 0.00s | 국내컵 0.00s | 리그시뮬 0.18s)
[09-04 05:48:57] [PERF-DAY] 29주차 203일차 처리 0.186s (stype='휴식' | 그주마지막날=True | 경기있음=False | 부상=False)
[09-04 05:48:58] [AI리그] 30주차 6683경기, OVR캐시 11393→11393) 세부: 경기조회 0.010s | 시뮬루프 0.162s | executemany(6683건) 0.015s | teams반영+commit 0.033s
[09-04 05:48:58] [주 마무리] 30주차 0.29s (국제대회 0.00s | 챔스 0.00s | 클럽WC 0.00s | 국내컵 0.07s | 리그시뮬 0.22s)
[09-04 05:48:58] [PERF-DAY] 30주차 210일차 처리 0.289s (stype='휴식' | 그주마지막날=True | 경기있음=False | 부상=False)
[09-04 05:48:58] [AI리그] 31주차 6722경기, OVR캐시 11393→11393) 세부: 경기조회 0.010s | 시뮬루프 0.164s | executemany(6722건) 0.015s | teams반영+commit 0.035s
[09-04 05:48:58] [주 마무리] 31주차 0.23s (국제대회 0.00s | 챔스 0.00s | 클럽WC 0.00s | 국내컵 0.00s | 리그시뮬 0.23s)
[09-04 05:48:58] [PERF-DAY] 31주차 217일차 처리 0.228s (stype='휴식' | 그주마지막날=True | 경기있음=False | 부상=False)
[09-04 05:48:58] [AI리그] 32주차 6569경기, OVR캐시 11393→11393) 세부: 경기조회 0.009s | 시뮬루프 0.164s | executemany(6569건) 0.015s | teams반영+commit 0.036s
[09-04 05:48:58] [주 마무리] 32주차 0.29s (국제대회 0.00s | 챔스 0.00s | 클럽WC 0.00s | 국내컵 0.07s | 리그시뮬 0.23s)
[09-04 05:48:58] [PERF-DAY] 32주차 224일차 처리 0.293s (stype='휴식' | 그주마지막날=True | 경기있음=False | 부상=False)
[09-04 05:48:59] [AI리그] 33주차 6949경기, OVR캐시 11393→11393) 세부: 경기조회 0.009s | 시뮬루프 0.165s | executemany(6949건) 0.016s | teams반영+commit 0.037s
[09-04 05:48:59] [주 마무리] 33주차 0.23s (국제대회 0.00s | 챔스 0.00s | 클럽WC 0.00s | 국내컵 0.00s | 리그시뮬 0.23s)
[09-04 05:48:59] [PERF-DAY] 33주차 231일차 처리 0.231s (stype='휴식' | 그주마지막날=True | 경기있음=False | 부상=False)
[09-04 05:48:59] [AI리그] 34주차 6515경기, OVR캐시 11393→11393) 세부: 경기조회 0.008s | 시뮬루프 0.159s | executemany(6515건) 0.013s | teams반영+commit 0.031s
[09-04 05:48:59] [주 마무리] 34주차 0.26s (국제대회 0.00s | 챔스 0.00s | 클럽WC 0.00s | 국내컵 0.05s | 리그시뮬 0.21s)
[09-04 05:48:59] [PERF-DAY] 34주차 238일차 처리 0.261s (stype='휴식' | 그주마지막날=True | 경기있음=False | 부상=False)
[09-04 05:48:59] [AI리그] 35주차 6888경기, OVR캐시 11393→11393) 세부: 경기조회 0.008s | 시뮬루프 0.168s | executemany(6888건) 0.015s | teams반영+commit 0.035s
[09-04 05:48:59] [주 마무리] 35주차 0.23s (국제대회 0.00s | 챔스 0.00s | 클럽WC 0.00s | 국내컵 0.00s | 리그시뮬 0.23s)
[09-04 05:48:59] [PERF-DAY] 35주차 245일차 처리 0.232s (stype='휴식' | 그주마지막날=True | 경기있음=False | 부상=False)
[09-04 05:49:00] [AI리그] 36주차 7137경기, OVR캐시 11393→11393) 세부: 경기조회 0.008s | 시뮬루프 0.173s | executemany(7137건) 0.016s | teams반영+commit 0.038s
[09-04 05:49:00] [주 마무리] 36주차 0.28s (국제대회 0.00s | 챔스 0.00s | 클럽WC 0.00s | 국내컵 0.04s | 리그시뮬 0.24s)
[09-04 05:49:00] [PERF-DAY] 36주차 252일차 처리 0.281s (stype='휴식' | 그주마지막날=True | 경기있음=False | 부상=False)
[09-04 05:49:00] [AI리그] 37주차 6556경기, OVR캐시 11393→11393) 세부: 경기조회 0.007s | 시뮬루프 0.162s | executemany(6556건) 0.015s | teams반영+commit 0.036s
[09-04 05:49:00] [주 마무리] 37주차 0.22s (국제대회 0.00s | 챔스 0.00s | 클럽WC 0.00s | 국내컵 0.00s | 리그시뮬 0.22s)
[09-04 05:49:00] [PERF-DAY] 37주차 259일차 처리 0.224s (stype='휴식' | 그주마지막날=True | 경기있음=False | 부상=False)
[09-04 05:49:00] [AI리그] 38주차 6730경기, OVR캐시 11393→11393) 세부: 경기조회 0.007s | 시뮬루프 0.165s | executemany(6730건) 0.015s | teams반영+commit 0.038s
[09-04 05:49:00] [주 마무리] 38주차 0.29s (국제대회 0.00s | 챔스 0.00s | 클럽WC 0.00s | 국내컵 0.06s | 리그시뮬 0.23s)
[09-04 05:49:00] [PERF-DAY] 38주차 266일차 처리 0.289s (stype='휴식' | 그주마지막날=True | 경기있음=False | 부상=False)
[09-04 05:49:01] [AI리그] 39주차 6855경기, OVR캐시 11393→11393) 세부: 경기조회 0.007s | 시뮬루프 0.170s | executemany(6855건) 0.016s | teams반영+commit 0.037s
[09-04 05:49:01] [주 마무리] 39주차 0.23s (국제대회 0.00s | 챔스 0.00s | 클럽WC 0.00s | 국내컵 0.00s | 리그시뮬 0.23s)
[09-04 05:49:01] [PERF-DAY] 39주차 273일차 처리 0.234s (stype='휴식' | 그주마지막날=True | 경기있음=False | 부상=False)
[09-04 05:49:01] [AI리그] 40주차 6844경기, OVR캐시 11393→11393) 세부: 경기조회 0.006s | 시뮬루프 0.163s | executemany(6844건) 0.016s | teams반영+commit 0.038s
[09-04 05:49:01] [주 마무리] 40주차 0.25s (국제대회 0.00s | 챔스 0.00s | 클럽WC 0.00s | 국내컵 0.02s | 리그시뮬 0.22s)
[09-04 05:49:01] [PERF-DAY] 40주차 280일차 처리 0.250s (stype='휴식' | 그주마지막날=True | 경기있음=False | 부상=False)
[09-04 05:49:01] [AI리그] 41주차 6841경기, OVR캐시 11393→11393) 세부: 경기조회 0.005s | 시뮬루프 0.176s | executemany(6841건) 0.017s | teams반영+commit 0.040s
[09-04 05:49:01] [주 마무리] 41주차 0.24s (국제대회 0.00s | 챔스 0.00s | 클럽WC 0.00s | 국내컵 0.00s | 리그시뮬 0.24s)
[09-04 05:49:01] [PERF-DAY] 41주차 287일차 처리 0.244s (stype='휴식' | 그주마지막날=True | 경기있음=False | 부상=False)
[09-04 05:49:01] [AI리그] 42주차 6742경기, OVR캐시 11393→11393) 세부: 경기조회 0.006s | 시뮬루프 0.167s | executemany(6742건) 0.014s | teams반영+commit 0.031s
[09-04 05:49:01] [주 마무리] 42주차 0.23s (국제대회 0.00s | 챔스 0.00s | 클럽WC 0.00s | 국내컵 0.01s | 리그시뮬 0.22s)
[09-04 05:49:01] [PERF-DAY] 42주차 294일차 처리 0.227s (stype='휴식' | 그주마지막날=True | 경기있음=False | 부상=False)
[09-04 05:49:03] [PERF-PROMO] _process_promotion_relegation 세부: my_player/season조회 0.001s | teams+leagues조회 0.011s | standings계산(710개리그) 0.269s | ai_players OVR스캔 0.198s | 승강판정루프(211개국) 0.026s | executemany(1210건) 0.014s | 리스케일(1210건) 0.334s | commit/close 0.316s | 캐시무효화 0.000s
[09-04 05:49:03] [PERF-SEASON] finalize_club_season 세부: finish_incomplete_matches=0.045s | promotion_relegation=1.177s
[09-04 05:49:03] [PERF-YEAR] 43주차(CLUB_SEASON_END_DAY) 세부: finalize_club_season=1.222s | promotion_playoffs=0.023s | PRAGMA optimize=0.027s
[09-04 05:49:03] [PERF-DAY] 43주차 300일차 처리 1.285s (stype='휴식' | 그주마지막날=False | 경기있음=False | 부상=False)
[09-04 05:49:03] [진행 총계] 1.31초
[09-04 05:49:03] [PERF-DAILYHOOK] 44주차 306일차: process_po_week 0.065s
[09-04 05:49:03] [PERF-DAY] 44주차 306일차 처리 0.065s (stype='고강도' | 그주마지막날=False | 경기있음=False | 부상=False)
[09-04 05:49:03] [PERF-DAILYHOOK] 46주차 316일차: process_intl_week 0.155s | process_cwc_week 0.000s
[09-04 05:49:03] [PERF-DAY] 46주차 316일차 처리 0.156s (stype='고강도' | 그주마지막날=False | 경기있음=False | 부상=False)
[09-04 05:49:03] [PERF-DAILYHOOK] 46주차 317일차: process_intl_week 0.131s | process_cwc_week 0.000s
[09-04 05:49:03] [PERF-DAY] 46주차 317일차 처리 0.132s (stype='휴식' | 그주마지막날=False | 경기있음=False | 부상=False)
[09-04 05:49:04] [PERF-DAILYHOOK] 46주차 318일차: process_intl_week 0.151s | process_cwc_week 0.000s
[09-04 05:49:04] [PERF-DAY] 46주차 318일차 처리 0.152s (stype='고강도' | 그주마지막날=False | 경기있음=False | 부상=False)
[09-04 05:49:04] [PERF-DAILYHOOK] 46주차 319일차: process_intl_week 0.135s | process_cwc_week 0.000s
[09-04 05:49:04] [PERF-DAY] 46주차 319일차 처리 0.136s (stype='휴식' | 그주마지막날=False | 경기있음=False | 부상=False)
[09-04 05:49:04] [진행 총계] 0.60초
[09-04 05:49:04] [PERF]   _end_of_season 세부: AI생애주기 0.01s (승강제 타이밍은 43주 _finalize_club_season으로 이동 — 여기 안 잡힘)
[09-04 05:49:06] [PERF]   일정생성 세부: 아카이브이동 0.74s | 완비판정조회 0.01s | 기존경기dedup조회 0.00s | 일정계산 0.20s | INSERT+commit 0.36s | (대상리그 710개, 신규경기 201400건)
[09-04 05:49:06] [PERF]   인덱스재생성 0.34s
[09-04 05:49:08] [PERF] 연도전환 총 3.51s (커리어정리 0.00s | _end_of_season 0.03s | 일정생성 1.65s | 파워랭킹 1.82s | PRAGMA optimize 0.01s)
[09-04 05:49:08] [PERF-WEEKTAIL] 52주차: _pay_salary 0.000s | _advance_week 3.507s
[09-04 05:49:08] [PERF-DAY] 52주차 364일차 처리 3.509s (stype='휴식' | 그주마지막날=True | 경기있음=False | 부상=False)
[09-04 05:49:08] [진행 총계] 3.51초
[09-04 05:49:09] [AI리그] 4주차 4527경기, OVR캐시 0→9054) 세부: 경기조회 0.015s | 시뮬루프 0.284s | executemany(4527건) 0.010s | teams반영+commit 0.024s
[09-04 05:49:09] [주 마무리] 4주차 0.34s (국제대회 0.00s | 챔스 0.00s | 클럽WC 0.00s | 국내컵 0.00s | 리그시뮬 0.33s)
[09-04 05:49:09] [PERF-WEEKTAIL] 4주차: _pay_salary 0.000s | _advance_week 0.171s
[09-04 05:49:09] [PERF-DAY] 4주차 28일차 처리 0.508s (stype='휴식' | 그주마지막날=True | 경기있음=False | 부상=False)
[09-04 05:49:09] [진행 총계] 0.51초
[09-04 05:49:09] [AI리그] 5주차 5771경기, OVR캐시 11263→11393) 세부: 경기조회 0.016s | 시뮬루프 0.065s | executemany(5771건) 0.013s | teams반영+commit 0.038s
[09-04 05:49:09] [주 마무리] 5주차 0.25s (국제대회 0.00s | 챔스 0.00s | 클럽WC 0.00s | 국내컵 0.12s | 리그시뮬 0.13s)
[09-04 05:49:09] [PERF-DAY] 5주차 35일차 처리 0.255s (stype='휴식' | 그주마지막날=True | 경기있음=False | 부상=False)
[09-04 05:49:09] [AI리그] 6주차 5734경기, OVR캐시 11393→11393) 세부: 경기조회 0.014s | 시뮬루프 0.042s | executemany(5734건) 0.013s | teams반영+commit 0.041s
[09-04 05:49:09] [주 마무리] 6주차 0.24s (국제대회 0.00s | 챔스 0.00s | 클럽WC 0.00s | 국내컵 0.13s | 리그시뮬 0.11s)
[09-04 05:49:09] [PERF-DAY] 6주차 42일차 처리 0.243s (stype='휴식' | 그주마지막날=True | 경기있음=False | 부상=False)
[09-04 05:49:10] [AI리그] 7주차 5801경기, OVR캐시 11393→11393) 세부: 경기조회 0.015s | 시뮬루프 0.047s | executemany(5801건) 0.013s | teams반영+commit 0.039s
[09-04 05:49:10] [주 마무리] 7주차 0.21s (국제대회 0.00s | 챔스 0.00s | 클럽WC 0.00s | 국내컵 0.09s | 리그시뮬 0.12s)
[09-04 05:49:10] [PERF-DAY] 7주차 49일차 처리 0.271s (stype='휴식' | 그주마지막날=True | 경기있음=False | 부상=False)
[09-04 05:49:10] [AI리그] 8주차 5757경기, OVR캐시 11393→11393) 세부: 경기조회 0.014s | 시뮬루프 0.041s | executemany(5757건) 0.013s | teams반영+commit 0.040s
[09-04 05:49:10] [주 마무리] 8주차 0.11s (국제대회 0.00s | 챔스 0.00s | 클럽WC 0.00s | 국내컵 0.00s | 리그시뮬 0.11s)
[09-04 05:49:10] [PERF-DAY] 8주차 56일차 처리 0.115s (stype='휴식' | 그주마지막날=True | 경기있음=False | 부상=False)
[09-04 05:49:10] [AI리그] 9주차 5731경기, OVR캐시 11393→11393) 세부: 경기조회 0.014s | 시뮬루프 0.047s | executemany(5731건) 0.013s | teams반영+commit 0.035s
[09-04 05:49:10] [주 마무리] 9주차 0.14s (국제대회 0.00s | 챔스 0.03s | 클럽WC 0.00s | 국내컵 0.00s | 리그시뮬 0.11s)
[09-04 05:49:10] [PERF-DAY] 9주차 63일차 처리 0.142s (stype='휴식' | 그주마지막날=True | 경기있음=False | 부상=False)
[09-04 05:49:10] [AI리그] 10주차 5766경기, OVR캐시 11393→11393) 세부: 경기조회 0.014s | 시뮬루프 0.041s | executemany(5766건) 0.013s | teams반영+commit 0.039s
[09-04 05:49:10] [주 마무리] 10주차 0.14s (국제대회 0.00s | 챔스 0.03s | 클럽WC 0.00s | 국내컵 0.00s | 리그시뮬 0.11s)
[09-04 05:49:10] [PERF-DAY] 10주차 70일차 처리 0.137s (stype='휴식' | 그주마지막날=True | 경기있음=False | 부상=False)
[09-04 05:49:11] [AI리그] 11주차 5618경기, OVR캐시 11393→11393) 세부: 경기조회 0.014s | 시뮬루프 0.041s | executemany(5618건) 0.013s | teams반영+commit 0.038s
[09-04 05:49:11] [주 마무리] 11주차 0.13s (국제대회 0.00s | 챔스 0.02s | 클럽WC 0.00s | 국내컵 0.00s | 리그시뮬 0.11s)
[09-04 05:49:11] [PERF-DAY] 11주차 77일차 처리 0.133s (stype='휴식' | 그주마지막날=True | 경기있음=False | 부상=False)
[09-04 05:49:11] [AI리그] 12주차 5609경기, OVR캐시 11393→11393) 세부: 경기조회 0.013s | 시뮬루프 0.045s | executemany(5609건) 0.013s | teams반영+commit 0.036s
[09-04 05:49:11] [주 마무리] 12주차 0.13s (국제대회 0.00s | 챔스 0.02s | 클럽WC 0.00s | 국내컵 0.00s | 리그시뮬 0.11s)
[09-04 05:49:11] [PERF-DAY] 12주차 84일차 처리 0.136s (stype='휴식' | 그주마지막날=True | 경기있음=False | 부상=False)
[09-04 05:49:11] [AI리그] 13주차 5233경기, OVR캐시 11393→11393) 세부: 경기조회 0.013s | 시뮬루프 0.038s | executemany(5233건) 0.012s | teams반영+commit 0.035s
[09-04 05:49:11] [주 마무리] 13주차 0.12s (국제대회 0.00s | 챔스 0.02s | 클럽WC 0.00s | 국내컵 0.00s | 리그시뮬 0.10s)
[09-04 05:49:11] [PERF-DAY] 13주차 91일차 처리 0.125s (stype='휴식' | 그주마지막날=True | 경기있음=False | 부상=False)
[09-04 05:49:11] [AI리그] 14주차 5527경기, OVR캐시 11393→11393) 세부: 경기조회 0.012s | 시뮬루프 0.044s | executemany(5527건) 0.017s | teams반영+commit 0.034s
[09-04 05:49:11] [주 마무리] 14주차 0.13s (국제대회 0.00s | 챔스 0.02s | 클럽WC 0.00s | 국내컵 0.00s | 리그시뮬 0.11s)
[09-04 05:49:11] [PERF-DAY] 14주차 98일차 처리 0.136s (stype='휴식' | 그주마지막날=True | 경기있음=False | 부상=False)
[09-04 05:49:11] [AI리그] 15주차 5747경기, OVR캐시 11393→11393) 세부: 경기조회 0.013s | 시뮬루프 0.046s | executemany(5747건) 0.012s | teams반영+commit 0.033s
[09-04 05:49:11] [주 마무리] 15주차 0.13s (국제대회 0.00s | 챔스 0.02s | 클럽WC 0.00s | 국내컵 0.00s | 리그시뮬 0.11s)
[09-04 05:49:11] [PERF-DAY] 15주차 105일차 처리 0.132s (stype='휴식' | 그주마지막날=True | 경기있음=False | 부상=False)
[09-04 05:49:11] [AI리그] 16주차 5732경기, OVR캐시 11393→11393) 세부: 경기조회 0.012s | 시뮬루프 0.041s | executemany(5732건) 0.013s | teams반영+commit 0.033s
[09-04 05:49:11] [주 마무리] 16주차 0.15s (국제대회 0.00s | 챔스 0.05s | 클럽WC 0.00s | 국내컵 0.00s | 리그시뮬 0.10s)
[09-04 05:49:11] [PERF-DAY] 16주차 112일차 처리 0.150s (stype='휴식' | 그주마지막날=True | 경기있음=False | 부상=False)
[09-04 05:49:12] [AI리그] 17주차 5482경기, OVR캐시 11393→11393) 세부: 경기조회 0.012s | 시뮬루프 0.044s | executemany(5482건) 0.011s | teams반영+commit 0.029s
[09-04 05:49:12] [주 마무리] 17주차 0.10s (국제대회 0.00s | 챔스 0.00s | 클럽WC 0.00s | 국내컵 0.00s | 리그시뮬 0.10s)
[09-04 05:49:12] [PERF-DAY] 17주차 119일차 처리 0.103s (stype='휴식' | 그주마지막날=True | 경기있음=False | 부상=False)
[09-04 05:49:12] [AI리그] 18주차 5384경기, OVR캐시 11393→11393) 세부: 경기조회 0.012s | 시뮬루프 0.040s | executemany(5384건) 0.013s | teams반영+commit 0.035s
[09-04 05:49:12] [주 마무리] 18주차 0.13s (국제대회 0.00s | 챔스 0.03s | 클럽WC 0.00s | 국내컵 0.00s | 리그시뮬 0.10s)
[09-04 05:49:12] [PERF-DAY] 18주차 126일차 처리 0.129s (stype='휴식' | 그주마지막날=True | 경기있음=False | 부상=False)
[09-04 05:49:12] [AI리그] 19주차 3886경기, OVR캐시 11393→11393) 세부: 경기조회 0.010s | 시뮬루프 0.029s | executemany(3886건) 0.009s | teams반영+commit 0.024s
[09-04 05:49:12] [주 마무리] 19주차 0.08s (국제대회 0.00s | 챔스 0.00s | 클럽WC 0.00s | 국내컵 0.00s | 리그시뮬 0.07s)
[09-04 05:49:12] [PERF-DAY] 19주차 133일차 처리 0.079s (stype='휴식' | 그주마지막날=True | 경기있음=False | 부상=False)
[09-04 05:49:12] [AI리그] 20주차 3343경기, OVR캐시 11393→11393) 세부: 경기조회 0.010s | 시뮬루프 0.030s | executemany(3343건) 0.009s | teams반영+commit 0.023s
[09-04 05:49:12] [주 마무리] 20주차 0.09s (국제대회 0.00s | 챔스 0.02s | 클럽WC 0.00s | 국내컵 0.00s | 리그시뮬 0.07s)
[09-04 05:49:12] [PERF-DAY] 20주차 140일차 처리 0.095s (stype='휴식' | 그주마지막날=True | 경기있음=False | 부상=False)
[09-04 05:49:12] [AI리그] 21주차 2934경기, OVR캐시 11393→11393) 세부: 경기조회 0.010s | 시뮬루프 0.023s | executemany(2934건) 0.008s | teams반영+commit 0.020s
[09-04 05:49:12] [주 마무리] 21주차 0.08s (국제대회 0.00s | 챔스 0.01s | 클럽WC 0.00s | 국내컵 0.00s | 리그시뮬 0.06s)
[09-04 05:49:12] [PERF-DAY] 21주차 147일차 처리 0.079s (stype='휴식' | 그주마지막날=True | 경기있음=False | 부상=False)
[09-04 05:49:12] [AI리그] 22주차 2779경기, OVR캐시 11393→11393) 세부: 경기조회 0.009s | 시뮬루프 0.021s | executemany(2779건) 0.007s | teams반영+commit 0.017s
[09-04 05:49:12] [주 마무리] 22주차 0.07s (국제대회 0.00s | 챔스 0.01s | 클럽WC 0.00s | 국내컵 0.00s | 리그시뮬 0.06s)
[09-04 05:49:12] [PERF-DAY] 22주차 154일차 처리 0.068s (stype='휴식' | 그주마지막날=True | 경기있음=False | 부상=False)
[09-04 05:49:13] [주 마무리] 23주차 0.06s (국제대회 0.00s | 챔스 0.01s | 클럽WC 0.00s | 국내컵 0.00s | 리그시뮬 0.05s)
[09-04 05:49:13] [PERF-DAY] 23주차 161일차 처리 0.067s (stype='휴식' | 그주마지막날=True | 경기있음=False | 부상=False)
[09-04 05:49:13] [AI리그] 24주차 2602경기, OVR캐시 11393→11393) 세부: 경기조회 0.009s | 시뮬루프 0.025s | executemany(2602건) 0.006s | teams반영+commit 0.011s
[09-04 05:49:13] [주 마무리] 24주차 0.05s (국제대회 0.00s | 챔스 0.00s | 클럽WC 0.00s | 국내컵 0.00s | 리그시뮬 0.05s)
[09-04 05:49:13] [PERF-DAY] 24주차 168일차 처리 0.054s (stype='휴식' | 그주마지막날=True | 경기있음=False | 부상=False)
[09-04 05:49:13] [PERF-DAILYHOOK] 25주차 169일차: process_intl_week 0.573s | process_cwc_week 0.000s
[09-04 05:49:13] [PERF-DAY] 25주차 169일차 처리 0.575s (stype='고강도' | 그주마지막날=False | 경기있음=False | 부상=False)
[09-04 05:49:13] [진행 총계] 0.61초
[09-04 05:49:14] [PERF-DAILYHOOK] 27주차 189일차: process_intl_week 0.053s | process_cwc_week 0.000s
[09-04 05:49:14] [PERF-DAY] 27주차 189일차 처리 0.064s (stype='휴식' | 그주마지막날=True | 경기있음=False | 부상=False)
[09-04 05:49:16] [PERF-WEEKTAIL] 28주차: _pay_salary 0.000s | _advance_week 2.637s
[09-04 05:49:16] [PERF-DAY] 28주차 196일차 처리 2.647s (stype='휴식' | 그주마지막날=True | 경기있음=False | 부상=False)
[09-04 05:49:16] [진행 총계] 2.65초
[09-04 05:49:16] [AI리그] 29주차 4943경기, OVR캐시 11393→11393) 세부: 경기조회 0.010s | 시뮬루프 0.037s | executemany(4943건) 0.012s | teams반영+commit 0.031s
[09-04 05:49:16] [주 마무리] 29주차 0.09s (국제대회 0.00s | 챔스 0.00s | 클럽WC 0.00s | 국내컵 0.00s | 리그시뮬 0.09s)
[09-04 05:49:16] [PERF-DAY] 29주차 203일차 처리 0.093s (stype='휴식' | 그주마지막날=True | 경기있음=False | 부상=False)
[09-04 05:49:17] [AI리그] 30주차 6683경기, OVR캐시 11393→11393) 세부: 경기조회 0.010s | 시뮬루프 0.046s | executemany(6683건) 0.014s | teams반영+commit 0.032s
[09-04 05:49:17] [주 마무리] 30주차 0.17s (국제대회 0.00s | 챔스 0.00s | 클럽WC 0.00s | 국내컵 0.07s | 리그시뮬 0.10s)
[09-04 05:49:17] [PERF-DAY] 30주차 210일차 처리 0.172s (stype='휴식' | 그주마지막날=True | 경기있음=False | 부상=False)
[09-04 05:49:17] [AI리그] 31주차 6722경기, OVR캐시 11393→11393) 세부: 경기조회 0.011s | 시뮬루프 0.048s | executemany(6722건) 0.014s | teams반영+commit 0.035s
[09-04 05:49:17] [주 마무리] 31주차 0.11s (국제대회 0.00s | 챔스 0.00s | 클럽WC 0.00s | 국내컵 0.00s | 리그시뮬 0.11s)
[09-04 05:49:17] [PERF-DAY] 31주차 217일차 처리 0.112s (stype='휴식' | 그주마지막날=True | 경기있음=False | 부상=False)
[09-04 05:49:17] [AI리그] 32주차 6569경기, OVR캐시 11393→11393) 세부: 경기조회 0.011s | 시뮬루프 0.046s | executemany(6569건) 0.015s | teams반영+commit 0.036s
[09-04 05:49:17] [주 마무리] 32주차 0.18s (국제대회 0.00s | 챔스 0.00s | 클럽WC 0.00s | 국내컵 0.07s | 리그시뮬 0.11s)
[09-04 05:49:17] [PERF-DAY] 32주차 224일차 처리 0.179s (stype='휴식' | 그주마지막날=True | 경기있음=False | 부상=False)
[09-04 05:49:17] [AI리그] 33주차 6949경기, OVR캐시 11393→11393) 세부: 경기조회 0.009s | 시뮬루프 0.048s | executemany(6949건) 0.015s | teams반영+commit 0.038s
[09-04 05:49:17] [주 마무리] 33주차 0.11s (국제대회 0.00s | 챔스 0.00s | 클럽WC 0.00s | 국내컵 0.00s | 리그시뮬 0.11s)
[09-04 05:49:17] [PERF-DAY] 33주차 231일차 처리 0.115s (stype='휴식' | 그주마지막날=True | 경기있음=False | 부상=False)
[09-04 05:49:18] [AI리그] 34주차 6515경기, OVR캐시 11393→11393) 세부: 경기조회 0.009s | 시뮬루프 0.046s | executemany(6515건) 0.015s | teams반영+commit 0.036s
[09-04 05:49:18] [주 마무리] 34주차 0.16s (국제대회 0.00s | 챔스 0.00s | 클럽WC 0.00s | 국내컵 0.05s | 리그시뮬 0.11s)
[09-04 05:49:18] [PERF-DAY] 34주차 238일차 처리 0.159s (stype='휴식' | 그주마지막날=True | 경기있음=False | 부상=False)
[09-04 05:49:18] [AI리그] 35주차 6888경기, OVR캐시 11393→11393) 세부: 경기조회 0.009s | 시뮬루프 0.051s | executemany(6888건) 0.020s | teams반영+commit 0.038s
[09-04 05:49:18] [주 마무리] 35주차 0.12s (국제대회 0.00s | 챔스 0.00s | 클럽WC 0.00s | 국내컵 0.00s | 리그시뮬 0.12s)
[09-04 05:49:18] [PERF-DAY] 35주차 245일차 처리 0.123s (stype='휴식' | 그주마지막날=True | 경기있음=False | 부상=False)
[09-04 05:49:18] [AI리그] 36주차 7137경기, OVR캐시 11393→11393) 세부: 경기조회 0.008s | 시뮬루프 0.050s | executemany(7137건) 0.016s | teams반영+commit 0.035s
[09-04 05:49:18] [주 마무리] 36주차 0.15s (국제대회 0.00s | 챔스 0.00s | 클럽WC 0.00s | 국내컵 0.04s | 리그시뮬 0.11s)
[09-04 05:49:18] [PERF-DAY] 36주차 252일차 처리 0.155s (stype='휴식' | 그주마지막날=True | 경기있음=False | 부상=False)
[09-04 05:49:18] [AI리그] 37주차 6556경기, OVR캐시 11393→11393) 세부: 경기조회 0.007s | 시뮬루프 0.047s | executemany(6556건) 0.014s | teams반영+commit 0.034s
[09-04 05:49:18] [주 마무리] 37주차 0.11s (국제대회 0.00s | 챔스 0.00s | 클럽WC 0.00s | 국내컵 0.00s | 리그시뮬 0.11s)
[09-04 05:49:18] [PERF-DAY] 37주차 259일차 처리 0.108s (stype='휴식' | 그주마지막날=True | 경기있음=False | 부상=False)
[09-04 05:49:18] [AI리그] 38주차 6730경기, OVR캐시 11393→11393) 세부: 경기조회 0.007s | 시뮬루프 0.046s | executemany(6730건) 0.013s | teams반영+commit 0.029s
[09-04 05:49:18] [주 마무리] 38주차 0.16s (국제대회 0.00s | 챔스 0.00s | 클럽WC 0.00s | 국내컵 0.06s | 리그시뮬 0.10s)
[09-04 05:49:18] [PERF-DAY] 38주차 266일차 처리 0.159s (stype='휴식' | 그주마지막날=True | 경기있음=False | 부상=False)
[09-04 05:49:19] [AI리그] 39주차 6855경기, OVR캐시 11393→11393) 세부: 경기조회 0.007s | 시뮬루프 0.048s | executemany(6855건) 0.014s | teams반영+commit 0.029s
[09-04 05:49:19] [주 마무리] 39주차 0.10s (국제대회 0.00s | 챔스 0.00s | 클럽WC 0.00s | 국내컵 0.00s | 리그시뮬 0.10s)
[09-04 05:49:19] [PERF-DAY] 39주차 273일차 처리 0.102s (stype='휴식' | 그주마지막날=True | 경기있음=False | 부상=False)
[09-04 05:49:19] [AI리그] 40주차 6844경기, OVR캐시 11393→11393) 세부: 경기조회 0.006s | 시뮬루프 0.045s | executemany(6844건) 0.014s | teams반영+commit 0.029s
[09-04 05:49:19] [주 마무리] 40주차 0.12s (국제대회 0.00s | 챔스 0.00s | 클럽WC 0.00s | 국내컵 0.02s | 리그시뮬 0.10s)
[09-04 05:49:19] [PERF-DAY] 40주차 280일차 처리 0.119s (stype='휴식' | 그주마지막날=True | 경기있음=False | 부상=False)
[09-04 05:49:19] [AI리그] 41주차 6841경기, OVR캐시 11393→11393) 세부: 경기조회 0.006s | 시뮬루프 0.047s | executemany(6841건) 0.013s | teams반영+commit 0.030s
[09-04 05:49:19] [주 마무리] 41주차 0.10s (국제대회 0.00s | 챔스 0.00s | 클럽WC 0.00s | 국내컵 0.00s | 리그시뮬 0.10s)
[09-04 05:49:19] [PERF-DAY] 41주차 287일차 처리 0.099s (stype='휴식' | 그주마지막날=True | 경기있음=False | 부상=False)
[09-04 05:49:19] [AI리그] 42주차 6742경기, OVR캐시 11393→11393) 세부: 경기조회 0.005s | 시뮬루프 0.045s | executemany(6742건) 0.013s | teams반영+commit 0.026s
[09-04 05:49:19] [주 마무리] 42주차 0.10s (국제대회 0.00s | 챔스 0.00s | 클럽WC 0.00s | 국내컵 0.01s | 리그시뮬 0.09s)
[09-04 05:49:19] [PERF-DAY] 42주차 294일차 처리 0.098s (stype='휴식' | 그주마지막날=True | 경기있음=False | 부상=False)
[09-04 05:49:21] [PERF-PROMO] _process_promotion_relegation 세부: my_player/season조회 0.001s | teams+leagues조회 0.012s | standings계산(710개리그) 0.268s | ai_players OVR스캔 0.207s | 승강판정루프(211개국) 0.026s | executemany(1210건) 0.017s | 리스케일(1210건) 0.322s | commit/close 0.317s | 캐시무효화 0.000s
[09-04 05:49:21] [PERF-SEASON] finalize_club_season 세부: finish_incomplete_matches=0.046s | promotion_relegation=1.176s
[09-04 05:49:21] [PERF-YEAR] 43주차(CLUB_SEASON_END_DAY) 세부: finalize_club_season=1.223s | promotion_playoffs=0.021s | PRAGMA optimize=0.000s
[09-04 05:49:21] [PERF-DAY] 43주차 300일차 처리 1.257s (stype='휴식' | 그주마지막날=False | 경기있음=False | 부상=False)
[09-04 05:49:21] [진행 총계] 1.28초
[09-04 05:49:21] [PERF-DAILYHOOK] 44주차 306일차: process_po_week 0.069s
[09-04 05:49:21] [PERF-DAY] 44주차 306일차 처리 0.071s (stype='고강도' | 그주마지막날=False | 경기있음=False | 부상=False)
[09-04 05:49:21] [PERF-DAILYHOOK] 46주차 316일차: process_intl_week 0.595s | process_cwc_week 0.000s
[09-04 05:49:21] [PERF-DAY] 46주차 316일차 처리 0.596s (stype='고강도' | 그주마지막날=False | 경기있음=False | 부상=False)
[09-04 05:49:22] [PERF-DAILYHOOK] 46주차 317일차: process_intl_week 0.116s | process_cwc_week 0.000s
[09-04 05:49:22] [PERF-DAY] 46주차 317일차 처리 0.117s (stype='휴식' | 그주마지막날=False | 경기있음=False | 부상=False)
[09-04 05:49:22] [PERF-DAILYHOOK] 46주차 320일차: process_intl_week 0.083s | process_cwc_week 0.000s
[09-04 05:49:22] [PERF-DAY] 46주차 320일차 처리 0.085s (stype='고강도' | 그주마지막날=False | 경기있음=False | 부상=False)
[09-04 05:49:22] [진행 총계] 0.84초
[09-04 05:49:22] [PERF]   _end_of_season 세부: AI생애주기 0.00s (승강제 타이밍은 43주 _finalize_club_season으로 이동 — 여기 안 잡힘)
[09-04 05:49:24] [PERF]   일정생성 세부: 아카이브이동 0.80s | 완비판정조회 0.01s | 기존경기dedup조회 0.00s | 일정계산 0.21s | INSERT+commit 0.37s | (대상리그 710개, 신규경기 201400건)
[09-04 05:49:24] [PERF]   인덱스재생성 0.35s
[09-04 05:49:26] [PERF] 연도전환 총 3.25s (커리어정리 0.00s | _end_of_season 0.01s | 일정생성 1.74s | 파워랭킹 1.49s | PRAGMA optimize 0.00s)
[09-04 05:49:26] [PERF-WEEKTAIL] 52주차: _pay_salary 0.000s | _advance_week 3.247s
[09-04 05:49:26] [PERF-DAY] 52주차 364일차 처리 3.248s (stype='휴식' | 그주마지막날=True | 경기있음=False | 부상=False)
[09-04 05:49:26] [진행 총계] 3.25초
[09-04 05:49:26] [AI리그] 4주차 4527경기, OVR캐시 0→9054) 세부: 경기조회 0.015s | 시뮬루프 0.291s | executemany(4527건) 0.010s | teams반영+commit 0.024s
[09-04 05:49:26] [주 마무리] 4주차 0.34s (국제대회 0.00s | 챔스 0.00s | 클럽WC 0.00s | 국내컵 0.00s | 리그시뮬 0.34s)
[09-04 05:49:27] [PERF-WEEKTAIL] 4주차: _pay_salary 0.000s | _advance_week 0.176s
[09-04 05:49:27] [PERF-DAY] 4주차 28일차 처리 0.520s (stype='휴식' | 그주마지막날=True | 경기있음=False | 부상=False)
[09-04 05:49:27] [진행 총계] 0.53초
[09-04 05:49:27] [AI리그] 5주차 5771경기, OVR캐시 11263→11393) 세부: 경기조회 0.015s | 시뮬루프 0.061s | executemany(5771건) 0.013s | teams반영+commit 0.038s
[09-04 05:49:27] [주 마무리] 5주차 0.25s (국제대회 0.00s | 챔스 0.00s | 클럽WC 0.00s | 국내컵 0.12s | 리그시뮬 0.13s)
[09-04 05:49:27] [PERF-DAY] 5주차 35일차 처리 0.251s (stype='휴식' | 그주마지막날=True | 경기있음=False | 부상=False)
[09-04 05:49:27] [AI리그] 6주차 5734경기, OVR캐시 11393→11393) 세부: 경기조회 0.015s | 시뮬루프 0.041s | executemany(5734건) 0.013s | teams반영+commit 0.041s
[09-04 05:49:27] [주 마무리] 6주차 0.23s (국제대회 0.00s | 챔스 0.00s | 클럽WC 0.00s | 국내컵 0.12s | 리그시뮬 0.11s)
[09-04 05:49:27] [PERF-DAY] 6주차 42일차 처리 0.236s (stype='휴식' | 그주마지막날=True | 경기있음=False | 부상=False)
[09-04 05:49:28] [AI리그] 7주차 5801경기, OVR캐시 11393→11393) 세부: 경기조회 0.014s | 시뮬루프 0.046s | executemany(5801건) 0.018s | teams반영+commit 0.039s
[09-04 05:49:28] [주 마무리] 7주차 0.21s (국제대회 0.00s | 챔스 0.00s | 클럽WC 0.00s | 국내컵 0.09s | 리그시뮬 0.12s)
[09-04 05:49:28] [PERF-DAY] 7주차 49일차 처리 0.287s (stype='휴식' | 그주마지막날=True | 경기있음=False | 부상=False)
[09-04 05:49:28] [AI리그] 8주차 5757경기, OVR캐시 11393→11393) 세부: 경기조회 0.015s | 시뮬루프 0.047s | executemany(5757건) 0.013s | teams반영+commit 0.039s
[09-04 05:49:28] [주 마무리] 8주차 0.12s (국제대회 0.00s | 챔스 0.00s | 클럽WC 0.00s | 국내컵 0.00s | 리그시뮬 0.12s)
[09-04 05:49:28] [PERF-DAY] 8주차 56일차 처리 0.122s (stype='휴식' | 그주마지막날=True | 경기있음=False | 부상=False)
[09-04 05:49:28] [AI리그] 9주차 5731경기, OVR캐시 11393→11393) 세부: 경기조회 0.014s | 시뮬루프 0.041s | executemany(5731건) 0.013s | teams반영+commit 0.039s
[09-04 05:49:28] [주 마무리] 9주차 0.14s (국제대회 0.00s | 챔스 0.03s | 클럽WC 0.00s | 국내컵 0.00s | 리그시뮬 0.11s)
[09-04 05:49:28] [PERF-DAY] 9주차 63일차 처리 0.142s (stype='휴식' | 그주마지막날=True | 경기있음=False | 부상=False)
[09-04 05:49:28] [AI리그] 10주차 5766경기, OVR캐시 11393→11393) 세부: 경기조회 0.014s | 시뮬루프 0.047s | executemany(5766건) 0.013s | teams반영+commit 0.039s
[09-04 05:49:28] [주 마무리] 10주차 0.14s (국제대회 0.00s | 챔스 0.02s | 클럽WC 0.00s | 국내컵 0.00s | 리그시뮬 0.12s)
[09-04 05:49:28] [PERF-DAY] 10주차 70일차 처리 0.142s (stype='휴식' | 그주마지막날=True | 경기있음=False | 부상=False)
[09-04 05:49:28] [AI리그] 11주차 5618경기, OVR캐시 11393→11393) 세부: 경기조회 0.013s | 시뮬루프 0.041s | executemany(5618건) 0.013s | teams반영+commit 0.039s
[09-04 05:49:28] [주 마무리] 11주차 0.13s (국제대회 0.00s | 챔스 0.02s | 클럽WC 0.00s | 국내컵 0.00s | 리그시뮬 0.11s)
[09-04 05:49:28] [PERF-DAY] 11주차 77일차 처리 0.136s (stype='휴식' | 그주마지막날=True | 경기있음=False | 부상=False)
[09-04 05:49:29] [AI리그] 12주차 5609경기, OVR캐시 11393→11393) 세부: 경기조회 0.013s | 시뮬루프 0.041s | executemany(5609건) 0.013s | teams반영+commit 0.034s
[09-04 05:49:29] [주 마무리] 12주차 0.13s (국제대회 0.00s | 챔스 0.02s | 클럽WC 0.00s | 국내컵 0.00s | 리그시뮬 0.10s)
[09-04 05:49:29] [PERF-DAY] 12주차 84일차 처리 0.131s (stype='휴식' | 그주마지막날=True | 경기있음=False | 부상=False)
[09-04 05:49:29] [AI리그] 13주차 5233경기, OVR캐시 11393→11393) 세부: 경기조회 0.013s | 시뮬루프 0.043s | executemany(5233건) 0.015s | teams반영+commit 0.037s
[09-04 05:49:29] [주 마무리] 13주차 0.14s (국제대회 0.00s | 챔스 0.02s | 클럽WC 0.00s | 국내컵 0.00s | 리그시뮬 0.11s)
[09-04 05:49:29] [PERF-DAY] 13주차 91일차 처리 0.137s (stype='휴식' | 그주마지막날=True | 경기있음=False | 부상=False)
[09-04 05:49:29] [AI리그] 14주차 5527경기, OVR캐시 11393→11393) 세부: 경기조회 0.014s | 시뮬루프 0.041s | executemany(5527건) 0.013s | teams반영+commit 0.037s
[09-04 05:49:29] [주 마무리] 14주차 0.13s (국제대회 0.00s | 챔스 0.03s | 클럽WC 0.00s | 국내컵 0.00s | 리그시뮬 0.11s)
[09-04 05:49:29] [PERF-DAY] 14주차 98일차 처리 0.136s (stype='휴식' | 그주마지막날=True | 경기있음=False | 부상=True)
[09-04 05:49:29] [AI리그] 15주차 5747경기, OVR캐시 11393→11393) 세부: 경기조회 0.012s | 시뮬루프 0.044s | executemany(5747건) 0.012s | teams반영+commit 0.034s
[09-04 05:49:29] [주 마무리] 15주차 0.13s (국제대회 0.00s | 챔스 0.02s | 클럽WC 0.00s | 국내컵 0.00s | 리그시뮬 0.10s)
[09-04 05:49:29] [PERF-DAY] 15주차 105일차 처리 0.131s (stype='휴식' | 그주마지막날=True | 경기있음=False | 부상=False)
[09-04 05:49:29] [AI리그] 16주차 5732경기, OVR캐시 11393→11393) 세부: 경기조회 0.013s | 시뮬루프 0.046s | executemany(5732건) 0.013s | teams반영+commit 0.039s
[09-04 05:49:29] [주 마무리] 16주차 0.16s (국제대회 0.00s | 챔스 0.05s | 클럽WC 0.00s | 국내컵 0.00s | 리그시뮬 0.11s)
[09-04 05:49:29] [PERF-DAY] 16주차 112일차 처리 0.163s (stype='휴식' | 그주마지막날=True | 경기있음=False | 부상=False)
[09-04 05:49:30] [AI리그] 17주차 5482경기, OVR캐시 11393→11393) 세부: 경기조회 0.012s | 시뮬루프 0.040s | executemany(5482건) 0.013s | teams반영+commit 0.035s
[09-04 05:49:30] [주 마무리] 17주차 0.11s (국제대회 0.00s | 챔스 0.00s | 클럽WC 0.00s | 국내컵 0.00s | 리그시뮬 0.10s)
[09-04 05:49:30] [PERF-DAY] 17주차 119일차 처리 0.108s (stype='휴식' | 그주마지막날=True | 경기있음=False | 부상=False)
[09-04 05:49:30] [AI리그] 18주차 5384경기, OVR캐시 11393→11393) 세부: 경기조회 0.011s | 시뮬루프 0.046s | executemany(5384건) 0.012s | teams반영+commit 0.034s
[09-04 05:49:30] [주 마무리] 18주차 0.13s (국제대회 0.00s | 챔스 0.03s | 클럽WC 0.00s | 국내컵 0.00s | 리그시뮬 0.11s)
[09-04 05:49:30] [PERF-DAY] 18주차 126일차 처리 0.135s (stype='휴식' | 그주마지막날=True | 경기있음=False | 부상=False)
[09-04 05:49:30] [AI리그] 19주차 3886경기, OVR캐시 11393→11393) 세부: 경기조회 0.010s | 시뮬루프 0.029s | executemany(3886건) 0.009s | teams반영+commit 0.025s
[09-04 05:49:30] [주 마무리] 19주차 0.08s (국제대회 0.00s | 챔스 0.00s | 클럽WC 0.00s | 국내컵 0.00s | 리그시뮬 0.08s)
[09-04 05:49:30] [PERF-DAY] 19주차 133일차 처리 0.081s (stype='휴식' | 그주마지막날=True | 경기있음=False | 부상=False)
[09-04 05:49:30] [AI리그] 20주차 3343경기, OVR캐시 11393→11393) 세부: 경기조회 0.010s | 시뮬루프 0.024s | executemany(3343건) 0.008s | teams반영+commit 0.022s
[09-04 05:49:30] [주 마무리] 20주차 0.09s (국제대회 0.00s | 챔스 0.02s | 클럽WC 0.00s | 국내컵 0.00s | 리그시뮬 0.06s)
[09-04 05:49:30] [PERF-DAY] 20주차 140일차 처리 0.086s (stype='휴식' | 그주마지막날=True | 경기있음=False | 부상=False)
[09-04 05:49:30] [AI리그] 21주차 2934경기, OVR캐시 11393→11393) 세부: 경기조회 0.009s | 시뮬루프 0.022s | executemany(2934건) 0.007s | teams반영+commit 0.019s
[09-04 05:49:30] [주 마무리] 21주차 0.07s (국제대회 0.00s | 챔스 0.01s | 클럽WC 0.00s | 국내컵 0.00s | 리그시뮬 0.06s)
[09-04 05:49:30] [PERF-DAY] 21주차 147일차 처리 0.074s (stype='휴식' | 그주마지막날=True | 경기있음=False | 부상=True)
[09-04 05:49:30] [AI리그] 22주차 2779경기, OVR캐시 11393→11393) 세부: 경기조회 0.009s | 시뮬루프 0.028s | executemany(2779건) 0.007s | teams반영+commit 0.019s
[09-04 05:49:30] [주 마무리] 22주차 0.08s (국제대회 0.00s | 챔스 0.01s | 클럽WC 0.00s | 국내컵 0.00s | 리그시뮬 0.06s)
[09-04 05:49:30] [PERF-DAY] 22주차 154일차 처리 0.078s (stype='휴식' | 그주마지막날=True | 경기있음=False | 부상=False)
[09-04 05:49:31] [주 마무리] 23주차 0.06s (국제대회 0.00s | 챔스 0.01s | 클럽WC 0.00s | 국내컵 0.00s | 리그시뮬 0.05s)
[09-04 05:49:31] [PERF-DAY] 23주차 161일차 처리 0.078s (stype='휴식' | 그주마지막날=True | 경기있음=False | 부상=False)
[09-04 05:49:32] [PERF-DAILYHOOK] 25주차 169일차: process_intl_week 1.241s | process_cwc_week 0.000s
[09-04 05:49:32] [PERF-DAY] 25주차 169일차 처리 1.243s (stype='고강도' | 그주마지막날=False | 경기있음=False | 부상=False)
[09-04 05:49:32] [진행 총계] 1.30초
[09-04 05:49:33] [PERF-DAILYHOOK] 27주차 189일차: process_intl_week 0.062s | process_cwc_week 0.000s
[09-04 05:49:33] [PERF-DAY] 27주차 189일차 처리 0.073s (stype='휴식' | 그주마지막날=True | 경기있음=False | 부상=False)
[09-04 05:49:35] [PERF-WEEKTAIL] 28주차: _pay_salary 0.000s | _advance_week 2.672s
[09-04 05:49:35] [PERF-DAY] 28주차 196일차 처리 2.682s (stype='휴식' | 그주마지막날=True | 경기있음=False | 부상=False)
[09-04 05:49:35] [진행 총계] 2.72초
[09-04 05:49:35] [AI리그] 29주차 4943경기, OVR캐시 11393→11393) 세부: 경기조회 0.010s | 시뮬루프 0.037s | executemany(4943건) 0.012s | teams반영+commit 0.029s
[09-04 05:49:35] [주 마무리] 29주차 0.09s (국제대회 0.00s | 챔스 0.00s | 클럽WC 0.00s | 국내컵 0.00s | 리그시뮬 0.09s)
[09-04 05:49:35] [PERF-DAY] 29주차 203일차 처리 0.093s (stype='휴식' | 그주마지막날=True | 경기있음=False | 부상=False)
[09-04 05:49:36] [AI리그] 30주차 6683경기, OVR캐시 11393→11393) 세부: 경기조회 0.010s | 시뮬루프 0.046s | executemany(6683건) 0.013s | teams반영+commit 0.032s
[09-04 05:49:36] [주 마무리] 30주차 0.17s (국제대회 0.00s | 챔스 0.00s | 클럽WC 0.00s | 국내컵 0.07s | 리그시뮬 0.10s)
[09-04 05:49:36] [PERF-DAY] 30주차 210일차 처리 0.174s (stype='휴식' | 그주마지막날=True | 경기있음=False | 부상=False)
[09-04 05:49:36] [AI리그] 31주차 6722경기, OVR캐시 11393→11393) 세부: 경기조회 0.011s | 시뮬루프 0.048s | executemany(6722건) 0.015s | teams반영+commit 0.038s
[09-04 05:49:36] [주 마무리] 31주차 0.12s (국제대회 0.00s | 챔스 0.00s | 클럽WC 0.00s | 국내컵 0.00s | 리그시뮬 0.11s)
[09-04 05:49:36] [PERF-DAY] 31주차 217일차 처리 0.118s (stype='휴식' | 그주마지막날=True | 경기있음=False | 부상=False)
[09-04 05:49:36] [AI리그] 32주차 6569경기, OVR캐시 11393→11393) 세부: 경기조회 0.009s | 시뮬루프 0.046s | executemany(6569건) 0.015s | teams반영+commit 0.036s
[09-04 05:49:36] [주 마무리] 32주차 0.17s (국제대회 0.00s | 챔스 0.00s | 클럽WC 0.00s | 국내컵 0.07s | 리그시뮬 0.11s)
[09-04 05:49:36] [PERF-DAY] 32주차 224일차 처리 0.176s (stype='휴식' | 그주마지막날=True | 경기있음=False | 부상=False)
[09-04 05:49:36] [AI리그] 33주차 6949경기, OVR캐시 11393→11393) 세부: 경기조회 0.009s | 시뮬루프 0.049s | executemany(6949건) 0.015s | teams반영+commit 0.035s
[09-04 05:49:36] [주 마무리] 33주차 0.11s (국제대회 0.00s | 챔스 0.00s | 클럽WC 0.00s | 국내컵 0.00s | 리그시뮬 0.11s)
[09-04 05:49:36] [PERF-DAY] 33주차 231일차 처리 0.114s (stype='휴식' | 그주마지막날=True | 경기있음=False | 부상=False)
[09-04 05:49:37] [AI리그] 34주차 6515경기, OVR캐시 11393→11393) 세부: 경기조회 0.008s | 시뮬루프 0.046s | executemany(6515건) 0.014s | teams반영+commit 0.035s
[09-04 05:49:37] [주 마무리] 34주차 0.16s (국제대회 0.00s | 챔스 0.00s | 클럽WC 0.00s | 국내컵 0.05s | 리그시뮬 0.11s)
[09-04 05:49:37] [PERF-DAY] 34주차 238일차 처리 0.157s (stype='휴식' | 그주마지막날=True | 경기있음=False | 부상=False)
[09-04 05:49:37] [AI리그] 35주차 6888경기, OVR캐시 11393→11393) 세부: 경기조회 0.009s | 시뮬루프 0.047s | executemany(6888건) 0.015s | teams반영+commit 0.036s
[09-04 05:49:37] [주 마무리] 35주차 0.11s (국제대회 0.00s | 챔스 0.00s | 클럽WC 0.00s | 국내컵 0.00s | 리그시뮬 0.11s)
[09-04 05:49:37] [PERF-DAY] 35주차 245일차 처리 0.111s (stype='휴식' | 그주마지막날=True | 경기있음=False | 부상=False)
[09-04 05:49:37] [AI리그] 36주차 7137경기, OVR캐시 11393→11393) 세부: 경기조회 0.008s | 시뮬루프 0.050s | executemany(7137건) 0.016s | teams반영+commit 0.036s
[09-04 05:49:37] [주 마무리] 36주차 0.16s (국제대회 0.00s | 챔스 0.00s | 클럽WC 0.00s | 국내컵 0.05s | 리그시뮬 0.11s)
[09-04 05:49:37] [PERF-DAY] 36주차 252일차 처리 0.159s (stype='휴식' | 그주마지막날=True | 경기있음=False | 부상=False)
[09-04 05:49:37] [AI리그] 37주차 6556경기, OVR캐시 11393→11393) 세부: 경기조회 0.007s | 시뮬루프 0.045s | executemany(6556건) 0.013s | teams반영+commit 0.031s
[09-04 05:49:37] [주 마무리] 37주차 0.10s (국제대회 0.00s | 챔스 0.00s | 클럽WC 0.00s | 국내컵 0.00s | 리그시뮬 0.10s)
[09-04 05:49:37] [PERF-DAY] 37주차 259일차 처리 0.102s (stype='휴식' | 그주마지막날=True | 경기있음=False | 부상=False)
[09-04 05:49:37] [AI리그] 38주차 6730경기, OVR캐시 11393→11393) 세부: 경기조회 0.007s | 시뮬루프 0.046s | executemany(6730건) 0.014s | teams반영+commit 0.030s
[09-04 05:49:37] [주 마무리] 38주차 0.16s (국제대회 0.00s | 챔스 0.00s | 클럽WC 0.00s | 국내컵 0.06s | 리그시뮬 0.10s)
[09-04 05:49:37] [PERF-DAY] 38주차 266일차 처리 0.162s (stype='휴식' | 그주마지막날=True | 경기있음=False | 부상=False)
[09-04 05:49:38] [AI리그] 39주차 6855경기, OVR캐시 11393→11393) 세부: 경기조회 0.007s | 시뮬루프 0.048s | executemany(6855건) 0.015s | teams반영+commit 0.035s
[09-04 05:49:38] [주 마무리] 39주차 0.11s (국제대회 0.00s | 챔스 0.00s | 클럽WC 0.00s | 국내컵 0.00s | 리그시뮬 0.11s)
[09-04 05:49:38] [PERF-DAY] 39주차 273일차 처리 0.110s (stype='휴식' | 그주마지막날=True | 경기있음=False | 부상=True)
[09-04 05:49:38] [AI리그] 40주차 6844경기, OVR캐시 11393→11393) 세부: 경기조회 0.006s | 시뮬루프 0.045s | executemany(6844건) 0.016s | teams반영+commit 0.039s
[09-04 05:49:38] [주 마무리] 40주차 0.13s (국제대회 0.00s | 챔스 0.00s | 클럽WC 0.00s | 국내컵 0.02s | 리그시뮬 0.11s)
[09-04 05:49:38] [PERF-DAY] 40주차 280일차 처리 0.133s (stype='휴식' | 그주마지막날=True | 경기있음=False | 부상=False)
[09-04 05:49:38] [AI리그] 41주차 6841경기, OVR캐시 11393→11393) 세부: 경기조회 0.006s | 시뮬루프 0.047s | executemany(6841건) 0.015s | teams반영+commit 0.036s
[09-04 05:49:38] [주 마무리] 41주차 0.11s (국제대회 0.00s | 챔스 0.00s | 클럽WC 0.00s | 국내컵 0.00s | 리그시뮬 0.11s)
[09-04 05:49:38] [PERF-DAY] 41주차 287일차 처리 0.108s (stype='휴식' | 그주마지막날=True | 경기있음=False | 부상=False)
[09-04 05:49:38] [AI리그] 42주차 6742경기, OVR캐시 11393→11393) 세부: 경기조회 0.006s | 시뮬루프 0.046s | executemany(6742건) 0.014s | teams반영+commit 0.032s
[09-04 05:49:38] [주 마무리] 42주차 0.11s (국제대회 0.00s | 챔스 0.00s | 클럽WC 0.00s | 국내컵 0.01s | 리그시뮬 0.10s)
[09-04 05:49:38] [PERF-DAY] 42주차 294일차 처리 0.107s (stype='휴식' | 그주마지막날=True | 경기있음=False | 부상=True)
[09-04 05:49:40] [PERF-PROMO] _process_promotion_relegation 세부: my_player/season조회 0.001s | teams+leagues조회 0.012s | standings계산(710개리그) 0.266s | ai_players OVR스캔 0.211s | 승강판정루프(211개국) 0.026s | executemany(1212건) 0.016s | 리스케일(1212건) 0.329s | commit/close 0.320s | 캐시무효화 0.000s
[09-04 05:49:40] [PERF-SEASON] finalize_club_season 세부: finish_incomplete_matches=0.043s | promotion_relegation=1.188s
[09-04 05:49:40] [PERF-YEAR] 43주차(CLUB_SEASON_END_DAY) 세부: finalize_club_season=1.232s | promotion_playoffs=0.023s | PRAGMA optimize=0.001s
[09-04 05:49:40] [PERF-DAY] 43주차 300일차 처리 1.268s (stype='휴식' | 그주마지막날=False | 경기있음=False | 부상=True)
[09-04 05:49:40] [진행 총계] 1.29초
[09-04 05:49:40] [PERF-DAILYHOOK] 44주차 306일차: process_po_week 0.069s
[09-04 05:49:40] [PERF-DAY] 44주차 306일차 처리 0.069s (stype='고강도' | 그주마지막날=False | 경기있음=False | 부상=False)
[09-04 05:49:41] [PERF]   _end_of_season 세부: AI생애주기 0.00s (승강제 타이밍은 43주 _finalize_club_season으로 이동 — 여기 안 잡힘)
[09-04 05:49:42] [PERF]   일정생성 세부: 아카이브이동 0.81s | 완비판정조회 0.01s | 기존경기dedup조회 0.00s | 일정계산 0.20s | INSERT+commit 0.38s | (대상리그 710개, 신규경기 201400건)
[09-04 05:49:42] [PERF]   인덱스재생성 0.34s
[09-04 05:49:44] [PERF] 연도전환 총 3.25s (커리어정리 0.00s | _end_of_season 0.01s | 일정생성 1.75s | 파워랭킹 1.49s | PRAGMA optimize 0.00s)
[09-04 05:49:44] [PERF-WEEKTAIL] 52주차: _pay_salary 0.000s | _advance_week 3.253s
[09-04 05:49:44] [PERF-DAY] 52주차 364일차 처리 3.254s (stype='휴식' | 그주마지막날=True | 경기있음=False | 부상=False)
[09-04 05:49:44] [진행 총계] 3.26초
[09-04 05:49:45] [AI리그] 4주차 4527경기, OVR캐시 0→9054) 세부: 경기조회 0.015s | 시뮬루프 0.290s | executemany(4527건) 0.010s | teams반영+commit 0.023s
[09-04 05:49:45] [주 마무리] 4주차 0.34s (국제대회 0.00s | 챔스 0.00s | 클럽WC 0.00s | 국내컵 0.00s | 리그시뮬 0.34s)
[09-04 05:49:45] [PERF-WEEKTAIL] 4주차: _pay_salary 0.000s | _advance_week 0.180s
[09-04 05:49:45] [PERF-DAY] 4주차 28일차 처리 0.521s (stype='휴식' | 그주마지막날=True | 경기있음=False | 부상=False)
[09-04 05:49:45] [진행 총계] 0.53초
[09-04 05:49:45] [AI리그] 5주차 5771경기, OVR캐시 11263→11393) 세부: 경기조회 0.016s | 시뮬루프 0.064s | executemany(5771건) 0.012s | teams반영+commit 0.037s
[09-04 05:49:45] [주 마무리] 5주차 0.26s (국제대회 0.00s | 챔스 0.00s | 클럽WC 0.00s | 국내컵 0.13s | 리그시뮬 0.13s)
[09-04 05:49:45] [PERF-DAY] 5주차 35일차 처리 0.262s (stype='휴식' | 그주마지막날=True | 경기있음=False | 부상=False)
[09-04 05:49:45] [AI리그] 6주차 5734경기, OVR캐시 11393→11393) 세부: 경기조회 0.015s | 시뮬루프 0.041s | executemany(5734건) 0.012s | teams반영+commit 0.038s
[09-04 05:49:45] [주 마무리] 6주차 0.23s (국제대회 0.00s | 챔스 0.00s | 클럽WC 0.00s | 국내컵 0.12s | 리그시뮬 0.11s)
[09-04 05:49:45] [PERF-DAY] 6주차 42일차 처리 0.233s (stype='휴식' | 그주마지막날=True | 경기있음=False | 부상=False)
[09-04 05:49:46] [AI리그] 7주차 5801경기, OVR캐시 11393→11393) 세부: 경기조회 0.014s | 시뮬루프 0.046s | executemany(5801건) 0.013s | teams반영+commit 0.040s
[09-04 05:49:46] [주 마무리] 7주차 0.21s (국제대회 0.00s | 챔스 0.00s | 클럽WC 0.00s | 국내컵 0.10s | 리그시뮬 0.12s)
[09-04 05:49:46] [PERF-DAY] 7주차 49일차 처리 0.297s (stype='휴식' | 그주마지막날=True | 경기있음=False | 부상=False)
[09-04 05:49:46] [진행 총계] 0.30초
[09-04 05:49:46] [AI리그] 8주차 5757경기, OVR캐시 11393→11393) 세부: 경기조회 0.016s | 시뮬루프 0.046s | executemany(5757건) 0.013s | teams반영+commit 0.039s
[09-04 05:49:46] [주 마무리] 8주차 0.12s (국제대회 0.00s | 챔스 0.00s | 클럽WC 0.00s | 국내컵 0.00s | 리그시뮬 0.12s)
[09-04 05:49:46] [PERF-DAY] 8주차 56일차 처리 0.121s (stype='휴식' | 그주마지막날=True | 경기있음=False | 부상=False)
[09-04 05:49:46] [AI리그] 9주차 5731경기, OVR캐시 11393→11393) 세부: 경기조회 0.014s | 시뮬루프 0.041s | executemany(5731건) 0.013s | teams반영+commit 0.040s
[09-04 05:49:46] [주 마무리] 9주차 0.14s (국제대회 0.00s | 챔스 0.03s | 클럽WC 0.00s | 국내컵 0.00s | 리그시뮬 0.11s)
[09-04 05:49:46] [PERF-DAY] 9주차 63일차 처리 0.143s (stype='휴식' | 그주마지막날=True | 경기있음=False | 부상=False)
[09-04 05:49:46] [AI리그] 10주차 5766경기, OVR캐시 11393→11393) 세부: 경기조회 0.014s | 시뮬루프 0.047s | executemany(5766건) 0.013s | teams반영+commit 0.037s
[09-04 05:49:46] [주 마무리] 10주차 0.14s (국제대회 0.00s | 챔스 0.02s | 클럽WC 0.00s | 국내컵 0.00s | 리그시뮬 0.11s)
[09-04 05:49:46] [PERF-DAY] 10주차 70일차 처리 0.140s (stype='휴식' | 그주마지막날=True | 경기있음=False | 부상=False)
[09-04 05:49:47] [AI리그] 11주차 5618경기, OVR캐시 11393→11393) 세부: 경기조회 0.014s | 시뮬루프 0.042s | executemany(5618건) 0.014s | teams반영+commit 0.040s
[09-04 05:49:47] [주 마무리] 11주차 0.14s (국제대회 0.00s | 챔스 0.03s | 클럽WC 0.00s | 국내컵 0.00s | 리그시뮬 0.11s)
[09-04 05:49:47] [PERF-DAY] 11주차 77일차 처리 0.142s (stype='휴식' | 그주마지막날=True | 경기있음=False | 부상=False)
[09-04 05:49:47] [AI리그] 12주차 5609경기, OVR캐시 11393→11393) 세부: 경기조회 0.013s | 시뮬루프 0.047s | executemany(5609건) 0.013s | teams반영+commit 0.036s
[09-04 05:49:47] [주 마무리] 12주차 0.14s (국제대회 0.00s | 챔스 0.02s | 클럽WC 0.00s | 국내컵 0.00s | 리그시뮬 0.11s)
[09-04 05:49:47] [PERF-DAY] 12주차 84일차 처리 0.138s (stype='휴식' | 그주마지막날=True | 경기있음=False | 부상=False)
[09-04 05:49:47] [AI리그] 13주차 5233경기, OVR캐시 11393→11393) 세부: 경기조회 0.016s | 시뮬루프 0.042s | executemany(5233건) 0.012s | teams반영+commit 0.042s
[09-04 05:49:47] [주 마무리] 13주차 0.14s (국제대회 0.00s | 챔스 0.03s | 클럽WC 0.00s | 국내컵 0.00s | 리그시뮬 0.12s)
[09-04 05:49:47] [PERF-DAY] 13주차 91일차 처리 0.147s (stype='휴식' | 그주마지막날=True | 경기있음=False | 부상=False)
[09-04 05:49:47] [AI리그] 14주차 5527경기, OVR캐시 11393→11393) 세부: 경기조회 0.013s | 시뮬루프 0.042s | executemany(5527건) 0.013s | teams반영+commit 0.036s
[09-04 05:49:47] [주 마무리] 14주차 0.13s (국제대회 0.00s | 챔스 0.03s | 클럽WC 0.00s | 국내컵 0.00s | 리그시뮬 0.11s)
[09-04 05:49:47] [PERF-DAY] 14주차 98일차 처리 0.136s (stype='휴식' | 그주마지막날=True | 경기있음=False | 부상=False)
[09-04 05:49:48] [AI리그] 15주차 5747경기, OVR캐시 11393→11393) 세부: 경기조회 0.013s | 시뮬루프 0.043s | executemany(5747건) 0.012s | teams반영+commit 0.032s
[09-04 05:49:48] [주 마무리] 15주차 0.13s (국제대회 0.00s | 챔스 0.02s | 클럽WC 0.00s | 국내컵 0.00s | 리그시뮬 0.10s)
[09-04 05:49:48] [PERF-DAY] 15주차 105일차 처리 0.127s (stype='휴식' | 그주마지막날=True | 경기있음=False | 부상=False)
[09-04 05:49:48] [AI리그] 16주차 5732경기, OVR캐시 11393→11393) 세부: 경기조회 0.013s | 시뮬루프 0.048s | executemany(5732건) 0.013s | teams반영+commit 0.037s
[09-04 05:49:48] [주 마무리] 16주차 0.16s (국제대회 0.00s | 챔스 0.05s | 클럽WC 0.00s | 국내컵 0.00s | 리그시뮬 0.11s)
[09-04 05:49:48] [PERF-DAY] 16주차 112일차 처리 0.164s (stype='휴식' | 그주마지막날=True | 경기있음=False | 부상=False)
[09-04 05:49:48] [AI리그] 17주차 5482경기, OVR캐시 11393→11393) 세부: 경기조회 0.011s | 시뮬루프 0.041s | executemany(5482건) 0.012s | teams반영+commit 0.032s
[09-04 05:49:48] [주 마무리] 17주차 0.10s (국제대회 0.00s | 챔스 0.00s | 클럽WC 0.00s | 국내컵 0.00s | 리그시뮬 0.10s)
[09-04 05:49:48] [PERF-DAY] 17주차 119일차 처리 0.104s (stype='휴식' | 그주마지막날=True | 경기있음=False | 부상=False)
[09-04 05:49:48] [AI리그] 18주차 5384경기, OVR캐시 11393→11393) 세부: 경기조회 0.011s | 시뮬루프 0.047s | executemany(5384건) 0.013s | teams반영+commit 0.035s
[09-04 05:49:48] [주 마무리] 18주차 0.13s (국제대회 0.00s | 챔스 0.03s | 클럽WC 0.00s | 국내컵 0.00s | 리그시뮬 0.11s)
[09-04 05:49:48] [PERF-DAY] 18주차 126일차 처리 0.136s (stype='휴식' | 그주마지막날=True | 경기있음=False | 부상=False)
[09-04 05:49:48] [AI리그] 19주차 3886경기, OVR캐시 11393→11393) 세부: 경기조회 0.010s | 시뮬루프 0.029s | executemany(3886건) 0.009s | teams반영+commit 0.025s
[09-04 05:49:48] [주 마무리] 19주차 0.08s (국제대회 0.00s | 챔스 0.00s | 클럽WC 0.00s | 국내컵 0.00s | 리그시뮬 0.07s)
[09-04 05:49:48] [PERF-DAY] 19주차 133일차 처리 0.080s (stype='휴식' | 그주마지막날=True | 경기있음=False | 부상=False)
[09-04 05:49:48] [AI리그] 20주차 3343경기, OVR캐시 11393→11393) 세부: 경기조회 0.010s | 시뮬루프 0.025s | executemany(3343건) 0.008s | teams반영+commit 0.021s
[09-04 05:49:48] [주 마무리] 20주차 0.09s (국제대회 0.00s | 챔스 0.02s | 클럽WC 0.00s | 국내컵 0.00s | 리그시뮬 0.07s)
[09-04 05:49:48] [PERF-DAY] 20주차 140일차 처리 0.088s (stype='휴식' | 그주마지막날=True | 경기있음=False | 부상=False)
[09-04 05:49:49] [AI리그] 21주차 2934경기, OVR캐시 11393→11393) 세부: 경기조회 0.009s | 시뮬루프 0.022s | executemany(2934건) 0.006s | teams반영+commit 0.016s
[09-04 05:49:49] [주 마무리] 21주차 0.07s (국제대회 0.00s | 챔스 0.01s | 클럽WC 0.00s | 국내컵 0.00s | 리그시뮬 0.06s)
[09-04 05:49:49] [PERF-DAY] 21주차 147일차 처리 0.071s (stype='휴식' | 그주마지막날=True | 경기있음=False | 부상=False)
[09-04 05:49:49] [AI리그] 22주차 2779경기, OVR캐시 11393→11393) 세부: 경기조회 0.009s | 시뮬루프 0.022s | executemany(2779건) 0.007s | teams반영+commit 0.018s
[09-04 05:49:49] [주 마무리] 22주차 0.07s (국제대회 0.00s | 챔스 0.01s | 클럽WC 0.00s | 국내컵 0.00s | 리그시뮬 0.06s)
[09-04 05:49:49] [PERF-DAY] 22주차 154일차 처리 0.069s (stype='휴식' | 그주마지막날=True | 경기있음=False | 부상=False)
[09-04 05:49:49] [AI리그] 23주차 2291경기, OVR캐시 11393→11393) 세부: 경기조회 0.010s | 시뮬루프 0.023s | executemany(2291건) 0.007s | teams반영+commit 0.016s
[09-04 05:49:49] [주 마무리] 23주차 0.07s (국제대회 0.00s | 챔스 0.01s | 클럽WC 0.00s | 국내컵 0.00s | 리그시뮬 0.06s)
[09-04 05:49:49] [PERF-DAY] 23주차 161일차 처리 0.072s (stype='휴식' | 그주마지막날=True | 경기있음=False | 부상=False)
[09-04 05:49:49] [PERF-WEEKTAIL] 24주차: _pay_salary 0.000s | _advance_week 0.181s
[09-04 05:49:49] [PERF-DAY] 24주차 168일차 처리 0.228s (stype='휴식' | 그주마지막날=True | 경기있음=False | 부상=False)
[09-04 05:49:51] [PERF-DAILYHOOK] 26주차 176일차: process_intl_week 1.445s | process_cwc_week 0.000s
[09-04 05:49:51] [PERF-DAY] 26주차 176일차 처리 1.447s (stype='고강도' | 그주마지막날=False | 경기있음=False | 부상=False)
[09-04 05:49:51] [PERF-DAILYHOOK] 26주차 178일차: process_intl_week 0.058s | process_cwc_week 0.000s
[09-04 05:49:51] [PERF-DAY] 26주차 178일차 처리 0.060s (stype='고강도' | 그주마지막날=False | 경기있음=False | 부상=False)
[09-04 05:49:51] [PERF-DAILYHOOK] 26주차 180일차: process_intl_week 0.062s | process_cwc_week 0.000s
[09-04 05:49:51] [PERF-DAY] 26주차 180일차 처리 0.064s (stype='고강도' | 그주마지막날=False | 경기있음=False | 부상=False)
[09-04 05:49:51] [진행 총계] 1.62초
[09-04 05:49:54] [PERF-WEEKTAIL] 28주차: _pay_salary 0.000s | _advance_week 2.663s
[09-04 05:49:54] [PERF-DAY] 28주차 196일차 처리 2.677s (stype='휴식' | 그주마지막날=True | 경기있음=False | 부상=False)
[09-04 05:49:54] [진행 총계] 2.71초
[09-04 05:49:54] [AI리그] 29주차 4943경기, OVR캐시 11393→11393) 세부: 경기조회 0.010s | 시뮬루프 0.038s | executemany(4943건) 0.012s | teams반영+commit 0.031s
[09-04 05:49:54] [주 마무리] 29주차 0.10s (국제대회 0.00s | 챔스 0.00s | 클럽WC 0.00s | 국내컵 0.00s | 리그시뮬 0.09s)
[09-04 05:49:54] [PERF-DAY] 29주차 203일차 처리 0.100s (stype='휴식' | 그주마지막날=True | 경기있음=False | 부상=False)
[09-04 05:49:54] [AI리그] 30주차 6683경기, OVR캐시 11393→11393) 세부: 경기조회 0.010s | 시뮬루프 0.046s | executemany(6683건) 0.015s | teams반영+commit 0.036s
[09-04 05:49:54] [주 마무리] 30주차 0.18s (국제대회 0.00s | 챔스 0.00s | 클럽WC 0.00s | 국내컵 0.07s | 리그시뮬 0.11s)
[09-04 05:49:54] [PERF-DAY] 30주차 210일차 처리 0.187s (stype='휴식' | 그주마지막날=True | 경기있음=False | 부상=False)
[09-04 05:49:55] [AI리그] 31주차 6722경기, OVR캐시 11393→11393) 세부: 경기조회 0.010s | 시뮬루프 0.051s | executemany(6722건) 0.016s | teams반영+commit 0.040s
[09-04 05:49:55] [주 마무리] 31주차 0.12s (국제대회 0.00s | 챔스 0.00s | 클럽WC 0.00s | 국내컵 0.00s | 리그시뮬 0.12s)
[09-04 05:49:55] [PERF-DAY] 31주차 217일차 처리 0.126s (stype='휴식' | 그주마지막날=True | 경기있음=False | 부상=False)
[09-04 05:49:55] [AI리그] 32주차 6569경기, OVR캐시 11393→11393) 세부: 경기조회 0.010s | 시뮬루프 0.046s | executemany(6569건) 0.015s | teams반영+commit 0.038s
[09-04 05:49:55] [주 마무리] 32주차 0.18s (국제대회 0.00s | 챔스 0.00s | 클럽WC 0.00s | 국내컵 0.07s | 리그시뮬 0.11s)
[09-04 05:49:55] [PERF-DAY] 32주차 224일차 처리 0.186s (stype='휴식' | 그주마지막날=True | 경기있음=False | 부상=False)
[09-04 05:49:55] [AI리그] 33주차 6949경기, OVR캐시 11393→11393) 세부: 경기조회 0.010s | 시뮬루프 0.048s | executemany(6949건) 0.016s | teams반영+commit 0.037s
[09-04 05:49:55] [주 마무리] 33주차 0.11s (국제대회 0.00s | 챔스 0.00s | 클럽WC 0.00s | 국내컵 0.00s | 리그시뮬 0.11s)
[09-04 05:49:55] [PERF-DAY] 33주차 231일차 처리 0.119s (stype='휴식' | 그주마지막날=True | 경기있음=False | 부상=False)
[09-04 05:49:55] [AI리그] 34주차 6515경기, OVR캐시 11393→11393) 세부: 경기조회 0.009s | 시뮬루프 0.045s | executemany(6515건) 0.014s | teams반영+commit 0.037s
[09-04 05:49:55] [주 마무리] 34주차 0.16s (국제대회 0.00s | 챔스 0.00s | 클럽WC 0.00s | 국내컵 0.05s | 리그시뮬 0.11s)
[09-04 05:49:55] [PERF-DAY] 34주차 238일차 처리 0.164s (stype='휴식' | 그주마지막날=True | 경기있음=False | 부상=False)
[09-04 05:49:56] [AI리그] 35주차 6888경기, OVR캐시 11393→11393) 세부: 경기조회 0.009s | 시뮬루프 0.048s | executemany(6888건) 0.014s | teams반영+commit 0.033s
[09-04 05:49:56] [주 마무리] 35주차 0.11s (국제대회 0.00s | 챔스 0.00s | 클럽WC 0.00s | 국내컵 0.00s | 리그시뮬 0.11s)
[09-04 05:49:56] [PERF-DAY] 35주차 245일차 처리 0.112s (stype='휴식' | 그주마지막날=True | 경기있음=False | 부상=False)
[09-04 05:49:56] [AI리그] 36주차 7137경기, OVR캐시 11393→11393) 세부: 경기조회 0.008s | 시뮬루프 0.049s | executemany(7137건) 0.017s | teams반영+commit 0.039s
[09-04 05:49:56] [주 마무리] 36주차 0.16s (국제대회 0.00s | 챔스 0.00s | 클럽WC 0.00s | 국내컵 0.05s | 리그시뮬 0.11s)
[09-04 05:49:56] [PERF-DAY] 36주차 252일차 처리 0.167s (stype='휴식' | 그주마지막날=True | 경기있음=False | 부상=False)
[09-04 05:49:56] [AI리그] 37주차 6556경기, OVR캐시 11393→11393) 세부: 경기조회 0.007s | 시뮬루프 0.046s | executemany(6556건) 0.015s | teams반영+commit 0.042s
[09-04 05:49:56] [주 마무리] 37주차 0.12s (국제대회 0.00s | 챔스 0.00s | 클럽WC 0.00s | 국내컵 0.00s | 리그시뮬 0.11s)
[09-04 05:49:56] [PERF-DAY] 37주차 259일차 처리 0.120s (stype='휴식' | 그주마지막날=True | 경기있음=False | 부상=False)
[09-04 05:49:56] [AI리그] 38주차 6730경기, OVR캐시 11393→11393) 세부: 경기조회 0.007s | 시뮬루프 0.047s | executemany(6730건) 0.015s | teams반영+commit 0.038s
[09-04 05:49:56] [주 마무리] 38주차 0.17s (국제대회 0.00s | 챔스 0.00s | 클럽WC 0.00s | 국내컵 0.06s | 리그시뮬 0.11s)
[09-04 05:49:56] [PERF-DAY] 38주차 266일차 처리 0.178s (stype='휴식' | 그주마지막날=True | 경기있음=False | 부상=False)
[09-04 05:49:57] [AI리그] 39주차 6855경기, OVR캐시 11393→11393) 세부: 경기조회 0.007s | 시뮬루프 0.047s | executemany(6855건) 0.015s | teams반영+commit 0.036s
[09-04 05:49:57] [주 마무리] 39주차 0.11s (국제대회 0.00s | 챔스 0.00s | 클럽WC 0.00s | 국내컵 0.00s | 리그시뮬 0.11s)
[09-04 05:49:57] [PERF-DAY] 39주차 273일차 처리 0.113s (stype='휴식' | 그주마지막날=True | 경기있음=False | 부상=False)
[09-04 05:49:57] [AI리그] 40주차 6844경기, OVR캐시 11393→11393) 세부: 경기조회 0.006s | 시뮬루프 0.045s | executemany(6844건) 0.015s | teams반영+commit 0.037s
[09-04 05:49:57] [주 마무리] 40주차 0.13s (국제대회 0.00s | 챔스 0.00s | 클럽WC 0.00s | 국내컵 0.02s | 리그시뮬 0.11s)
[09-04 05:49:57] [PERF-DAY] 40주차 280일차 처리 0.135s (stype='휴식' | 그주마지막날=True | 경기있음=False | 부상=False)
[09-04 05:49:57] [AI리그] 41주차 6841경기, OVR캐시 11393→11393) 세부: 경기조회 0.006s | 시뮬루프 0.047s | executemany(6841건) 0.016s | teams반영+commit 0.039s
[09-04 05:49:57] [주 마무리] 41주차 0.11s (국제대회 0.00s | 챔스 0.00s | 클럽WC 0.00s | 국내컵 0.00s | 리그시뮬 0.11s)
[09-04 05:49:57] [PERF-DAY] 41주차 287일차 처리 0.115s (stype='휴식' | 그주마지막날=True | 경기있음=False | 부상=False)
[09-04 05:49:57] [AI리그] 42주차 6742경기, OVR캐시 11393→11393) 세부: 경기조회 0.005s | 시뮬루프 0.045s | executemany(6742건) 0.015s | teams반영+commit 0.036s
[09-04 05:49:57] [주 마무리] 42주차 0.11s (국제대회 0.00s | 챔스 0.00s | 클럽WC 0.00s | 국내컵 0.01s | 리그시뮬 0.10s)
[09-04 05:49:57] [PERF-DAY] 42주차 294일차 처리 0.115s (stype='휴식' | 그주마지막날=True | 경기있음=False | 부상=False)
[09-04 05:49:59] [PERF-PROMO] _process_promotion_relegation 세부: my_player/season조회 0.001s | teams+leagues조회 0.012s | standings계산(710개리그) 0.276s | ai_players OVR스캔 0.227s | 승강판정루프(211개국) 0.026s | executemany(1210건) 0.016s | 리스케일(1210건) 0.310s | commit/close 0.308s | 캐시무효화 0.000s
[09-04 05:49:59] [PERF-SEASON] finalize_club_season 세부: finish_incomplete_matches=0.048s | promotion_relegation=1.184s
[09-04 05:49:59] [PERF-YEAR] 43주차(CLUB_SEASON_END_DAY) 세부: finalize_club_season=1.233s | promotion_playoffs=0.023s | PRAGMA optimize=0.000s
[09-04 05:49:59] [PERF-DAY] 43주차 300일차 처리 1.273s (stype='휴식' | 그주마지막날=False | 경기있음=False | 부상=False)
[09-04 05:49:59] [진행 총계] 1.32초
[09-04 05:49:59] [PERF-DAILYHOOK] 44주차 306일차: process_po_week 0.068s
[09-04 05:49:59] [PERF-DAY] 44주차 306일차 처리 0.070s (stype='고강도' | 그주마지막날=False | 경기있음=False | 부상=False)
[09-04 05:50:00] [PERF]   _end_of_season 세부: AI생애주기 0.00s (승강제 타이밍은 43주 _finalize_club_season으로 이동 — 여기 안 잡힘)
[09-04 05:50:02] [PERF]   일정생성 세부: 아카이브이동 1.57s | 완비판정조회 0.01s | 기존경기dedup조회 0.00s | 일정계산 0.21s | INSERT+commit 0.37s | (대상리그 710개, 신규경기 201400건)
[09-04 05:50:02] [PERF]   인덱스재생성 0.34s
[09-04 05:50:04] [PERF] 연도전환 총 4.06s (커리어정리 0.00s | _end_of_season 0.02s | 일정생성 2.50s | 파워랭킹 1.53s | PRAGMA optimize 0.00s)
[09-04 05:50:04] [PERF-WEEKTAIL] 52주차: _pay_salary 0.000s | _advance_week 4.057s
[09-04 05:50:04] [PERF-DAY] 52주차 364일차 처리 4.059s (stype='휴식' | 그주마지막날=True | 경기있음=False | 부상=False)
[09-04 05:50:04] [진행 총계] 4.07초
[09-04 05:56:21] [PERF]   일정생성 세부: 아카이브이동 0.00s | 완비판정조회 0.01s | 기존경기dedup조회 0.00s | 일정계산 0.21s | INSERT+commit 0.38s | (대상리그 710개, 신규경기 201400건)
[09-04 05:56:21] [PERF]   인덱스재생성 0.34s
[09-04 05:56:26] [AI리그] 4주차 4527경기, OVR캐시 0→9054) 세부: 경기조회 0.014s | 시뮬루프 0.362s | executemany(4527건) 0.010s | teams반영+commit 0.021s
[09-04 05:56:26] [주 마무리] 4주차 0.41s (국제대회 0.00s | 챔스 0.00s | 클럽WC 0.00s | 국내컵 0.00s | 리그시뮬 0.41s)
[09-04 05:56:27] [PERF-WEEKTAIL] 4주차: _pay_salary 0.000s | _advance_week 0.155s
[09-04 05:56:27] [PERF-DAY] 4주차 28일차 처리 0.565s (stype='휴식' | 그주마지막날=True | 경기있음=False | 부상=False)
[09-04 05:56:27] [진행 총계] 0.57초
[09-04 05:56:27] [AI리그] 5주차 5771경기, OVR캐시 11263→11393) 세부: 경기조회 0.015s | 시뮬루프 0.171s | executemany(5771건) 0.013s | teams반영+commit 0.039s
[09-04 05:56:27] [주 마무리] 5주차 0.35s (국제대회 0.00s | 챔스 0.00s | 클럽WC 0.00s | 국내컵 0.11s | 리그시뮬 0.24s)
[09-04 05:56:27] [PERF-DAY] 5주차 35일차 처리 0.355s (stype='휴식' | 그주마지막날=True | 경기있음=False | 부상=False)
[09-04 05:56:27] [진행 총계] 0.36초
[09-04 05:56:27] [AI리그] 6주차 5734경기, OVR캐시 11393→11393) 세부: 경기조회 0.014s | 시뮬루프 0.153s | executemany(5734건) 0.013s | teams반영+commit 0.040s
[09-04 05:56:27] [주 마무리] 6주차 0.34s (국제대회 0.00s | 챔스 0.00s | 클럽WC 0.00s | 국내컵 0.12s | 리그시뮬 0.22s)
[09-04 05:56:27] [PERF-DAY] 6주차 42일차 처리 0.342s (stype='휴식' | 그주마지막날=True | 경기있음=False | 부상=False)
[09-04 05:56:27] [진행 총계] 0.35초
[09-04 05:56:28] [AI리그] 7주차 5801경기, OVR캐시 11393→11393) 세부: 경기조회 0.014s | 시뮬루프 0.153s | executemany(5801건) 0.013s | teams반영+commit 0.039s
[09-04 05:56:28] [주 마무리] 7주차 0.31s (국제대회 0.00s | 챔스 0.00s | 클럽WC 0.00s | 국내컵 0.09s | 리그시뮬 0.22s)
[09-04 05:56:28] [PERF-DAY] 7주차 49일차 처리 0.358s (stype='휴식' | 그주마지막날=True | 경기있음=False | 부상=False)
[09-04 05:56:28] [진행 총계] 0.36초
[09-04 05:56:28] [AI리그] 8주차 5757경기, OVR캐시 11393→11393) 세부: 경기조회 0.014s | 시뮬루프 0.150s | executemany(5757건) 0.011s | teams반영+commit 0.030s
[09-04 05:56:28] [주 마무리] 8주차 0.21s (국제대회 0.00s | 챔스 0.00s | 클럽WC 0.00s | 국내컵 0.00s | 리그시뮬 0.21s)
[09-04 05:56:28] [PERF-DAY] 8주차 56일차 처리 0.210s (stype='휴식' | 그주마지막날=True | 경기있음=False | 부상=False)
[09-04 05:56:28] [AI리그] 9주차 5731경기, OVR캐시 11393→11393) 세부: 경기조회 0.014s | 시뮬루프 0.162s | executemany(5731건) 0.013s | teams반영+commit 0.037s
[09-04 05:56:28] [주 마무리] 9주차 0.26s (국제대회 0.00s | 챔스 0.03s | 클럽WC 0.00s | 국내컵 0.00s | 리그시뮬 0.23s)
[09-04 05:56:28] [PERF-DAY] 9주차 63일차 처리 0.259s (stype='휴식' | 그주마지막날=True | 경기있음=False | 부상=False)
[09-04 05:56:29] [AI리그] 10주차 5766경기, OVR캐시 11393→11393) 세부: 경기조회 0.015s | 시뮬루프 0.159s | executemany(5766건) 0.012s | teams반영+commit 0.033s
[09-04 05:56:29] [주 마무리] 10주차 0.25s (국제대회 0.00s | 챔스 0.03s | 클럽WC 0.00s | 국내컵 0.00s | 리그시뮬 0.22s)
[09-04 05:56:29] [PERF-DAY] 10주차 70일차 처리 0.250s (stype='휴식' | 그주마지막날=True | 경기있음=False | 부상=False)
[09-04 05:56:29] [AI리그] 11주차 5618경기, OVR캐시 11393→11393) 세부: 경기조회 0.013s | 시뮬루프 0.150s | executemany(5618건) 0.012s | teams반영+commit 0.032s
[09-04 05:56:29] [주 마무리] 11주차 0.23s (국제대회 0.00s | 챔스 0.02s | 클럽WC 0.00s | 국내컵 0.00s | 리그시뮬 0.21s)
[09-04 05:56:29] [PERF-DAY] 11주차 77일차 처리 0.234s (stype='휴식' | 그주마지막날=True | 경기있음=False | 부상=False)
[09-04 05:56:29] [AI리그] 12주차 5609경기, OVR캐시 11393→11393) 세부: 경기조회 0.013s | 시뮬루프 0.151s | executemany(5609건) 0.012s | teams반영+commit 0.033s
[09-04 05:56:29] [주 마무리] 12주차 0.24s (국제대회 0.00s | 챔스 0.02s | 클럽WC 0.00s | 국내컵 0.00s | 리그시뮬 0.21s)
[09-04 05:56:29] [PERF-DAY] 12주차 84일차 처리 0.237s (stype='휴식' | 그주마지막날=True | 경기있음=False | 부상=False)
[09-04 05:56:29] [AI리그] 13주차 5233경기, OVR캐시 11393→11393) 세부: 경기조회 0.012s | 시뮬루프 0.140s | executemany(5233건) 0.012s | teams반영+commit 0.034s
[09-04 05:56:29] [주 마무리] 13주차 0.23s (국제대회 0.00s | 챔스 0.02s | 클럽WC 0.00s | 국내컵 0.00s | 리그시뮬 0.20s)
[09-04 05:56:29] [PERF-DAY] 13주차 91일차 처리 0.226s (stype='휴식' | 그주마지막날=True | 경기있음=False | 부상=False)
[09-04 05:56:30] [AI리그] 14주차 5527경기, OVR캐시 11393→11393) 세부: 경기조회 0.012s | 시뮬루프 0.138s | executemany(5527건) 0.012s | teams반영+commit 0.031s
[09-04 05:56:30] [주 마무리] 14주차 0.22s (국제대회 0.00s | 챔스 0.02s | 클럽WC 0.00s | 국내컵 0.00s | 리그시뮬 0.19s)
[09-04 05:56:30] [PERF-DAY] 14주차 98일차 처리 0.221s (stype='휴식' | 그주마지막날=True | 경기있음=False | 부상=False)
[09-04 05:56:30] [AI리그] 15주차 5747경기, OVR캐시 11393→11393) 세부: 경기조회 0.012s | 시뮬루프 0.155s | executemany(5747건) 0.012s | teams반영+commit 0.031s
[09-04 05:56:30] [주 마무리] 15주차 0.24s (국제대회 0.00s | 챔스 0.02s | 클럽WC 0.00s | 국내컵 0.00s | 리그시뮬 0.21s)
[09-04 05:56:30] [PERF-DAY] 15주차 105일차 처리 0.238s (stype='휴식' | 그주마지막날=True | 경기있음=False | 부상=False)
[09-04 05:56:30] [AI리그] 16주차 5732경기, OVR캐시 11393→11393) 세부: 경기조회 0.012s | 시뮬루프 0.155s | executemany(5732건) 0.013s | teams반영+commit 0.037s
[09-04 05:56:30] [주 마무리] 16주차 0.27s (국제대회 0.00s | 챔스 0.05s | 클럽WC 0.00s | 국내컵 0.00s | 리그시뮬 0.22s)
[09-04 05:56:30] [PERF-DAY] 16주차 112일차 처리 0.271s (stype='휴식' | 그주마지막날=True | 경기있음=False | 부상=False)
[09-04 05:56:31] [AI리그] 17주차 5482경기, OVR캐시 11393→11393) 세부: 경기조회 0.011s | 시뮬루프 0.145s | executemany(5482건) 0.012s | teams반영+commit 0.035s
[09-04 05:56:31] [주 마무리] 17주차 0.21s (국제대회 0.00s | 챔스 0.00s | 클럽WC 0.00s | 국내컵 0.00s | 리그시뮬 0.21s)
[09-04 05:56:31] [PERF-DAY] 17주차 119일차 처리 0.210s (stype='휴식' | 그주마지막날=True | 경기있음=False | 부상=False)
[09-04 05:56:31] [AI리그] 18주차 5384경기, OVR캐시 11393→11393) 세부: 경기조회 0.011s | 시뮬루프 0.150s | executemany(5384건) 0.012s | teams반영+commit 0.032s
[09-04 05:56:31] [주 마무리] 18주차 0.23s (국제대회 0.00s | 챔스 0.03s | 클럽WC 0.00s | 국내컵 0.00s | 리그시뮬 0.21s)
[09-04 05:56:31] [PERF-DAY] 18주차 126일차 처리 0.234s (stype='휴식' | 그주마지막날=True | 경기있음=False | 부상=False)
[09-04 05:56:31] [AI리그] 19주차 3886경기, OVR캐시 11393→11393) 세부: 경기조회 0.010s | 시뮬루프 0.102s | executemany(3886건) 0.009s | teams반영+commit 0.025s
[09-04 05:56:31] [주 마무리] 19주차 0.15s (국제대회 0.00s | 챔스 0.00s | 클럽WC 0.00s | 국내컵 0.00s | 리그시뮬 0.15s)
[09-04 05:56:31] [PERF-DAY] 19주차 133일차 처리 0.152s (stype='휴식' | 그주마지막날=True | 경기있음=False | 부상=False)
[09-04 05:56:31] [AI리그] 20주차 3343경기, OVR캐시 11393→11393) 세부: 경기조회 0.010s | 시뮬루프 0.093s | executemany(3343건) 0.008s | teams반영+commit 0.022s
[09-04 05:56:31] [주 마무리] 20주차 0.16s (국제대회 0.00s | 챔스 0.02s | 클럽WC 0.00s | 국내컵 0.00s | 리그시뮬 0.13s)
[09-04 05:56:31] [PERF-DAY] 20주차 140일차 처리 0.156s (stype='휴식' | 그주마지막날=True | 경기있음=False | 부상=False)
[09-04 05:56:32] [AI리그] 21주차 2934경기, OVR캐시 11393→11393) 세부: 경기조회 0.009s | 시뮬루프 0.079s | executemany(2934건) 0.007s | teams반영+commit 0.020s
[09-04 05:56:32] [주 마무리] 21주차 0.13s (국제대회 0.00s | 챔스 0.01s | 클럽WC 0.00s | 국내컵 0.00s | 리그시뮬 0.12s)
[09-04 05:56:32] [PERF-DAY] 21주차 147일차 처리 0.131s (stype='휴식' | 그주마지막날=True | 경기있음=False | 부상=False)
[09-04 05:56:32] [AI리그] 22주차 2779경기, OVR캐시 11393→11393) 세부: 경기조회 0.009s | 시뮬루프 0.074s | executemany(2779건) 0.007s | teams반영+commit 0.017s
[09-04 05:56:32] [주 마무리] 22주차 0.12s (국제대회 0.00s | 챔스 0.01s | 클럽WC 0.00s | 국내컵 0.00s | 리그시뮬 0.11s)
[09-04 05:56:32] [PERF-DAY] 22주차 154일차 처리 0.121s (stype='휴식' | 그주마지막날=True | 경기있음=False | 부상=False)
[09-04 05:56:32] [AI리그] 23주차 2291경기, OVR캐시 11393→11393) 세부: 경기조회 0.008s | 시뮬루프 0.058s | executemany(2291건) 0.005s | teams반영+commit 0.012s
[09-04 05:56:32] [주 마무리] 23주차 0.10s (국제대회 0.00s | 챔스 0.01s | 클럽WC 0.00s | 국내컵 0.00s | 리그시뮬 0.08s)
[09-04 05:56:32] [PERF-DAY] 23주차 161일차 처리 0.103s (stype='휴식' | 그주마지막날=True | 경기있음=False | 부상=False)
[09-04 05:56:32] [AI리그] 24주차 2602경기, OVR캐시 11393→11393) 세부: 경기조회 0.008s | 시뮬루프 0.051s | executemany(2602건) 0.006s | teams반영+commit 0.010s
[09-04 05:56:32] [주 마무리] 24주차 0.08s (국제대회 0.00s | 챔스 0.00s | 클럽WC 0.00s | 국내컵 0.00s | 리그시뮬 0.08s)
[09-04 05:56:32] [PERF-DAY] 24주차 168일차 처리 0.079s (stype='휴식' | 그주마지막날=True | 경기있음=False | 부상=False)
[09-04 05:56:33] [PERF-DAILYHOOK] 25주차 169일차: process_intl_week 0.421s | process_cwc_week 0.000s
[09-04 05:56:33] [PERF-DAY] 25주차 169일차 처리 0.423s (stype='고강도' | 그주마지막날=False | 경기있음=False | 부상=False)
[09-04 05:56:33] [진행 총계] 0.45초
[09-04 05:56:36] [PERF-WEEKTAIL] 28주차: _pay_salary 0.000s | _advance_week 2.645s
[09-04 05:56:36] [PERF-DAY] 28주차 196일차 처리 2.654s (stype='휴식' | 그주마지막날=True | 경기있음=False | 부상=False)
[09-04 05:56:36] [진행 총계] 2.66초
[09-04 05:56:36] [AI리그] 29주차 4943경기, OVR캐시 11393→11393) 세부: 경기조회 0.010s | 시뮬루프 0.131s | executemany(4943건) 0.011s | teams반영+commit 0.028s
[09-04 05:56:36] [주 마무리] 29주차 0.18s (국제대회 0.00s | 챔스 0.00s | 클럽WC 0.00s | 국내컵 0.00s | 리그시뮬 0.18s)
[09-04 05:56:36] [PERF-DAY] 29주차 203일차 처리 0.183s (stype='휴식' | 그주마지막날=True | 경기있음=False | 부상=True)
[09-04 05:56:36] [AI리그] 30주차 6683경기, OVR캐시 11393→11393) 세부: 경기조회 0.010s | 시뮬루프 0.163s | executemany(6683건) 0.014s | teams반영+commit 0.033s
[09-04 05:56:36] [주 마무리] 30주차 0.29s (국제대회 0.00s | 챔스 0.00s | 클럽WC 0.00s | 국내컵 0.07s | 리그시뮬 0.22s)
[09-04 05:56:36] [PERF-DAY] 30주차 210일차 처리 0.290s (stype='휴식' | 그주마지막날=True | 경기있음=False | 부상=True)
[09-04 05:56:37] [AI리그] 31주차 6722경기, OVR캐시 11393→11393) 세부: 경기조회 0.010s | 시뮬루프 0.162s | executemany(6722건) 0.014s | teams반영+commit 0.033s
[09-04 05:56:37] [주 마무리] 31주차 0.22s (국제대회 0.00s | 챔스 0.00s | 클럽WC 0.00s | 국내컵 0.00s | 리그시뮬 0.22s)
[09-04 05:56:37] [PERF-DAY] 31주차 217일차 처리 0.224s (stype='휴식' | 그주마지막날=True | 경기있음=False | 부상=True)
[09-04 05:56:37] [AI리그] 32주차 6569경기, OVR캐시 11393→11393) 세부: 경기조회 0.010s | 시뮬루프 0.167s | executemany(6569건) 0.014s | teams반영+commit 0.035s
[09-04 05:56:37] [주 마무리] 32주차 0.29s (국제대회 0.00s | 챔스 0.00s | 클럽WC 0.00s | 국내컵 0.07s | 리그시뮬 0.23s)
[09-04 05:56:37] [PERF-DAY] 32주차 224일차 처리 0.294s (stype='휴식' | 그주마지막날=True | 경기있음=False | 부상=False)
[09-04 05:56:37] [AI리그] 33주차 6949경기, OVR캐시 11393→11393) 세부: 경기조회 0.009s | 시뮬루프 0.163s | executemany(6949건) 0.014s | teams반영+commit 0.032s
[09-04 05:56:37] [주 마무리] 33주차 0.22s (국제대회 0.00s | 챔스 0.00s | 클럽WC 0.00s | 국내컵 0.00s | 리그시뮬 0.22s)
[09-04 05:56:37] [PERF-DAY] 33주차 231일차 처리 0.222s (stype='휴식' | 그주마지막날=True | 경기있음=False | 부상=False)
[09-04 05:56:37] [AI리그] 34주차 6515경기, OVR캐시 11393→11393) 세부: 경기조회 0.008s | 시뮬루프 0.164s | executemany(6515건) 0.014s | teams반영+commit 0.037s
[09-04 05:56:37] [주 마무리] 34주차 0.27s (국제대회 0.00s | 챔스 0.00s | 클럽WC 0.00s | 국내컵 0.05s | 리그시뮬 0.23s)
[09-04 05:56:37] [PERF-DAY] 34주차 238일차 처리 0.275s (stype='휴식' | 그주마지막날=True | 경기있음=False | 부상=False)
[09-04 05:56:38] [AI리그] 35주차 6888경기, OVR캐시 11393→11393) 세부: 경기조회 0.009s | 시뮬루프 0.167s | executemany(6888건) 0.015s | teams반영+commit 0.037s
[09-04 05:56:38] [주 마무리] 35주차 0.23s (국제대회 0.00s | 챔스 0.00s | 클럽WC 0.00s | 국내컵 0.00s | 리그시뮬 0.23s)
[09-04 05:56:38] [PERF-DAY] 35주차 245일차 처리 0.232s (stype='휴식' | 그주마지막날=True | 경기있음=False | 부상=False)
[09-04 05:56:38] [AI리그] 36주차 7137경기, OVR캐시 11393→11393) 세부: 경기조회 0.008s | 시뮬루프 0.165s | executemany(7137건) 0.016s | teams반영+commit 0.036s
[09-04 05:56:38] [주 마무리] 36주차 0.27s (국제대회 0.00s | 챔스 0.00s | 클럽WC 0.00s | 국내컵 0.04s | 리그시뮬 0.23s)
[09-04 05:56:38] [PERF-DAY] 36주차 252일차 처리 0.271s (stype='휴식' | 그주마지막날=True | 경기있음=False | 부상=False)
[09-04 05:56:38] [AI리그] 37주차 6556경기, OVR캐시 11393→11393) 세부: 경기조회 0.007s | 시뮬루프 0.163s | executemany(6556건) 0.015s | teams반영+commit 0.036s
[09-04 05:56:38] [주 마무리] 37주차 0.22s (국제대회 0.00s | 챔스 0.00s | 클럽WC 0.00s | 국내컵 0.00s | 리그시뮬 0.22s)
[09-04 05:56:38] [PERF-DAY] 37주차 259일차 처리 0.225s (stype='휴식' | 그주마지막날=True | 경기있음=False | 부상=False)
[09-04 05:56:39] [AI리그] 38주차 6730경기, OVR캐시 11393→11393) 세부: 경기조회 0.007s | 시뮬루프 0.164s | executemany(6730건) 0.015s | teams반영+commit 0.036s
[09-04 05:56:39] [주 마무리] 38주차 0.28s (국제대회 0.00s | 챔스 0.00s | 클럽WC 0.00s | 국내컵 0.06s | 리그시뮬 0.22s)
[09-04 05:56:39] [PERF-DAY] 38주차 266일차 처리 0.284s (stype='휴식' | 그주마지막날=True | 경기있음=False | 부상=False)
[09-04 05:56:39] [AI리그] 39주차 6855경기, OVR캐시 11393→11393) 세부: 경기조회 0.007s | 시뮬루프 0.164s | executemany(6855건) 0.014s | teams반영+commit 0.035s
[09-04 05:56:39] [주 마무리] 39주차 0.22s (국제대회 0.00s | 챔스 0.00s | 클럽WC 0.00s | 국내컵 0.00s | 리그시뮬 0.22s)
[09-04 05:56:39] [PERF-DAY] 39주차 273일차 처리 0.224s (stype='휴식' | 그주마지막날=True | 경기있음=False | 부상=False)
[09-04 05:56:39] [AI리그] 40주차 6844경기, OVR캐시 11393→11393) 세부: 경기조회 0.006s | 시뮬루프 0.164s | executemany(6844건) 0.015s | teams반영+commit 0.037s
[09-04 05:56:39] [주 마무리] 40주차 0.25s (국제대회 0.00s | 챔스 0.00s | 클럽WC 0.00s | 국내컵 0.02s | 리그시뮬 0.22s)
[09-04 05:56:39] [PERF-DAY] 40주차 280일차 처리 0.248s (stype='휴식' | 그주마지막날=True | 경기있음=False | 부상=False)
[09-04 05:56:40] [AI리그] 41주차 6841경기, OVR캐시 11393→11393) 세부: 경기조회 0.006s | 시뮬루프 0.163s | executemany(6841건) 0.015s | teams반영+commit 0.037s
[09-04 05:56:40] [주 마무리] 41주차 0.22s (국제대회 0.00s | 챔스 0.00s | 클럽WC 0.00s | 국내컵 0.00s | 리그시뮬 0.22s)
[09-04 05:56:40] [PERF-DAY] 41주차 287일차 처리 0.224s (stype='휴식' | 그주마지막날=True | 경기있음=False | 부상=False)
[09-04 05:56:40] [AI리그] 42주차 6742경기, OVR캐시 11393→11393) 세부: 경기조회 0.005s | 시뮬루프 0.151s | executemany(6742건) 0.013s | teams반영+commit 0.030s
[09-04 05:56:40] [주 마무리] 42주차 0.21s (국제대회 0.00s | 챔스 0.00s | 클럽WC 0.00s | 국내컵 0.01s | 리그시뮬 0.20s)
[09-04 05:56:40] [PERF-DAY] 42주차 294일차 처리 0.209s (stype='휴식' | 그주마지막날=True | 경기있음=False | 부상=False)
[09-04 05:56:41] [PERF-PROMO] _process_promotion_relegation 세부: my_player/season조회 0.001s | teams+leagues조회 0.011s | standings계산(710개리그) 0.280s | ai_players OVR스캔 0.205s | 승강판정루프(211개국) 0.026s | executemany(1212건) 0.016s | 리스케일(1212건) 0.333s | commit/close 0.324s | 캐시무효화 0.000s
[09-04 05:56:41] [PERF-SEASON] finalize_club_season 세부: finish_incomplete_matches=0.045s | promotion_relegation=1.205s
[09-04 05:56:41] [PERF-YEAR] 43주차(CLUB_SEASON_END_DAY) 세부: finalize_club_season=1.250s | promotion_playoffs=0.026s | PRAGMA optimize=0.006s
[09-04 05:56:41] [PERF-DAY] 43주차 300일차 처리 1.296s (stype='휴식' | 그주마지막날=False | 경기있음=False | 부상=False)
[09-04 05:56:41] [진행 총계] 1.32초
[09-04 05:56:42] [PERF-DAILYHOOK] 44주차 306일차: process_po_week 0.072s
[09-04 05:56:42] [PERF-DAY] 44주차 306일차 처리 0.073s (stype='고강도' | 그주마지막날=False | 경기있음=False | 부상=False)
[09-04 05:56:42] [PERF-DAILYHOOK] 46주차 316일차: process_intl_week 0.142s | process_cwc_week 0.000s
[09-04 05:56:42] [PERF-DAY] 46주차 316일차 처리 0.143s (stype='고강도' | 그주마지막날=False | 경기있음=False | 부상=False)
[09-04 05:56:42] [PERF-DAILYHOOK] 46주차 317일차: process_intl_week 0.141s | process_cwc_week 0.000s
[09-04 05:56:42] [PERF-DAY] 46주차 317일차 처리 0.143s (stype='휴식' | 그주마지막날=False | 경기있음=False | 부상=False)
[09-04 05:56:42] [PERF-DAILYHOOK] 46주차 318일차: process_intl_week 0.149s | process_cwc_week 0.000s
[09-04 05:56:42] [PERF-DAY] 46주차 318일차 처리 0.151s (stype='고강도' | 그주마지막날=False | 경기있음=False | 부상=False)
[09-04 05:56:42] [PERF-DAILYHOOK] 46주차 319일차: process_intl_week 0.136s | process_cwc_week 0.000s
[09-04 05:56:42] [PERF-DAY] 46주차 319일차 처리 0.137s (stype='휴식' | 그주마지막날=False | 경기있음=False | 부상=False)
[09-04 05:56:42] [진행 총계] 0.60초
[09-04 05:57:16] [PERF]   _end_of_season 세부: AI생애주기 33.31s (승강제 타이밍은 43주 _finalize_club_season으로 이동 — 여기 안 잡힘)
[09-04 05:57:17] [PERF]   일정생성 세부: 아카이브이동 0.72s | 완비판정조회 0.01s | 기존경기dedup조회 0.00s | 일정계산 0.20s | INSERT+commit 0.36s | (대상리그 710개, 신규경기 201400건)
[09-04 05:57:18] [PERF]   인덱스재생성 0.35s
[09-04 05:57:20] [PERF] 연도전환 총 36.89s (커리어정리 0.00s | _end_of_season 33.32s | 일정생성 1.66s | 파워랭킹 1.89s | PRAGMA optimize 0.02s)
[09-04 05:57:20] [PERF-WEEKTAIL] 52주차: _pay_salary 0.000s | _advance_week 36.886s
[09-04 05:57:20] [PERF-DAY] 52주차 364일차 처리 36.888s (stype='휴식' | 그주마지막날=True | 경기있음=False | 부상=False)
[09-04 05:57:20] [진행 총계] 36.89초
[09-04 05:57:20] [AI리그] 4주차 4527경기, OVR캐시 0→9054) 세부: 경기조회 0.015s | 시뮬루프 0.303s | executemany(4527건) 0.009s | teams반영+commit 0.022s
[09-04 05:57:20] [주 마무리] 4주차 0.35s (국제대회 0.00s | 챔스 0.00s | 클럽WC 0.00s | 국내컵 0.00s | 리그시뮬 0.35s)
[09-04 05:57:21] [PERF-WEEKTAIL] 4주차: _pay_salary 0.000s | _advance_week 0.177s
[09-04 05:57:21] [PERF-DAY] 4주차 28일차 처리 0.530s (stype='휴식' | 그주마지막날=True | 경기있음=False | 부상=False)
[09-04 05:57:21] [진행 총계] 0.54초
[09-04 05:57:21] [AI리그] 5주차 5771경기, OVR캐시 11263→11393) 세부: 경기조회 0.016s | 시뮬루프 0.067s | executemany(5771건) 0.013s | teams반영+commit 0.038s
[09-04 05:57:21] [주 마무리] 5주차 0.26s (국제대회 0.00s | 챔스 0.00s | 클럽WC 0.00s | 국내컵 0.12s | 리그시뮬 0.14s)
[09-04 05:57:21] [PERF-DAY] 5주차 35일차 처리 0.258s (stype='휴식' | 그주마지막날=True | 경기있음=False | 부상=False)
[09-04 05:57:21] [AI리그] 6주차 5734경기, OVR캐시 11393→11393) 세부: 경기조회 0.015s | 시뮬루프 0.044s | executemany(5734건) 0.013s | teams반영+commit 0.040s
[09-04 05:57:21] [주 마무리] 6주차 0.24s (국제대회 0.00s | 챔스 0.00s | 클럽WC 0.00s | 국내컵 0.12s | 리그시뮬 0.11s)
[09-04 05:57:21] [PERF-DAY] 6주차 42일차 처리 0.239s (stype='휴식' | 그주마지막날=True | 경기있음=False | 부상=False)
[09-04 05:57:22] [AI리그] 7주차 5801경기, OVR캐시 11393→11393) 세부: 경기조회 0.014s | 시뮬루프 0.049s | executemany(5801건) 0.012s | teams반영+commit 0.038s
[09-04 05:57:22] [주 마무리] 7주차 0.21s (국제대회 0.00s | 챔스 0.00s | 클럽WC 0.00s | 국내컵 0.09s | 리그시뮬 0.12s)
[09-04 05:57:22] [PERF-DAY] 7주차 49일차 처리 0.274s (stype='휴식' | 그주마지막날=True | 경기있음=False | 부상=False)
[09-04 05:57:22] [AI리그] 8주차 5757경기, OVR캐시 11393→11393) 세부: 경기조회 0.015s | 시뮬루프 0.045s | executemany(5757건) 0.013s | teams반영+commit 0.039s
[09-04 05:57:22] [주 마무리] 8주차 0.12s (국제대회 0.00s | 챔스 0.00s | 클럽WC 0.00s | 국내컵 0.00s | 리그시뮬 0.11s)
[09-04 05:57:22] [PERF-DAY] 8주차 56일차 처리 0.118s (stype='휴식' | 그주마지막날=True | 경기있음=False | 부상=False)
[09-04 05:57:22] [AI리그] 9주차 5731경기, OVR캐시 11393→11393) 세부: 경기조회 0.014s | 시뮬루프 0.043s | executemany(5731건) 0.013s | teams반영+commit 0.039s
[09-04 05:57:22] [주 마무리] 9주차 0.14s (국제대회 0.00s | 챔스 0.03s | 클럽WC 0.00s | 국내컵 0.00s | 리그시뮬 0.11s)
[09-04 05:57:22] [PERF-DAY] 9주차 63일차 처리 0.143s (stype='휴식' | 그주마지막날=True | 경기있음=False | 부상=False)
[09-04 05:57:22] [AI리그] 10주차 5766경기, OVR캐시 11393→11393) 세부: 경기조회 0.015s | 시뮬루프 0.048s | executemany(5766건) 0.013s | teams반영+commit 0.040s
[09-04 05:57:22] [주 마무리] 10주차 0.14s (국제대회 0.00s | 챔스 0.02s | 클럽WC 0.00s | 국내컵 0.00s | 리그시뮬 0.12s)
[09-04 05:57:22] [PERF-DAY] 10주차 70일차 처리 0.145s (stype='휴식' | 그주마지막날=True | 경기있음=False | 부상=False)
[09-04 05:57:23] [AI리그] 11주차 5618경기, OVR캐시 11393→11393) 세부: 경기조회 0.014s | 시뮬루프 0.043s | executemany(5618건) 0.012s | teams반영+commit 0.035s
[09-04 05:57:23] [주 마무리] 11주차 0.13s (국제대회 0.00s | 챔스 0.02s | 클럽WC 0.00s | 국내컵 0.00s | 리그시뮬 0.11s)
[09-04 05:57:23] [PERF-DAY] 11주차 77일차 처리 0.133s (stype='휴식' | 그주마지막날=True | 경기있음=False | 부상=False)
[09-04 05:57:23] [AI리그] 12주차 5609경기, OVR캐시 11393→11393) 세부: 경기조회 0.013s | 시뮬루프 0.045s | executemany(5609건) 0.013s | teams반영+commit 0.039s
[09-04 05:57:23] [주 마무리] 12주차 0.14s (국제대회 0.00s | 챔스 0.02s | 클럽WC 0.00s | 국내컵 0.00s | 리그시뮬 0.11s)
[09-04 05:57:23] [PERF-DAY] 12주차 84일차 처리 0.140s (stype='휴식' | 그주마지막날=True | 경기있음=False | 부상=False)
[09-04 05:57:23] [AI리그] 13주차 5233경기, OVR캐시 11393→11393) 세부: 경기조회 0.019s | 시뮬루프 0.042s | executemany(5233건) 0.012s | teams반영+commit 0.046s
[09-04 05:57:23] [주 마무리] 13주차 0.15s (국제대회 0.00s | 챔스 0.02s | 클럽WC 0.00s | 국내컵 0.00s | 리그시뮬 0.12s)
[09-04 05:57:23] [PERF-DAY] 13주차 91일차 처리 0.150s (stype='휴식' | 그주마지막날=True | 경기있음=False | 부상=False)
[09-04 05:57:23] [AI리그] 14주차 5527경기, OVR캐시 11393→11393) 세부: 경기조회 0.013s | 시뮬루프 0.045s | executemany(5527건) 0.012s | teams반영+commit 0.034s
[09-04 05:57:23] [주 마무리] 14주차 0.13s (국제대회 0.00s | 챔스 0.02s | 클럽WC 0.00s | 국내컵 0.00s | 리그시뮬 0.11s)
[09-04 05:57:23] [PERF-DAY] 14주차 98일차 처리 0.134s (stype='휴식' | 그주마지막날=True | 경기있음=False | 부상=False)
[09-04 05:57:23] [AI리그] 15주차 5747경기, OVR캐시 11393→11393) 세부: 경기조회 0.013s | 시뮬루프 0.052s | executemany(5747건) 0.013s | teams반영+commit 0.037s
[09-04 05:57:23] [주 마무리] 15주차 0.14s (국제대회 0.00s | 챔스 0.02s | 클럽WC 0.00s | 국내컵 0.00s | 리그시뮬 0.12s)
[09-04 05:57:23] [PERF-DAY] 15주차 105일차 처리 0.146s (stype='휴식' | 그주마지막날=True | 경기있음=False | 부상=False)
[09-04 05:57:24] [AI리그] 16주차 5732경기, OVR캐시 11393→11393) 세부: 경기조회 0.012s | 시뮬루프 0.045s | executemany(5732건) 0.013s | teams반영+commit 0.033s
[09-04 05:57:24] [주 마무리] 16주차 0.15s (국제대회 0.00s | 챔스 0.05s | 클럽WC 0.00s | 국내컵 0.00s | 리그시뮬 0.10s)
[09-04 05:57:24] [PERF-DAY] 16주차 112일차 처리 0.154s (stype='휴식' | 그주마지막날=True | 경기있음=False | 부상=False)
[09-04 05:57:24] [AI리그] 17주차 5482경기, OVR캐시 11393→11393) 세부: 경기조회 0.012s | 시뮬루프 0.050s | executemany(5482건) 0.013s | teams반영+commit 0.032s
[09-04 05:57:24] [주 마무리] 17주차 0.11s (국제대회 0.00s | 챔스 0.00s | 클럽WC 0.00s | 국내컵 0.00s | 리그시뮬 0.11s)
[09-04 05:57:24] [PERF-DAY] 17주차 119일차 처리 0.114s (stype='휴식' | 그주마지막날=True | 경기있음=False | 부상=False)
[09-04 05:57:24] [AI리그] 18주차 5384경기, OVR캐시 11393→11393) 세부: 경기조회 0.011s | 시뮬루프 0.045s | executemany(5384건) 0.012s | teams반영+commit 0.035s
[09-04 05:57:24] [주 마무리] 18주차 0.13s (국제대회 0.00s | 챔스 0.03s | 클럽WC 0.00s | 국내컵 0.00s | 리그시뮬 0.11s)
[09-04 05:57:24] [PERF-DAY] 18주차 126일차 처리 0.134s (stype='휴식' | 그주마지막날=True | 경기있음=False | 부상=False)
[09-04 05:57:24] [AI리그] 19주차 3886경기, OVR캐시 11393→11393) 세부: 경기조회 0.010s | 시뮬루프 0.030s | executemany(3886건) 0.009s | teams반영+commit 0.025s
[09-04 05:57:24] [주 마무리] 19주차 0.08s (국제대회 0.00s | 챔스 0.00s | 클럽WC 0.00s | 국내컵 0.00s | 리그시뮬 0.08s)
[09-04 05:57:24] [PERF-DAY] 19주차 133일차 처리 0.082s (stype='휴식' | 그주마지막날=True | 경기있음=False | 부상=False)
[09-04 05:57:24] [AI리그] 20주차 3343경기, OVR캐시 11393→11393) 세부: 경기조회 0.009s | 시뮬루프 0.026s | executemany(3343건) 0.008s | teams반영+commit 0.022s
[09-04 05:57:24] [주 마무리] 20주차 0.09s (국제대회 0.00s | 챔스 0.02s | 클럽WC 0.00s | 국내컵 0.00s | 리그시뮬 0.07s)
[09-04 05:57:24] [PERF-DAY] 20주차 140일차 처리 0.089s (stype='휴식' | 그주마지막날=True | 경기있음=False | 부상=False)
[09-04 05:57:24] [AI리그] 21주차 2934경기, OVR캐시 11393→11393) 세부: 경기조회 0.010s | 시뮬루프 0.027s | executemany(2934건) 0.007s | teams반영+commit 0.019s
[09-04 05:57:24] [주 마무리] 21주차 0.08s (국제대회 0.00s | 챔스 0.01s | 클럽WC 0.00s | 국내컵 0.00s | 리그시뮬 0.06s)
[09-04 05:57:24] [PERF-DAY] 21주차 147일차 처리 0.080s (stype='휴식' | 그주마지막날=True | 경기있음=False | 부상=False)
[09-04 05:57:24] [AI리그] 22주차 2779경기, OVR캐시 11393→11393) 세부: 경기조회 0.009s | 시뮬루프 0.021s | executemany(2779건) 0.007s | teams반영+commit 0.019s
[09-04 05:57:24] [주 마무리] 22주차 0.07s (국제대회 0.00s | 챔스 0.01s | 클럽WC 0.00s | 국내컵 0.00s | 리그시뮬 0.06s)
[09-04 05:57:24] [PERF-DAY] 22주차 154일차 처리 0.071s (stype='휴식' | 그주마지막날=True | 경기있음=False | 부상=False)
[09-04 05:57:25] [주 마무리] 23주차 0.06s (국제대회 0.00s | 챔스 0.01s | 클럽WC 0.00s | 국내컵 0.00s | 리그시뮬 0.05s)
[09-04 05:57:25] [PERF-DAY] 23주차 161일차 처리 0.081s (stype='휴식' | 그주마지막날=True | 경기있음=False | 부상=False)
[09-04 05:57:25] [PERF-DAILYHOOK] 25주차 169일차: process_intl_week 0.564s | process_cwc_week 0.000s
[09-04 05:57:25] [PERF-DAY] 25주차 169일차 처리 0.566s (stype='고강도' | 그주마지막날=False | 경기있음=False | 부상=False)
[09-04 05:57:26] [진행 총계] 0.60초
[09-04 05:57:26] [PERF-DAILYHOOK] 27주차 189일차: process_intl_week 0.055s | process_cwc_week 0.000s
[09-04 05:57:26] [PERF-DAY] 27주차 189일차 처리 0.065s (stype='휴식' | 그주마지막날=True | 경기있음=False | 부상=False)
[09-04 05:57:29] [PERF-WEEKTAIL] 28주차: _pay_salary 0.000s | _advance_week 2.734s
[09-04 05:57:29] [PERF-DAY] 28주차 196일차 처리 2.743s (stype='휴식' | 그주마지막날=True | 경기있음=False | 부상=False)
[09-04 05:57:29] [진행 총계] 2.75초
[09-04 05:57:29] [AI리그] 29주차 4943경기, OVR캐시 11393→11393) 세부: 경기조회 0.010s | 시뮬루프 0.039s | executemany(4943건) 0.012s | teams반영+commit 0.031s
[09-04 05:57:29] [주 마무리] 29주차 0.10s (국제대회 0.00s | 챔스 0.00s | 클럽WC 0.00s | 국내컵 0.00s | 리그시뮬 0.09s)
[09-04 05:57:29] [PERF-DAY] 29주차 203일차 처리 0.096s (stype='휴식' | 그주마지막날=True | 경기있음=False | 부상=True)
[09-04 05:57:29] [AI리그] 30주차 6683경기, OVR캐시 11393→11393) 세부: 경기조회 0.011s | 시뮬루프 0.047s | executemany(6683건) 0.014s | teams반영+commit 0.034s
[09-04 05:57:29] [주 마무리] 30주차 0.18s (국제대회 0.00s | 챔스 0.00s | 클럽WC 0.00s | 국내컵 0.07s | 리그시뮬 0.11s)
[09-04 05:57:29] [PERF-DAY] 30주차 210일차 처리 0.178s (stype='휴식' | 그주마지막날=True | 경기있음=False | 부상=False)
[09-04 05:57:29] [AI리그] 31주차 6722경기, OVR캐시 11393→11393) 세부: 경기조회 0.013s | 시뮬루프 0.060s | executemany(6722건) 0.015s | teams반영+commit 0.036s
[09-04 05:57:29] [주 마무리] 31주차 0.13s (국제대회 0.00s | 챔스 0.00s | 클럽WC 0.00s | 국내컵 0.00s | 리그시뮬 0.13s)
[09-04 05:57:29] [PERF-DAY] 31주차 217일차 처리 0.129s (stype='휴식' | 그주마지막날=True | 경기있음=False | 부상=False)
[09-04 05:57:30] [AI리그] 32주차 6569경기, OVR캐시 11393→11393) 세부: 경기조회 0.010s | 시뮬루프 0.050s | executemany(6569건) 0.017s | teams반영+commit 0.041s
[09-04 05:57:30] [주 마무리] 32주차 0.19s (국제대회 0.00s | 챔스 0.00s | 클럽WC 0.00s | 국내컵 0.06s | 리그시뮬 0.12s)
[09-04 05:57:30] [PERF-DAY] 32주차 224일차 처리 0.187s (stype='휴식' | 그주마지막날=True | 경기있음=False | 부상=False)
[09-04 05:57:30] [AI리그] 33주차 6949경기, OVR캐시 11393→11393) 세부: 경기조회 0.010s | 시뮬루프 0.050s | executemany(6949건) 0.014s | teams반영+commit 0.033s
[09-04 05:57:30] [주 마무리] 33주차 0.11s (국제대회 0.00s | 챔스 0.00s | 클럽WC 0.00s | 국내컵 0.00s | 리그시뮬 0.11s)
[09-04 05:57:30] [PERF-DAY] 33주차 231일차 처리 0.112s (stype='휴식' | 그주마지막날=True | 경기있음=False | 부상=True)
[09-04 05:57:30] [AI리그] 34주차 6515경기, OVR캐시 11393→11393) 세부: 경기조회 0.015s | 시뮬루프 0.054s | executemany(6515건) 0.015s | teams반영+commit 0.034s
[09-04 05:57:30] [주 마무리] 34주차 0.17s (국제대회 0.00s | 챔스 0.00s | 클럽WC 0.00s | 국내컵 0.05s | 리그시뮬 0.12s)
[09-04 05:57:30] [PERF-DAY] 34주차 238일차 처리 0.171s (stype='휴식' | 그주마지막날=True | 경기있음=False | 부상=True)
[09-04 05:57:30] [AI리그] 35주차 6888경기, OVR캐시 11393→11393) 세부: 경기조회 0.010s | 시뮬루프 0.050s | executemany(6888건) 0.014s | teams반영+commit 0.028s
[09-04 05:57:30] [주 마무리] 35주차 0.10s (국제대회 0.00s | 챔스 0.00s | 클럽WC 0.00s | 국내컵 0.00s | 리그시뮬 0.10s)
[09-04 05:57:30] [PERF-DAY] 35주차 245일차 처리 0.106s (stype='휴식' | 그주마지막날=True | 경기있음=False | 부상=True)
[09-04 05:57:30] [AI리그] 36주차 7137경기, OVR캐시 11393→11393) 세부: 경기조회 0.009s | 시뮬루프 0.057s | executemany(7137건) 0.016s | teams반영+commit 0.040s
[09-04 05:57:30] [주 마무리] 36주차 0.17s (국제대회 0.00s | 챔스 0.00s | 클럽WC 0.00s | 국내컵 0.04s | 리그시뮬 0.13s)
[09-04 05:57:30] [PERF-DAY] 36주차 252일차 처리 0.171s (stype='휴식' | 그주마지막날=True | 경기있음=False | 부상=False)
[09-04 05:57:31] [AI리그] 37주차 6556경기, OVR캐시 11393→11393) 세부: 경기조회 0.011s | 시뮬루프 0.060s | executemany(6556건) 0.016s | teams반영+commit 0.037s
[09-04 05:57:31] [주 마무리] 37주차 0.13s (국제대회 0.00s | 챔스 0.00s | 클럽WC 0.00s | 국내컵 0.00s | 리그시뮬 0.13s)
[09-04 05:57:31] [PERF-DAY] 37주차 259일차 처리 0.129s (stype='휴식' | 그주마지막날=True | 경기있음=False | 부상=False)
[09-04 05:57:31] [AI리그] 38주차 6730경기, OVR캐시 11393→11393) 세부: 경기조회 0.007s | 시뮬루프 0.055s | executemany(6730건) 0.015s | teams반영+commit 0.037s
[09-04 05:57:31] [주 마무리] 38주차 0.18s (국제대회 0.00s | 챔스 0.00s | 클럽WC 0.00s | 국내컵 0.06s | 리그시뮬 0.12s)
[09-04 05:57:31] [PERF-DAY] 38주차 266일차 처리 0.178s (stype='휴식' | 그주마지막날=True | 경기있음=False | 부상=False)
[09-04 05:57:31] [AI리그] 39주차 6855경기, OVR캐시 11393→11393) 세부: 경기조회 0.008s | 시뮬루프 0.049s | executemany(6855건) 0.015s | teams반영+commit 0.038s
[09-04 05:57:31] [주 마무리] 39주차 0.11s (국제대회 0.00s | 챔스 0.00s | 클럽WC 0.00s | 국내컵 0.00s | 리그시뮬 0.11s)
[09-04 05:57:31] [PERF-DAY] 39주차 273일차 처리 0.114s (stype='휴식' | 그주마지막날=True | 경기있음=False | 부상=False)
[09-04 05:57:31] [AI리그] 40주차 6844경기, OVR캐시 11393→11393) 세부: 경기조회 0.006s | 시뮬루프 0.049s | executemany(6844건) 0.016s | teams반영+commit 0.038s
[09-04 05:57:31] [주 마무리] 40주차 0.14s (국제대회 0.00s | 챔스 0.00s | 클럽WC 0.00s | 국내컵 0.02s | 리그시뮬 0.11s)
[09-04 05:57:31] [PERF-DAY] 40주차 280일차 처리 0.137s (stype='휴식' | 그주마지막날=True | 경기있음=False | 부상=False)
[09-04 05:57:32] [AI리그] 41주차 6841경기, OVR캐시 11393→11393) 세부: 경기조회 0.007s | 시뮬루프 0.053s | executemany(6841건) 0.015s | teams반영+commit 0.037s
[09-04 05:57:32] [주 마무리] 41주차 0.12s (국제대회 0.00s | 챔스 0.00s | 클럽WC 0.00s | 국내컵 0.00s | 리그시뮬 0.11s)
[09-04 05:57:32] [PERF-DAY] 41주차 287일차 처리 0.117s (stype='휴식' | 그주마지막날=True | 경기있음=False | 부상=False)
[09-04 05:57:32] [AI리그] 42주차 6742경기, OVR캐시 11393→11393) 세부: 경기조회 0.005s | 시뮬루프 0.047s | executemany(6742건) 0.015s | teams반영+commit 0.037s
[09-04 05:57:32] [주 마무리] 42주차 0.11s (국제대회 0.00s | 챔스 0.00s | 클럽WC 0.00s | 국내컵 0.01s | 리그시뮬 0.11s)
[09-04 05:57:32] [PERF-DAY] 42주차 294일차 처리 0.115s (stype='휴식' | 그주마지막날=True | 경기있음=False | 부상=False)
[09-04 05:57:33] [PERF-PROMO] _process_promotion_relegation 세부: my_player/season조회 0.001s | teams+leagues조회 0.014s | standings계산(710개리그) 0.278s | ai_players OVR스캔 0.224s | 승강판정루프(211개국) 0.027s | executemany(1212건) 0.016s | 리스케일(1212건) 0.334s | commit/close 0.348s | 캐시무효화 0.000s
[09-04 05:57:33] [PERF-SEASON] finalize_club_season 세부: finish_incomplete_matches=0.049s | promotion_relegation=1.252s
[09-04 05:57:33] [PERF-YEAR] 43주차(CLUB_SEASON_END_DAY) 세부: finalize_club_season=1.302s | promotion_playoffs=0.023s | PRAGMA optimize=0.000s
[09-04 05:57:33] [PERF-DAY] 43주차 300일차 처리 1.337s (stype='휴식' | 그주마지막날=False | 경기있음=False | 부상=False)
[09-04 05:57:33] [진행 총계] 1.36초
[09-04 05:57:34] [PERF-DAILYHOOK] 44주차 306일차: process_po_week 0.072s
[09-04 05:57:34] [PERF-DAY] 44주차 306일차 처리 0.073s (stype='고강도' | 그주마지막날=False | 경기있음=False | 부상=False)
[09-04 05:57:34] [PERF-DAILYHOOK] 46주차 316일차: process_intl_week 0.598s | process_cwc_week 0.000s
[09-04 05:57:34] [PERF-DAY] 46주차 316일차 처리 0.599s (stype='고강도' | 그주마지막날=False | 경기있음=False | 부상=True)
[09-04 05:57:34] [PERF-DAILYHOOK] 46주차 317일차: process_intl_week 0.121s | process_cwc_week 0.000s
[09-04 05:57:34] [PERF-DAY] 46주차 317일차 처리 0.122s (stype='휴식' | 그주마지막날=False | 경기있음=False | 부상=True)
[09-04 05:57:34] [PERF-DAILYHOOK] 46주차 320일차: process_intl_week 0.093s | process_cwc_week 0.000s
[09-04 05:57:34] [PERF-DAY] 46주차 320일차 처리 0.094s (stype='고강도' | 그주마지막날=False | 경기있음=False | 부상=True)
[09-04 05:57:34] [진행 총계] 0.86초
[09-04 05:58:12] [PERF]   _end_of_season 세부: AI생애주기 36.84s (승강제 타이밍은 43주 _finalize_club_season으로 이동 — 여기 안 잡힘)
[09-04 05:58:13] [PERF]   일정생성 세부: 아카이브이동 0.81s | 완비판정조회 0.01s | 기존경기dedup조회 0.00s | 일정계산 0.21s | INSERT+commit 0.37s | (대상리그 710개, 신규경기 201400건)
[09-04 05:58:14] [PERF]   인덱스재생성 0.34s
[09-04 05:58:15] [PERF] 연도전환 총 40.16s (커리어정리 0.00s | _end_of_season 36.86s | 일정생성 1.74s | 파워랭킹 1.56s | PRAGMA optimize 0.00s)
[09-04 05:58:15] [PERF-WEEKTAIL] 52주차: _pay_salary 0.000s | _advance_week 40.162s
[09-04 05:58:15] [PERF-DAY] 52주차 364일차 처리 40.164s (stype='휴식' | 그주마지막날=True | 경기있음=False | 부상=False)
[09-04 05:58:15] [진행 총계] 40.17초
[09-04 05:58:16] [AI리그] 4주차 4527경기, OVR캐시 0→9054) 세부: 경기조회 0.015s | 시뮬루프 0.308s | executemany(4527건) 0.010s | teams반영+commit 0.026s
[09-04 05:58:16] [주 마무리] 4주차 0.36s (국제대회 0.00s | 챔스 0.00s | 클럽WC 0.00s | 국내컵 0.00s | 리그시뮬 0.36s)
[09-04 05:58:16] [PERF-WEEKTAIL] 4주차: _pay_salary 0.000s | _advance_week 0.187s
[09-04 05:58:16] [PERF-DAY] 4주차 28일차 처리 0.551s (stype='휴식' | 그주마지막날=True | 경기있음=False | 부상=False)
[09-04 05:58:16] [진행 총계] 0.56초
[09-04 05:58:17] [AI리그] 5주차 5771경기, OVR캐시 11263→11393) 세부: 경기조회 0.017s | 시뮬루프 0.069s | executemany(5771건) 0.011s | teams반영+commit 0.033s
[09-04 05:58:17] [주 마무리] 5주차 0.25s (국제대회 0.00s | 챔스 0.00s | 클럽WC 0.00s | 국내컵 0.12s | 리그시뮬 0.13s)
[09-04 05:58:17] [PERF-DAY] 5주차 35일차 처리 0.254s (stype='휴식' | 그주마지막날=True | 경기있음=False | 부상=False)
[09-04 05:58:17] [AI리그] 6주차 5734경기, OVR캐시 11393→11393) 세부: 경기조회 0.015s | 시뮬루프 0.047s | executemany(5734건) 0.012s | teams반영+commit 0.037s
[09-04 05:58:17] [주 마무리] 6주차 0.24s (국제대회 0.00s | 챔스 0.00s | 클럽WC 0.00s | 국내컵 0.12s | 리그시뮬 0.11s)
[09-04 05:58:17] [PERF-DAY] 6주차 42일차 처리 0.238s (stype='휴식' | 그주마지막날=True | 경기있음=False | 부상=False)
[09-04 05:58:17] [AI리그] 7주차 5801경기, OVR캐시 11393→11393) 세부: 경기조회 0.015s | 시뮬루프 0.056s | executemany(5801건) 0.013s | teams반영+commit 0.039s
[09-04 05:58:17] [주 마무리] 7주차 0.22s (국제대회 0.00s | 챔스 0.00s | 클럽WC 0.00s | 국내컵 0.10s | 리그시뮬 0.13s)
[09-04 05:58:17] [PERF-DAY] 7주차 49일차 처리 0.300s (stype='휴식' | 그주마지막날=True | 경기있음=False | 부상=False)
[09-04 05:58:17] [진행 총계] 0.31초
[09-04 05:58:18] [AI리그] 8주차 5757경기, OVR캐시 11393→11393) 세부: 경기조회 0.015s | 시뮬루프 0.045s | executemany(5757건) 0.013s | teams반영+commit 0.040s
[09-04 05:58:18] [주 마무리] 8주차 0.12s (국제대회 0.00s | 챔스 0.00s | 클럽WC 0.00s | 국내컵 0.00s | 리그시뮬 0.12s)
[09-04 05:58:18] [PERF-DAY] 8주차 56일차 처리 0.121s (stype='휴식' | 그주마지막날=True | 경기있음=False | 부상=False)
[09-04 05:58:18] [AI리그] 9주차 5731경기, OVR캐시 11393→11393) 세부: 경기조회 0.014s | 시뮬루프 0.050s | executemany(5731건) 0.013s | teams반영+commit 0.042s
[09-04 05:58:18] [주 마무리] 9주차 0.15s (국제대회 0.00s | 챔스 0.03s | 클럽WC 0.00s | 국내컵 0.00s | 리그시뮬 0.12s)
[09-04 05:58:18] [PERF-DAY] 9주차 63일차 처리 0.154s (stype='휴식' | 그주마지막날=True | 경기있음=False | 부상=False)
[09-04 05:58:18] [AI리그] 10주차 5766경기, OVR캐시 11393→11393) 세부: 경기조회 0.014s | 시뮬루프 0.043s | executemany(5766건) 0.012s | teams반영+commit 0.036s
[09-04 05:58:18] [주 마무리] 10주차 0.13s (국제대회 0.00s | 챔스 0.02s | 클럽WC 0.00s | 국내컵 0.00s | 리그시뮬 0.11s)
[09-04 05:58:18] [PERF-DAY] 10주차 70일차 처리 0.135s (stype='휴식' | 그주마지막날=True | 경기있음=False | 부상=False)
[09-04 05:58:18] [AI리그] 11주차 5618경기, OVR캐시 11393→11393) 세부: 경기조회 0.014s | 시뮬루프 0.044s | executemany(5618건) 0.013s | teams반영+commit 0.037s
[09-04 05:58:18] [주 마무리] 11주차 0.14s (국제대회 0.00s | 챔스 0.02s | 클럽WC 0.00s | 국내컵 0.00s | 리그시뮬 0.11s)
[09-04 05:58:18] [PERF-DAY] 11주차 77일차 처리 0.137s (stype='휴식' | 그주마지막날=True | 경기있음=False | 부상=False)
[09-04 05:58:18] [AI리그] 12주차 5609경기, OVR캐시 11393→11393) 세부: 경기조회 0.015s | 시뮬루프 0.047s | executemany(5609건) 0.013s | teams반영+commit 0.037s
[09-04 05:58:18] [주 마무리] 12주차 0.14s (국제대회 0.00s | 챔스 0.02s | 클럽WC 0.00s | 국내컵 0.00s | 리그시뮬 0.11s)
[09-04 05:58:18] [PERF-DAY] 12주차 84일차 처리 0.141s (stype='휴식' | 그주마지막날=True | 경기있음=False | 부상=False)
[09-04 05:58:19] [AI리그] 13주차 5233경기, OVR캐시 11393→11393) 세부: 경기조회 0.013s | 시뮬루프 0.039s | executemany(5233건) 0.012s | teams반영+commit 0.034s
[09-04 05:58:19] [주 마무리] 13주차 0.12s (국제대회 0.00s | 챔스 0.02s | 클럽WC 0.00s | 국내컵 0.00s | 리그시뮬 0.10s)
[09-04 05:58:19] [PERF-DAY] 13주차 91일차 처리 0.126s (stype='휴식' | 그주마지막날=True | 경기있음=False | 부상=False)
[09-04 05:58:19] [AI리그] 14주차 5527경기, OVR캐시 11393→11393) 세부: 경기조회 0.013s | 시뮬루프 0.043s | executemany(5527건) 0.012s | teams반영+commit 0.032s
[09-04 05:58:19] [주 마무리] 14주차 0.13s (국제대회 0.00s | 챔스 0.02s | 클럽WC 0.00s | 국내컵 0.00s | 리그시뮬 0.10s)
[09-04 05:58:19] [PERF-DAY] 14주차 98일차 처리 0.128s (stype='휴식' | 그주마지막날=True | 경기있음=False | 부상=False)
[09-04 05:58:19] [AI리그] 15주차 5747경기, OVR캐시 11393→11393) 세부: 경기조회 0.013s | 시뮬루프 0.049s | executemany(5747건) 0.013s | teams반영+commit 0.039s
[09-04 05:58:19] [주 마무리] 15주차 0.14s (국제대회 0.00s | 챔스 0.02s | 클럽WC 0.00s | 국내컵 0.00s | 리그시뮬 0.12s)
[09-04 05:58:19] [PERF-DAY] 15주차 105일차 처리 0.143s (stype='휴식' | 그주마지막날=True | 경기있음=False | 부상=False)
[09-04 05:58:19] [AI리그] 16주차 5732경기, OVR캐시 11393→11393) 세부: 경기조회 0.013s | 시뮬루프 0.044s | executemany(5732건) 0.012s | teams반영+commit 0.033s
[09-04 05:58:19] [주 마무리] 16주차 0.16s (국제대회 0.00s | 챔스 0.05s | 클럽WC 0.00s | 국내컵 0.00s | 리그시뮬 0.10s)
[09-04 05:58:19] [PERF-DAY] 16주차 112일차 처리 0.162s (stype='휴식' | 그주마지막날=True | 경기있음=False | 부상=False)
[09-04 05:58:20] [AI리그] 17주차 5482경기, OVR캐시 11393→11393) 세부: 경기조회 0.012s | 시뮬루프 0.046s | executemany(5482건) 0.011s | teams반영+commit 0.029s
[09-04 05:58:20] [주 마무리] 17주차 0.10s (국제대회 0.00s | 챔스 0.00s | 클럽WC 0.00s | 국내컵 0.00s | 리그시뮬 0.10s)
[09-04 05:58:20] [PERF-DAY] 17주차 119일차 처리 0.106s (stype='휴식' | 그주마지막날=True | 경기있음=False | 부상=False)
[09-04 05:58:20] [AI리그] 18주차 5384경기, OVR캐시 11393→11393) 세부: 경기조회 0.012s | 시뮬루프 0.045s | executemany(5384건) 0.013s | teams반영+commit 0.038s
[09-04 05:58:20] [주 마무리] 18주차 0.14s (국제대회 0.00s | 챔스 0.03s | 클럽WC 0.00s | 국내컵 0.00s | 리그시뮬 0.11s)
[09-04 05:58:20] [PERF-DAY] 18주차 126일차 처리 0.140s (stype='휴식' | 그주마지막날=True | 경기있음=False | 부상=False)
[09-04 05:58:20] [AI리그] 19주차 3886경기, OVR캐시 11393→11393) 세부: 경기조회 0.011s | 시뮬루프 0.030s | executemany(3886건) 0.009s | teams반영+commit 0.024s
[09-04 05:58:20] [주 마무리] 19주차 0.08s (국제대회 0.00s | 챔스 0.00s | 클럽WC 0.00s | 국내컵 0.00s | 리그시뮬 0.07s)
[09-04 05:58:20] [PERF-DAY] 19주차 133일차 처리 0.081s (stype='휴식' | 그주마지막날=True | 경기있음=False | 부상=False)
[09-04 05:58:20] [AI리그] 20주차 3343경기, OVR캐시 11393→11393) 세부: 경기조회 0.010s | 시뮬루프 0.032s | executemany(3343건) 0.009s | teams반영+commit 0.024s
[09-04 05:58:20] [주 마무리] 20주차 0.10s (국제대회 0.00s | 챔스 0.02s | 클럽WC 0.00s | 국내컵 0.00s | 리그시뮬 0.08s)
[09-04 05:58:20] [PERF-DAY] 20주차 140일차 처리 0.099s (stype='휴식' | 그주마지막날=True | 경기있음=False | 부상=False)
[09-04 05:58:20] [AI리그] 21주차 2934경기, OVR캐시 11393→11393) 세부: 경기조회 0.009s | 시뮬루프 0.023s | executemany(2934건) 0.007s | teams반영+commit 0.021s
[09-04 05:58:20] [주 마무리] 21주차 0.08s (국제대회 0.00s | 챔스 0.01s | 클럽WC 0.00s | 국내컵 0.00s | 리그시뮬 0.06s)
[09-04 05:58:20] [PERF-DAY] 21주차 147일차 처리 0.078s (stype='휴식' | 그주마지막날=True | 경기있음=False | 부상=False)
[09-04 05:58:20] [AI리그] 22주차 2779경기, OVR캐시 11393→11393) 세부: 경기조회 0.009s | 시뮬루프 0.022s | executemany(2779건) 0.007s | teams반영+commit 0.019s
[09-04 05:58:20] [주 마무리] 22주차 0.07s (국제대회 0.00s | 챔스 0.01s | 클럽WC 0.00s | 국내컵 0.00s | 리그시뮬 0.06s)
[09-04 05:58:20] [PERF-DAY] 22주차 154일차 처리 0.073s (stype='휴식' | 그주마지막날=True | 경기있음=False | 부상=False)
[09-04 05:58:21] [주 마무리] 23주차 0.06s (국제대회 0.00s | 챔스 0.01s | 클럽WC 0.00s | 국내컵 0.00s | 리그시뮬 0.05s)
[09-04 05:58:21] [PERF-DAY] 23주차 161일차 처리 0.088s (stype='휴식' | 그주마지막날=True | 경기있음=False | 부상=False)
[09-04 05:58:21] [AI리그] 24주차 2602경기, OVR캐시 11393→11393) 세부: 경기조회 0.012s | 시뮬루프 0.024s | executemany(2602건) 0.006s | teams반영+commit 0.010s
[09-04 05:58:21] [주 마무리] 24주차 0.06s (국제대회 0.00s | 챔스 0.00s | 클럽WC 0.00s | 국내컵 0.00s | 리그시뮬 0.05s)
[09-04 05:58:21] [PERF-DAY] 24주차 168일차 처리 0.057s (stype='휴식' | 그주마지막날=True | 경기있음=False | 부상=False)
[09-04 05:58:22] [PERF-DAILYHOOK] 25주차 169일차: process_intl_week 1.253s | process_cwc_week 0.000s
[09-04 05:58:22] [PERF-DAY] 25주차 169일차 처리 1.255s (stype='고강도' | 그주마지막날=False | 경기있음=False | 부상=False)
[09-04 05:58:22] [진행 총계] 1.32초
[09-04 05:58:23] [PERF-DAILYHOOK] 27주차 189일차: process_intl_week 0.062s | process_cwc_week 0.000s
[09-04 05:58:23] [PERF-DAY] 27주차 189일차 처리 0.073s (stype='휴식' | 그주마지막날=True | 경기있음=False | 부상=False)
[09-04 05:58:26] [PERF-WEEKTAIL] 28주차: _pay_salary 0.000s | _advance_week 2.854s
[09-04 05:58:26] [PERF-DAY] 28주차 196일차 처리 2.864s (stype='휴식' | 그주마지막날=True | 경기있음=False | 부상=False)
[09-04 05:58:26] [진행 총계] 2.91초
[09-04 05:58:26] [AI리그] 29주차 4943경기, OVR캐시 11393→11393) 세부: 경기조회 0.010s | 시뮬루프 0.037s | executemany(4943건) 0.011s | teams반영+commit 0.029s
[09-04 05:58:26] [주 마무리] 29주차 0.09s (국제대회 0.00s | 챔스 0.00s | 클럽WC 0.00s | 국내컵 0.00s | 리그시뮬 0.09s)
[09-04 05:58:26] [PERF-DAY] 29주차 203일차 처리 0.092s (stype='휴식' | 그주마지막날=True | 경기있음=False | 부상=False)
[09-04 05:58:26] [AI리그] 30주차 6683경기, OVR캐시 11393→11393) 세부: 경기조회 0.011s | 시뮬루프 0.049s | executemany(6683건) 0.015s | teams반영+commit 0.036s
[09-04 05:58:26] [주 마무리] 30주차 0.18s (국제대회 0.00s | 챔스 0.00s | 클럽WC 0.00s | 국내컵 0.07s | 리그시뮬 0.11s)
[09-04 05:58:26] [PERF-DAY] 30주차 210일차 처리 0.186s (stype='휴식' | 그주마지막날=True | 경기있음=False | 부상=False)
[09-04 05:58:26] [AI리그] 31주차 6722경기, OVR캐시 11393→11393) 세부: 경기조회 0.011s | 시뮬루프 0.050s | executemany(6722건) 0.015s | teams반영+commit 0.039s
[09-04 05:58:26] [주 마무리] 31주차 0.12s (국제대회 0.00s | 챔스 0.00s | 클럽WC 0.00s | 국내컵 0.00s | 리그시뮬 0.12s)
[09-04 05:58:26] [PERF-DAY] 31주차 217일차 처리 0.122s (stype='휴식' | 그주마지막날=True | 경기있음=False | 부상=False)
[09-04 05:58:27] [AI리그] 32주차 6569경기, OVR캐시 11393→11393) 세부: 경기조회 0.010s | 시뮬루프 0.048s | executemany(6569건) 0.015s | teams반영+commit 0.037s
[09-04 05:58:27] [주 마무리] 32주차 0.18s (국제대회 0.00s | 챔스 0.00s | 클럽WC 0.00s | 국내컵 0.07s | 리그시뮬 0.11s)
[09-04 05:58:27] [PERF-DAY] 32주차 224일차 처리 0.179s (stype='휴식' | 그주마지막날=True | 경기있음=False | 부상=False)
[09-04 05:58:27] [AI리그] 33주차 6949경기, OVR캐시 11393→11393) 세부: 경기조회 0.010s | 시뮬루프 0.050s | executemany(6949건) 0.017s | teams반영+commit 0.041s
[09-04 05:58:27] [주 마무리] 33주차 0.12s (국제대회 0.00s | 챔스 0.00s | 클럽WC 0.00s | 국내컵 0.00s | 리그시뮬 0.12s)
[09-04 05:58:27] [PERF-DAY] 33주차 231일차 처리 0.123s (stype='휴식' | 그주마지막날=True | 경기있음=False | 부상=False)
[09-04 05:58:27] [AI리그] 34주차 6515경기, OVR캐시 11393→11393) 세부: 경기조회 0.009s | 시뮬루프 0.049s | executemany(6515건) 0.014s | teams반영+commit 0.037s
[09-04 05:58:27] [주 마무리] 34주차 0.16s (국제대회 0.00s | 챔스 0.00s | 클럽WC 0.00s | 국내컵 0.05s | 리그시뮬 0.11s)
[09-04 05:58:27] [PERF-DAY] 34주차 238일차 처리 0.164s (stype='휴식' | 그주마지막날=True | 경기있음=False | 부상=False)
[09-04 05:58:27] [AI리그] 35주차 6888경기, OVR캐시 11393→11393) 세부: 경기조회 0.009s | 시뮬루프 0.050s | executemany(6888건) 0.015s | teams반영+commit 0.037s
[09-04 05:58:27] [주 마무리] 35주차 0.12s (국제대회 0.00s | 챔스 0.00s | 클럽WC 0.00s | 국내컵 0.00s | 리그시뮬 0.11s)
[09-04 05:58:27] [PERF-DAY] 35주차 245일차 처리 0.117s (stype='휴식' | 그주마지막날=True | 경기있음=False | 부상=False)
[09-04 05:58:28] [AI리그] 36주차 7137경기, OVR캐시 11393→11393) 세부: 경기조회 0.008s | 시뮬루프 0.051s | executemany(7137건) 0.016s | teams반영+commit 0.037s
[09-04 05:58:28] [주 마무리] 36주차 0.16s (국제대회 0.00s | 챔스 0.00s | 클럽WC 0.00s | 국내컵 0.05s | 리그시뮬 0.11s)
[09-04 05:58:28] [PERF-DAY] 36주차 252일차 처리 0.161s (stype='휴식' | 그주마지막날=True | 경기있음=False | 부상=True)
[09-04 05:58:28] [AI리그] 37주차 6556경기, OVR캐시 11393→11393) 세부: 경기조회 0.008s | 시뮬루프 0.053s | executemany(6556건) 0.015s | teams반영+commit 0.040s
[09-04 05:58:28] [주 마무리] 37주차 0.12s (국제대회 0.00s | 챔스 0.00s | 클럽WC 0.00s | 국내컵 0.00s | 리그시뮬 0.12s)
[09-04 05:58:28] [PERF-DAY] 37주차 259일차 처리 0.121s (stype='휴식' | 그주마지막날=True | 경기있음=False | 부상=True)
[09-04 05:58:28] [AI리그] 38주차 6730경기, OVR캐시 11393→11393) 세부: 경기조회 0.007s | 시뮬루프 0.049s | executemany(6730건) 0.016s | teams반영+commit 0.046s
[09-04 05:58:28] [주 마무리] 38주차 0.18s (국제대회 0.00s | 챔스 0.00s | 클럽WC 0.00s | 국내컵 0.06s | 리그시뮬 0.12s)
[09-04 05:58:28] [PERF-DAY] 38주차 266일차 처리 0.185s (stype='휴식' | 그주마지막날=True | 경기있음=False | 부상=False)
[09-04 05:58:28] [AI리그] 39주차 6855경기, OVR캐시 11393→11393) 세부: 경기조회 0.008s | 시뮬루프 0.049s | executemany(6855건) 0.015s | teams반영+commit 0.037s
[09-04 05:58:28] [주 마무리] 39주차 0.11s (국제대회 0.00s | 챔스 0.00s | 클럽WC 0.00s | 국내컵 0.00s | 리그시뮬 0.11s)
[09-04 05:58:28] [PERF-DAY] 39주차 273일차 처리 0.114s (stype='휴식' | 그주마지막날=True | 경기있음=False | 부상=False)
[09-04 05:58:29] [AI리그] 40주차 6844경기, OVR캐시 11393→11393) 세부: 경기조회 0.007s | 시뮬루프 0.048s | executemany(6844건) 0.016s | teams반영+commit 0.038s
[09-04 05:58:29] [주 마무리] 40주차 0.14s (국제대회 0.00s | 챔스 0.00s | 클럽WC 0.00s | 국내컵 0.02s | 리그시뮬 0.11s)
[09-04 05:58:29] [PERF-DAY] 40주차 280일차 처리 0.138s (stype='휴식' | 그주마지막날=True | 경기있음=False | 부상=False)
[09-04 05:58:29] [AI리그] 41주차 6841경기, OVR캐시 11393→11393) 세부: 경기조회 0.006s | 시뮬루프 0.053s | executemany(6841건) 0.014s | teams반영+commit 0.031s
[09-04 05:58:29] [주 마무리] 41주차 0.11s (국제대회 0.00s | 챔스 0.00s | 클럽WC 0.00s | 국내컵 0.00s | 리그시뮬 0.11s)
[09-04 05:58:29] [PERF-DAY] 41주차 287일차 처리 0.109s (stype='휴식' | 그주마지막날=True | 경기있음=False | 부상=True)
[09-04 05:58:29] [AI리그] 42주차 6742경기, OVR캐시 11393→11393) 세부: 경기조회 0.005s | 시뮬루프 0.047s | executemany(6742건) 0.014s | teams반영+commit 0.033s
[09-04 05:58:29] [주 마무리] 42주차 0.11s (국제대회 0.00s | 챔스 0.00s | 클럽WC 0.00s | 국내컵 0.01s | 리그시뮬 0.10s)
[09-04 05:58:29] [PERF-DAY] 42주차 294일차 처리 0.109s (stype='휴식' | 그주마지막날=True | 경기있음=False | 부상=False)
[09-04 05:58:30] [PERF-PROMO] _process_promotion_relegation 세부: my_player/season조회 0.001s | teams+leagues조회 0.012s | standings계산(710개리그) 0.282s | ai_players OVR스캔 0.229s | 승강판정루프(211개국) 0.027s | executemany(1210건) 0.018s | 리스케일(1210건) 0.339s | commit/close 0.338s | 캐시무효화 0.000s
[09-04 05:58:30] [PERF-SEASON] finalize_club_season 세부: finish_incomplete_matches=0.048s | promotion_relegation=1.256s
[09-04 05:58:30] [PERF-YEAR] 43주차(CLUB_SEASON_END_DAY) 세부: finalize_club_season=1.304s | promotion_playoffs=0.026s | PRAGMA optimize=0.001s
[09-04 05:58:30] [PERF-DAY] 43주차 300일차 처리 1.346s (stype='휴식' | 그주마지막날=False | 경기있음=False | 부상=False)
[09-04 05:58:30] [진행 총계] 1.37초
[09-04 05:58:31] [PERF-DAILYHOOK] 44주차 302일차: process_po_week 0.059s
[09-04 05:58:31] [PERF-DAY] 44주차 302일차 처리 0.061s (stype='고강도' | 그주마지막날=False | 경기있음=False | 부상=False)
[09-04 05:58:31] [PERF-DAILYHOOK] 44주차 304일차: process_po_week 0.054s
[09-04 05:58:31] [PERF-DAY] 44주차 304일차 처리 0.056s (stype='고강도' | 그주마지막날=False | 경기있음=False | 부상=False)
[09-04 05:58:31] [PERF-DAILYHOOK] 44주차 306일차: process_po_week 0.074s
[09-04 05:58:31] [PERF-DAY] 44주차 306일차 처리 0.075s (stype='고강도' | 그주마지막날=False | 경기있음=False | 부상=False)
[09-04 05:59:10] [PERF]   _end_of_season 세부: AI생애주기 38.02s (승강제 타이밍은 43주 _finalize_club_season으로 이동 — 여기 안 잡힘)
[09-04 05:59:11] [PERF]   일정생성 세부: 아카이브이동 0.82s | 완비판정조회 0.01s | 기존경기dedup조회 0.00s | 일정계산 0.21s | INSERT+commit 0.38s | (대상리그 710개, 신규경기 201400건)
[09-04 05:59:11] [PERF]   인덱스재생성 0.35s
[09-04 05:59:13] [PERF] 연도전환 총 41.37s (커리어정리 0.00s | _end_of_season 38.04s | 일정생성 1.77s | 파워랭킹 1.56s | PRAGMA optimize 0.00s)
[09-04 05:59:13] [PERF-WEEKTAIL] 52주차: _pay_salary 0.000s | _advance_week 41.374s
[09-04 05:59:13] [PERF-DAY] 52주차 364일차 처리 41.375s (stype='휴식' | 그주마지막날=True | 경기있음=False | 부상=False)
[09-04 05:59:13] [진행 총계] 41.38초
[09-04 05:59:14] [AI리그] 4주차 4527경기, OVR캐시 0→9054) 세부: 경기조회 0.015s | 시뮬루프 0.315s | executemany(4527건) 0.009s | teams반영+commit 0.023s
[09-04 05:59:14] [주 마무리] 4주차 0.37s (국제대회 0.00s | 챔스 0.00s | 클럽WC 0.00s | 국내컵 0.00s | 리그시뮬 0.37s)
[09-04 05:59:14] [PERF-WEEKTAIL] 4주차: _pay_salary 0.000s | _advance_week 0.197s
[09-04 05:59:14] [PERF-DAY] 4주차 28일차 처리 0.565s (stype='휴식' | 그주마지막날=True | 경기있음=False | 부상=False)
[09-04 05:59:14] [진행 총계] 0.57초
[09-04 05:59:14] [AI리그] 5주차 5771경기, OVR캐시 11263→11393) 세부: 경기조회 0.016s | 시뮬루프 0.070s | executemany(5771건) 0.013s | teams반영+commit 0.039s
[09-04 05:59:14] [주 마무리] 5주차 0.27s (국제대회 0.00s | 챔스 0.00s | 클럽WC 0.00s | 국내컵 0.13s | 리그시뮬 0.14s)
[09-04 05:59:14] [PERF-DAY] 5주차 35일차 처리 0.272s (stype='휴식' | 그주마지막날=True | 경기있음=False | 부상=False)
[09-04 05:59:14] [AI리그] 6주차 5734경기, OVR캐시 11393→11393) 세부: 경기조회 0.015s | 시뮬루프 0.044s | executemany(5734건) 0.013s | teams반영+commit 0.041s
[09-04 05:59:14] [주 마무리] 6주차 0.25s (국제대회 0.00s | 챔스 0.00s | 클럽WC 0.00s | 국내컵 0.13s | 리그시뮬 0.11s)
[09-04 05:59:14] [PERF-DAY] 6주차 42일차 처리 0.250s (stype='휴식' | 그주마지막날=True | 경기있음=False | 부상=False)
[09-04 05:59:15] [AI리그] 7주차 5801경기, OVR캐시 11393→11393) 세부: 경기조회 0.015s | 시뮬루프 0.049s | executemany(5801건) 0.012s | teams반영+commit 0.040s
[09-04 05:59:15] [주 마무리] 7주차 0.22s (국제대회 0.00s | 챔스 0.00s | 클럽WC 0.00s | 국내컵 0.10s | 리그시뮬 0.12s)
[09-04 05:59:15] [PERF-DAY] 7주차 49일차 처리 0.310s (stype='휴식' | 그주마지막날=True | 경기있음=False | 부상=False)
[09-04 05:59:15] [진행 총계] 0.32초
[09-04 05:59:15] [AI리그] 8주차 5757경기, OVR캐시 11393→11393) 세부: 경기조회 0.015s | 시뮬루프 0.045s | executemany(5757건) 0.013s | teams반영+commit 0.040s
[09-04 05:59:15] [주 마무리] 8주차 0.12s (국제대회 0.00s | 챔스 0.00s | 클럽WC 0.00s | 국내컵 0.00s | 리그시뮬 0.12s)
[09-04 05:59:15] [PERF-DAY] 8주차 56일차 처리 0.121s (stype='휴식' | 그주마지막날=True | 경기있음=False | 부상=False)
[09-04 05:59:15] [AI리그] 9주차 5731경기, OVR캐시 11393→11393) 세부: 경기조회 0.015s | 시뮬루프 0.052s | executemany(5731건) 0.013s | teams반영+commit 0.043s
[09-04 05:59:15] [주 마무리] 9주차 0.16s (국제대회 0.00s | 챔스 0.03s | 클럽WC 0.00s | 국내컵 0.00s | 리그시뮬 0.13s)
[09-04 05:59:15] [PERF-DAY] 9주차 63일차 처리 0.158s (stype='휴식' | 그주마지막날=True | 경기있음=False | 부상=False)
[09-04 05:59:16] [AI리그] 10주차 5766경기, OVR캐시 11393→11393) 세부: 경기조회 0.014s | 시뮬루프 0.043s | executemany(5766건) 0.013s | teams반영+commit 0.039s
[09-04 05:59:16] [주 마무리] 10주차 0.14s (국제대회 0.00s | 챔스 0.02s | 클럽WC 0.00s | 국내컵 0.00s | 리그시뮬 0.11s)
[09-04 05:59:16] [PERF-DAY] 10주차 70일차 처리 0.139s (stype='휴식' | 그주마지막날=True | 경기있음=False | 부상=False)
[09-04 05:59:16] [AI리그] 11주차 5618경기, OVR캐시 11393→11393) 세부: 경기조회 0.014s | 시뮬루프 0.043s | executemany(5618건) 0.012s | teams반영+commit 0.037s
[09-04 05:59:16] [주 마무리] 11주차 0.13s (국제대회 0.00s | 챔스 0.02s | 클럽WC 0.00s | 국내컵 0.00s | 리그시뮬 0.11s)
[09-04 05:59:16] [PERF-DAY] 11주차 77일차 처리 0.135s (stype='휴식' | 그주마지막날=True | 경기있음=False | 부상=False)
[09-04 05:59:16] [AI리그] 12주차 5609경기, OVR캐시 11393→11393) 세부: 경기조회 0.014s | 시뮬루프 0.060s | executemany(5609건) 0.018s | teams반영+commit 0.044s
[09-04 05:59:16] [주 마무리] 12주차 0.16s (국제대회 0.00s | 챔스 0.02s | 클럽WC 0.00s | 국내컵 0.00s | 리그시뮬 0.14s)
[09-04 05:59:16] [PERF-DAY] 12주차 84일차 처리 0.166s (stype='휴식' | 그주마지막날=True | 경기있음=False | 부상=False)
[09-04 05:59:16] [AI리그] 13주차 5233경기, OVR캐시 11393→11393) 세부: 경기조회 0.014s | 시뮬루프 0.042s | executemany(5233건) 0.013s | teams반영+commit 0.038s
[09-04 05:59:16] [주 마무리] 13주차 0.13s (국제대회 0.00s | 챔스 0.02s | 클럽WC 0.00s | 국내컵 0.00s | 리그시뮬 0.11s)
[09-04 05:59:16] [PERF-DAY] 13주차 91일차 처리 0.136s (stype='휴식' | 그주마지막날=True | 경기있음=False | 부상=False)
[09-04 05:59:17] [AI리그] 14주차 5527경기, OVR캐시 11393→11393) 세부: 경기조회 0.013s | 시뮬루프 0.041s | executemany(5527건) 0.012s | teams반영+commit 0.034s
[09-04 05:59:17] [주 마무리] 14주차 0.13s (국제대회 0.00s | 챔스 0.02s | 클럽WC 0.00s | 국내컵 0.00s | 리그시뮬 0.10s)
[09-04 05:59:17] [PERF-DAY] 14주차 98일차 처리 0.130s (stype='휴식' | 그주마지막날=True | 경기있음=False | 부상=False)
[09-04 05:59:17] [AI리그] 15주차 5747경기, OVR캐시 11393→11393) 세부: 경기조회 0.015s | 시뮬루프 0.049s | executemany(5747건) 0.014s | teams반영+commit 0.037s
[09-04 05:59:17] [주 마무리] 15주차 0.14s (국제대회 0.00s | 챔스 0.02s | 클럽WC 0.00s | 국내컵 0.00s | 리그시뮬 0.12s)
[09-04 05:59:17] [PERF-DAY] 15주차 105일차 처리 0.144s (stype='휴식' | 그주마지막날=True | 경기있음=False | 부상=False)
[09-04 05:59:17] [AI리그] 16주차 5732경기, OVR캐시 11393→11393) 세부: 경기조회 0.013s | 시뮬루프 0.043s | executemany(5732건) 0.013s | teams반영+commit 0.038s
[09-04 05:59:17] [주 마무리] 16주차 0.16s (국제대회 0.00s | 챔스 0.05s | 클럽WC 0.00s | 국내컵 0.00s | 리그시뮬 0.11s)
[09-04 05:59:17] [PERF-DAY] 16주차 112일차 처리 0.159s (stype='휴식' | 그주마지막날=True | 경기있음=False | 부상=False)
[09-04 05:59:17] [AI리그] 17주차 5482경기, OVR캐시 11393→11393) 세부: 경기조회 0.013s | 시뮬루프 0.048s | executemany(5482건) 0.013s | teams반영+commit 0.035s
[09-04 05:59:17] [주 마무리] 17주차 0.11s (국제대회 0.00s | 챔스 0.00s | 클럽WC 0.00s | 국내컵 0.00s | 리그시뮬 0.11s)
[09-04 05:59:17] [PERF-DAY] 17주차 119일차 처리 0.116s (stype='휴식' | 그주마지막날=True | 경기있음=False | 부상=False)
[09-04 05:59:18] [AI리그] 18주차 5384경기, OVR캐시 11393→11393) 세부: 경기조회 0.012s | 시뮬루프 0.042s | executemany(5384건) 0.012s | teams반영+commit 0.035s
[09-04 05:59:18] [주 마무리] 18주차 0.13s (국제대회 0.00s | 챔스 0.03s | 클럽WC 0.00s | 국내컵 0.00s | 리그시뮬 0.10s)
[09-04 05:59:18] [PERF-DAY] 18주차 126일차 처리 0.132s (stype='휴식' | 그주마지막날=True | 경기있음=False | 부상=False)
[09-04 05:59:18] [AI리그] 19주차 3886경기, OVR캐시 11393→11393) 세부: 경기조회 0.011s | 시뮬루프 0.030s | executemany(3886건) 0.010s | teams반영+commit 0.026s
[09-04 05:59:18] [주 마무리] 19주차 0.08s (국제대회 0.00s | 챔스 0.00s | 클럽WC 0.00s | 국내컵 0.00s | 리그시뮬 0.08s)
[09-04 05:59:18] [PERF-DAY] 19주차 133일차 처리 0.084s (stype='휴식' | 그주마지막날=True | 경기있음=False | 부상=False)
[09-04 05:59:18] [AI리그] 20주차 3343경기, OVR캐시 11393→11393) 세부: 경기조회 0.010s | 시뮬루프 0.031s | executemany(3343건) 0.008s | teams반영+commit 0.022s
[09-04 05:59:18] [주 마무리] 20주차 0.09s (국제대회 0.00s | 챔스 0.02s | 클럽WC 0.00s | 국내컵 0.00s | 리그시뮬 0.07s)
[09-04 05:59:18] [PERF-DAY] 20주차 140일차 처리 0.095s (stype='휴식' | 그주마지막날=True | 경기있음=False | 부상=False)
[09-04 05:59:18] [AI리그] 21주차 2934경기, OVR캐시 11393→11393) 세부: 경기조회 0.009s | 시뮬루프 0.023s | executemany(2934건) 0.007s | teams반영+commit 0.020s
[09-04 05:59:18] [주 마무리] 21주차 0.07s (국제대회 0.00s | 챔스 0.01s | 클럽WC 0.00s | 국내컵 0.00s | 리그시뮬 0.06s)
[09-04 05:59:18] [PERF-DAY] 21주차 147일차 처리 0.076s (stype='휴식' | 그주마지막날=True | 경기있음=False | 부상=False)
[09-04 05:59:18] [AI리그] 22주차 2779경기, OVR캐시 11393→11393) 세부: 경기조회 0.009s | 시뮬루프 0.021s | executemany(2779건) 0.007s | teams반영+commit 0.018s
[09-04 05:59:18] [주 마무리] 22주차 0.07s (국제대회 0.00s | 챔스 0.01s | 클럽WC 0.00s | 국내컵 0.00s | 리그시뮬 0.06s)
[09-04 05:59:18] [PERF-DAY] 22주차 154일차 처리 0.069s (stype='휴식' | 그주마지막날=True | 경기있음=False | 부상=True)
[09-04 05:59:19] [주 마무리] 23주차 0.06s (국제대회 0.00s | 챔스 0.01s | 클럽WC 0.00s | 국내컵 0.00s | 리그시뮬 0.05s)
[09-04 05:59:19] [PERF-DAY] 23주차 161일차 처리 0.066s (stype='휴식' | 그주마지막날=True | 경기있음=False | 부상=False)
[09-04 05:59:19] [AI리그] 24주차 2602경기, OVR캐시 11393→11393) 세부: 경기조회 0.009s | 시뮬루프 0.026s | executemany(2602건) 0.006s | teams반영+commit 0.012s
[09-04 05:59:19] [주 마무리] 24주차 0.06s (국제대회 0.00s | 챔스 0.00s | 클럽WC 0.00s | 국내컵 0.00s | 리그시뮬 0.05s)
[09-04 05:59:19] [PERF-WEEKTAIL] 24주차: _pay_salary 0.000s | _advance_week 0.184s
[09-04 05:59:19] [PERF-DAY] 24주차 168일차 처리 0.242s (stype='휴식' | 그주마지막날=True | 경기있음=False | 부상=False)
[09-04 05:59:21] [PERF-DAILYHOOK] 26주차 176일차: process_intl_week 1.493s | process_cwc_week 0.000s
[09-04 05:59:21] [PERF-DAY] 26주차 176일차 처리 1.495s (stype='고강도' | 그주마지막날=False | 경기있음=False | 부상=False)
[09-04 05:59:21] [PERF-DAILYHOOK] 26주차 178일차: process_intl_week 0.060s | process_cwc_week 0.000s
[09-04 05:59:21] [PERF-DAY] 26주차 178일차 처리 0.062s (stype='고강도' | 그주마지막날=False | 경기있음=False | 부상=False)
[09-04 05:59:21] [PERF-DAILYHOOK] 26주차 180일차: process_intl_week 0.060s | process_cwc_week 0.000s
[09-04 05:59:21] [PERF-DAY] 26주차 180일차 처리 0.062s (stype='고강도' | 그주마지막날=False | 경기있음=False | 부상=False)
[09-04 05:59:21] [진행 총계] 1.67초
[09-04 05:59:24] [PERF-WEEKTAIL] 28주차: _pay_salary 0.000s | _advance_week 2.839s
[09-04 05:59:24] [PERF-DAY] 28주차 196일차 처리 2.854s (stype='휴식' | 그주마지막날=True | 경기있음=False | 부상=True)
[09-04 05:59:24] [진행 총계] 2.89초
[09-04 05:59:24] [AI리그] 29주차 4943경기, OVR캐시 11393→11393) 세부: 경기조회 0.010s | 시뮬루프 0.039s | executemany(4943건) 0.011s | teams반영+commit 0.031s
[09-04 05:59:24] [주 마무리] 29주차 0.10s (국제대회 0.00s | 챔스 0.00s | 클럽WC 0.00s | 국내컵 0.00s | 리그시뮬 0.09s)
[09-04 05:59:24] [PERF-DAY] 29주차 203일차 처리 0.100s (stype='휴식' | 그주마지막날=True | 경기있음=False | 부상=True)
[09-04 05:59:24] [AI리그] 30주차 6683경기, OVR캐시 11393→11393) 세부: 경기조회 0.011s | 시뮬루프 0.050s | executemany(6683건) 0.014s | teams반영+commit 0.034s
[09-04 05:59:24] [주 마무리] 30주차 0.19s (국제대회 0.00s | 챔스 0.00s | 클럽WC 0.00s | 국내컵 0.08s | 리그시뮬 0.11s)
[09-04 05:59:24] [PERF-DAY] 30주차 210일차 처리 0.193s (stype='휴식' | 그주마지막날=True | 경기있음=False | 부상=True)
[09-04 05:59:25] [AI리그] 31주차 6722경기, OVR캐시 11393→11393) 세부: 경기조회 0.011s | 시뮬루프 0.052s | executemany(6722건) 0.014s | teams반영+commit 0.036s
[09-04 05:59:25] [주 마무리] 31주차 0.12s (국제대회 0.00s | 챔스 0.00s | 클럽WC 0.00s | 국내컵 0.00s | 리그시뮬 0.12s)
[09-04 05:59:25] [PERF-DAY] 31주차 217일차 처리 0.122s (stype='휴식' | 그주마지막날=True | 경기있음=False | 부상=True)
[09-04 05:59:25] [AI리그] 32주차 6569경기, OVR캐시 11393→11393) 세부: 경기조회 0.010s | 시뮬루프 0.049s | executemany(6569건) 0.015s | teams반영+commit 0.037s
[09-04 05:59:25] [주 마무리] 32주차 0.19s (국제대회 0.00s | 챔스 0.00s | 클럽WC 0.00s | 국내컵 0.07s | 리그시뮬 0.11s)
[09-04 05:59:25] [PERF-DAY] 32주차 224일차 처리 0.193s (stype='휴식' | 그주마지막날=True | 경기있음=False | 부상=True)
[09-04 05:59:25] [AI리그] 33주차 6949경기, OVR캐시 11393→11393) 세부: 경기조회 0.010s | 시뮬루프 0.051s | executemany(6949건) 0.016s | teams반영+commit 0.040s
[09-04 05:59:25] [주 마무리] 33주차 0.12s (국제대회 0.00s | 챔스 0.00s | 클럽WC 0.00s | 국내컵 0.00s | 리그시뮬 0.12s)
[09-04 05:59:25] [PERF-DAY] 33주차 231일차 처리 0.126s (stype='휴식' | 그주마지막날=True | 경기있음=False | 부상=False)
[09-04 05:59:26] [AI리그] 34주차 6515경기, OVR캐시 11393→11393) 세부: 경기조회 0.009s | 시뮬루프 0.047s | executemany(6515건) 0.015s | teams반영+commit 0.039s
[09-04 05:59:26] [주 마무리] 34주차 0.17s (국제대회 0.00s | 챔스 0.00s | 클럽WC 0.00s | 국내컵 0.05s | 리그시뮬 0.11s)
[09-04 05:59:26] [PERF-DAY] 34주차 238일차 처리 0.171s (stype='휴식' | 그주마지막날=True | 경기있음=False | 부상=False)
[09-04 05:59:26] [AI리그] 35주차 6888경기, OVR캐시 11393→11393) 세부: 경기조회 0.009s | 시뮬루프 0.049s | executemany(6888건) 0.015s | teams반영+commit 0.037s
[09-04 05:59:26] [주 마무리] 35주차 0.12s (국제대회 0.00s | 챔스 0.00s | 클럽WC 0.00s | 국내컵 0.00s | 리그시뮬 0.11s)
[09-04 05:59:26] [PERF-DAY] 35주차 245일차 처리 0.120s (stype='휴식' | 그주마지막날=True | 경기있음=False | 부상=False)
[09-04 05:59:26] [AI리그] 36주차 7137경기, OVR캐시 11393→11393) 세부: 경기조회 0.009s | 시뮬루프 0.050s | executemany(7137건) 0.016s | teams반영+commit 0.037s
[09-04 05:59:26] [주 마무리] 36주차 0.16s (국제대회 0.00s | 챔스 0.00s | 클럽WC 0.00s | 국내컵 0.05s | 리그시뮬 0.11s)
[09-04 05:59:26] [PERF-DAY] 36주차 252일차 처리 0.166s (stype='휴식' | 그주마지막날=True | 경기있음=False | 부상=False)
[09-04 05:59:27] [AI리그] 37주차 6556경기, OVR캐시 11393→11393) 세부: 경기조회 0.008s | 시뮬루프 0.049s | executemany(6556건) 0.015s | teams반영+commit 0.041s
[09-04 05:59:27] [주 마무리] 37주차 0.12s (국제대회 0.00s | 챔스 0.00s | 클럽WC 0.00s | 국내컵 0.00s | 리그시뮬 0.12s)
[09-04 05:59:27] [PERF-DAY] 37주차 259일차 처리 0.123s (stype='휴식' | 그주마지막날=True | 경기있음=False | 부상=False)
[09-04 05:59:27] [AI리그] 38주차 6730경기, OVR캐시 11393→11393) 세부: 경기조회 0.007s | 시뮬루프 0.048s | executemany(6730건) 0.015s | teams반영+commit 0.037s
[09-04 05:59:27] [주 마무리] 38주차 0.18s (국제대회 0.00s | 챔스 0.00s | 클럽WC 0.00s | 국내컵 0.06s | 리그시뮬 0.11s)
[09-04 05:59:27] [PERF-DAY] 38주차 266일차 처리 0.180s (stype='휴식' | 그주마지막날=True | 경기있음=False | 부상=False)
[09-04 05:59:27] [AI리그] 39주차 6855경기, OVR캐시 11393→11393) 세부: 경기조회 0.008s | 시뮬루프 0.049s | executemany(6855건) 0.015s | teams반영+commit 0.037s
[09-04 05:59:27] [주 마무리] 39주차 0.11s (국제대회 0.00s | 챔스 0.00s | 클럽WC 0.00s | 국내컵 0.00s | 리그시뮬 0.11s)
[09-04 05:59:27] [PERF-DAY] 39주차 273일차 처리 0.117s (stype='휴식' | 그주마지막날=True | 경기있음=False | 부상=False)
[09-04 05:59:28] [AI리그] 40주차 6844경기, OVR캐시 11393→11393) 세부: 경기조회 0.007s | 시뮬루프 0.047s | executemany(6844건) 0.015s | teams반영+commit 0.038s
[09-04 05:59:28] [주 마무리] 40주차 0.13s (국제대회 0.00s | 챔스 0.00s | 클럽WC 0.00s | 국내컵 0.03s | 리그시뮬 0.11s)
[09-04 05:59:28] [PERF-DAY] 40주차 280일차 처리 0.140s (stype='휴식' | 그주마지막날=True | 경기있음=False | 부상=False)
[09-04 05:59:28] [AI리그] 41주차 6841경기, OVR캐시 11393→11393) 세부: 경기조회 0.006s | 시뮬루프 0.050s | executemany(6841건) 0.016s | teams반영+commit 0.038s
[09-04 05:59:28] [주 마무리] 41주차 0.11s (국제대회 0.00s | 챔스 0.00s | 클럽WC 0.00s | 국내컵 0.00s | 리그시뮬 0.11s)
[09-04 05:59:28] [PERF-DAY] 41주차 287일차 처리 0.118s (stype='휴식' | 그주마지막날=True | 경기있음=False | 부상=False)
[09-04 05:59:28] [AI리그] 42주차 6742경기, OVR캐시 11393→11393) 세부: 경기조회 0.006s | 시뮬루프 0.049s | executemany(6742건) 0.015s | teams반영+commit 0.037s
[09-04 05:59:28] [주 마무리] 42주차 0.12s (국제대회 0.00s | 챔스 0.00s | 클럽WC 0.00s | 국내컵 0.01s | 리그시뮬 0.11s)
[09-04 05:59:28] [PERF-DAY] 42주차 294일차 처리 0.121s (stype='휴식' | 그주마지막날=True | 경기있음=False | 부상=False)
[09-04 05:59:30] [PERF-PROMO] _process_promotion_relegation 세부: my_player/season조회 0.001s | teams+leagues조회 0.012s | standings계산(710개리그) 0.308s | ai_players OVR스캔 0.238s | 승강판정루프(211개국) 0.026s | executemany(1212건) 0.013s | 리스케일(1212건) 0.335s | commit/close 0.324s | 캐시무효화 0.000s
[09-04 05:59:30] [PERF-SEASON] finalize_club_season 세부: finish_incomplete_matches=0.047s | promotion_relegation=1.266s
[09-04 05:59:30] [PERF-YEAR] 43주차(CLUB_SEASON_END_DAY) 세부: finalize_club_season=1.314s | promotion_playoffs=0.024s | PRAGMA optimize=0.000s
[09-04 05:59:30] [PERF-DAY] 43주차 300일차 처리 1.355s (stype='휴식' | 그주마지막날=False | 경기있음=False | 부상=False)
[09-04 05:59:30] [진행 총계] 1.40초
[09-04 05:59:30] [PERF-DAILYHOOK] 44주차 302일차: process_po_week 0.055s
[09-04 05:59:30] [PERF-DAY] 44주차 302일차 처리 0.057s (stype='고강도' | 그주마지막날=False | 경기있음=False | 부상=False)
[09-04 05:59:30] [PERF-DAILYHOOK] 44주차 304일차: process_po_week 0.054s
[09-04 05:59:30] [PERF-DAY] 44주차 304일차 처리 0.056s (stype='고강도' | 그주마지막날=False | 경기있음=False | 부상=False)
[09-04 05:59:30] [PERF-DAILYHOOK] 44주차 306일차: process_po_week 0.081s
[09-04 05:59:30] [PERF-DAY] 44주차 306일차 처리 0.082s (stype='고강도' | 그주마지막날=False | 경기있음=False | 부상=False)
[09-04 06:00:12] [PERF]   _end_of_season 세부: AI생애주기 40.90s (승강제 타이밍은 43주 _finalize_club_season으로 이동 — 여기 안 잡힘)
[09-04 06:00:16] [PERF]   일정생성 세부: 아카이브이동 3.77s | 완비판정조회 0.01s | 기존경기dedup조회 0.00s | 일정계산 0.22s | INSERT+commit 0.37s | (대상리그 710개, 신규경기 201400건)
[09-04 06:00:17] [PERF]   인덱스재생성 0.34s
[09-04 06:00:18] [PERF] 연도전환 총 47.20s (커리어정리 0.00s | _end_of_season 40.91s | 일정생성 4.73s | 파워랭킹 1.56s | PRAGMA optimize 0.00s)
[09-04 06:00:18] [PERF-WEEKTAIL] 52주차: _pay_salary 0.000s | _advance_week 47.204s
[09-04 06:00:18] [PERF-DAY] 52주차 364일차 처리 47.206s (stype='휴식' | 그주마지막날=True | 경기있음=False | 부상=False)
[09-04 06:00:18] [진행 총계] 47.22초
[09-04 06:24:54] [PERF]   일정생성 세부: 아카이브이동 0.00s | 완비판정조회 0.01s | 기존경기dedup조회 0.00s | 일정계산 0.21s | INSERT+commit 0.34s | (대상리그 710개, 신규경기 201400건)
[09-04 06:24:55] [PERF]   인덱스재생성 0.35s
[09-04 06:24:59] [AI리그] 4주차 4527경기, OVR캐시 0→9054) 세부: 경기조회 0.014s | 시뮬루프 0.378s | executemany(4527건) 0.011s | teams반영+commit 0.030s
[09-04 06:24:59] [주 마무리] 4주차 0.44s (국제대회 0.00s | 챔스 0.00s | 클럽WC 0.00s | 국내컵 0.00s | 리그시뮬 0.44s)
[09-04 06:24:59] [PERF-WEEKTAIL] 4주차: _pay_salary 0.000s | _advance_week 0.156s
[09-04 06:24:59] [PERF-DAY] 4주차 28일차 처리 0.593s (stype='휴식' | 그주마지막날=True | 경기있음=False | 부상=False)
[09-04 06:24:59] [진행 총계] 0.60초
[09-04 06:24:59] [AI리그] 5주차 5771경기, OVR캐시 11263→11393) 세부: 경기조회 0.015s | 시뮬루프 0.172s | executemany(5771건) 0.013s | teams반영+commit 0.039s
[09-04 06:24:59] [주 마무리] 5주차 0.35s (국제대회 0.00s | 챔스 0.00s | 클럽WC 0.00s | 국내컵 0.11s | 리그시뮬 0.24s)
[09-04 06:24:59] [PERF-DAY] 5주차 35일차 처리 0.356s (stype='휴식' | 그주마지막날=True | 경기있음=False | 부상=False)
[09-04 06:24:59] [진행 총계] 0.36초
[09-04 06:24:59] [AI리그] 6주차 5734경기, OVR캐시 11393→11393) 세부: 경기조회 0.014s | 시뮬루프 0.150s | executemany(5734건) 0.014s | teams반영+commit 0.041s
[09-04 06:24:59] [주 마무리] 6주차 0.34s (국제대회 0.00s | 챔스 0.00s | 클럽WC 0.00s | 국내컵 0.12s | 리그시뮬 0.22s)
[09-04 06:24:59] [PERF-DAY] 6주차 42일차 처리 0.338s (stype='휴식' | 그주마지막날=True | 경기있음=False | 부상=False)
[09-04 06:24:59] [진행 총계] 0.34초
[09-04 06:25:00] [AI리그] 7주차 5801경기, OVR캐시 11393→11393) 세부: 경기조회 0.014s | 시뮬루프 0.152s | executemany(5801건) 0.013s | teams반영+commit 0.040s
[09-04 06:25:00] [주 마무리] 7주차 0.31s (국제대회 0.00s | 챔스 0.00s | 클럽WC 0.00s | 국내컵 0.09s | 리그시뮬 0.22s)
[09-04 06:25:00] [PERF-DAY] 7주차 49일차 처리 0.356s (stype='휴식' | 그주마지막날=True | 경기있음=False | 부상=False)
[09-04 06:25:00] [진행 총계] 0.36초
[09-04 06:25:00] [AI리그] 8주차 5757경기, OVR캐시 11393→11393) 세부: 경기조회 0.014s | 시뮬루프 0.149s | executemany(5757건) 0.012s | teams반영+commit 0.030s
[09-04 06:25:00] [주 마무리] 8주차 0.21s (국제대회 0.00s | 챔스 0.00s | 클럽WC 0.00s | 국내컵 0.00s | 리그시뮬 0.21s)
[09-04 06:25:00] [PERF-DAY] 8주차 56일차 처리 0.212s (stype='휴식' | 그주마지막날=True | 경기있음=False | 부상=False)
[09-04 06:25:01] [AI리그] 9주차 5731경기, OVR캐시 11393→11393) 세부: 경기조회 0.014s | 시뮬루프 0.148s | executemany(5731건) 0.012s | teams반영+commit 0.031s
[09-04 06:25:01] [주 마무리] 9주차 0.24s (국제대회 0.00s | 챔스 0.03s | 클럽WC 0.00s | 국내컵 0.00s | 리그시뮬 0.21s)
[09-04 06:25:01] [PERF-DAY] 9주차 63일차 처리 0.237s (stype='휴식' | 그주마지막날=True | 경기있음=False | 부상=False)
[09-04 06:25:01] [AI리그] 10주차 5766경기, OVR캐시 11393→11393) 세부: 경기조회 0.013s | 시뮬루프 0.152s | executemany(5766건) 0.012s | teams반영+commit 0.033s
[09-04 06:25:01] [주 마무리] 10주차 0.24s (국제대회 0.00s | 챔스 0.02s | 클럽WC 0.00s | 국내컵 0.00s | 리그시뮬 0.21s)
[09-04 06:25:01] [PERF-DAY] 10주차 70일차 처리 0.240s (stype='휴식' | 그주마지막날=True | 경기있음=False | 부상=False)
[09-04 06:25:01] [AI리그] 11주차 5618경기, OVR캐시 11393→11393) 세부: 경기조회 0.013s | 시뮬루프 0.150s | executemany(5618건) 0.013s | teams반영+commit 0.033s
[09-04 06:25:01] [주 마무리] 11주차 0.24s (국제대회 0.00s | 챔스 0.02s | 클럽WC 0.00s | 국내컵 0.00s | 리그시뮬 0.21s)
[09-04 06:25:01] [PERF-DAY] 11주차 77일차 처리 0.237s (stype='휴식' | 그주마지막날=True | 경기있음=False | 부상=False)
[09-04 06:25:01] [AI리그] 12주차 5609경기, OVR캐시 11393→11393) 세부: 경기조회 0.013s | 시뮬루프 0.150s | executemany(5609건) 0.013s | teams반영+commit 0.033s
[09-04 06:25:01] [주 마무리] 12주차 0.24s (국제대회 0.00s | 챔스 0.02s | 클럽WC 0.00s | 국내컵 0.00s | 리그시뮬 0.21s)
[09-04 06:25:01] [PERF-DAY] 12주차 84일차 처리 0.237s (stype='휴식' | 그주마지막날=True | 경기있음=False | 부상=False)
[09-04 06:25:02] [AI리그] 13주차 5233경기, OVR캐시 11393→11393) 세부: 경기조회 0.012s | 시뮬루프 0.137s | executemany(5233건) 0.011s | teams반영+commit 0.030s
[09-04 06:25:02] [주 마무리] 13주차 0.22s (국제대회 0.00s | 챔스 0.02s | 클럽WC 0.00s | 국내컵 0.00s | 리그시뮬 0.19s)
[09-04 06:25:02] [PERF-DAY] 13주차 91일차 처리 0.218s (stype='휴식' | 그주마지막날=True | 경기있음=False | 부상=False)
[09-04 06:25:02] [AI리그] 14주차 5527경기, OVR캐시 11393→11393) 세부: 경기조회 0.012s | 시뮬루프 0.140s | executemany(5527건) 0.011s | teams반영+commit 0.027s
[09-04 06:25:02] [주 마무리] 14주차 0.22s (국제대회 0.00s | 챔스 0.02s | 클럽WC 0.00s | 국내컵 0.00s | 리그시뮬 0.19s)
[09-04 06:25:02] [PERF-DAY] 14주차 98일차 처리 0.218s (stype='휴식' | 그주마지막날=True | 경기있음=False | 부상=False)
[09-04 06:25:02] [AI리그] 15주차 5747경기, OVR캐시 11393→11393) 세부: 경기조회 0.012s | 시뮬루프 0.155s | executemany(5747건) 0.013s | teams반영+commit 0.033s
[09-04 06:25:02] [주 마무리] 15주차 0.24s (국제대회 0.00s | 챔스 0.02s | 클럽WC 0.00s | 국내컵 0.00s | 리그시뮬 0.22s)
[09-04 06:25:02] [PERF-DAY] 15주차 105일차 처리 0.242s (stype='휴식' | 그주마지막날=True | 경기있음=False | 부상=False)
[09-04 06:25:03] [AI리그] 16주차 5732경기, OVR캐시 11393→11393) 세부: 경기조회 0.012s | 시뮬루프 0.156s | executemany(5732건) 0.014s | teams반영+commit 0.038s
[09-04 06:25:03] [주 마무리] 16주차 0.27s (국제대회 0.00s | 챔스 0.05s | 클럽WC 0.00s | 국내컵 0.00s | 리그시뮬 0.22s)
[09-04 06:25:03] [PERF-DAY] 16주차 112일차 처리 0.272s (stype='휴식' | 그주마지막날=True | 경기있음=False | 부상=False)
[09-04 06:25:03] [AI리그] 17주차 5482경기, OVR캐시 11393→11393) 세부: 경기조회 0.011s | 시뮬루프 0.145s | executemany(5482건) 0.013s | teams반영+commit 0.036s
[09-04 06:25:03] [주 마무리] 17주차 0.21s (국제대회 0.00s | 챔스 0.00s | 클럽WC 0.00s | 국내컵 0.00s | 리그시뮬 0.21s)
[09-04 06:25:03] [PERF-DAY] 17주차 119일차 처리 0.211s (stype='휴식' | 그주마지막날=True | 경기있음=False | 부상=False)
[09-04 06:25:03] [AI리그] 18주차 5384경기, OVR캐시 11393→11393) 세부: 경기조회 0.012s | 시뮬루프 0.148s | executemany(5384건) 0.013s | teams반영+commit 0.037s
[09-04 06:25:03] [주 마무리] 18주차 0.24s (국제대회 0.00s | 챔스 0.03s | 클럽WC 0.00s | 국내컵 0.00s | 리그시뮬 0.21s)
[09-04 06:25:03] [PERF-DAY] 18주차 126일차 처리 0.240s (stype='휴식' | 그주마지막날=True | 경기있음=False | 부상=False)
[09-04 06:25:04] [AI리그] 19주차 3886경기, OVR캐시 11393→11393) 세부: 경기조회 0.010s | 시뮬루프 0.103s | executemany(3886건) 0.010s | teams반영+commit 0.027s
[09-04 06:25:04] [주 마무리] 19주차 0.16s (국제대회 0.00s | 챔스 0.00s | 클럽WC 0.00s | 국내컵 0.00s | 리그시뮬 0.15s)
[09-04 06:25:04] [PERF-DAY] 19주차 133일차 처리 0.157s (stype='휴식' | 그주마지막날=True | 경기있음=False | 부상=False)
[09-04 06:25:04] [AI리그] 20주차 3343경기, OVR캐시 11393→11393) 세부: 경기조회 0.010s | 시뮬루프 0.090s | executemany(3343건) 0.008s | teams반영+commit 0.023s
[09-04 06:25:04] [주 마무리] 20주차 0.15s (국제대회 0.00s | 챔스 0.02s | 클럽WC 0.00s | 국내컵 0.00s | 리그시뮬 0.13s)
[09-04 06:25:04] [PERF-DAY] 20주차 140일차 처리 0.155s (stype='휴식' | 그주마지막날=True | 경기있음=False | 부상=False)
[09-04 06:25:04] [AI리그] 21주차 2934경기, OVR캐시 11393→11393) 세부: 경기조회 0.009s | 시뮬루프 0.079s | executemany(2934건) 0.008s | teams반영+commit 0.020s
[09-04 06:25:04] [주 마무리] 21주차 0.13s (국제대회 0.00s | 챔스 0.01s | 클럽WC 0.00s | 국내컵 0.00s | 리그시뮬 0.12s)
[09-04 06:25:04] [PERF-DAY] 21주차 147일차 처리 0.133s (stype='휴식' | 그주마지막날=True | 경기있음=False | 부상=False)
[09-04 06:25:04] [AI리그] 22주차 2779경기, OVR캐시 11393→11393) 세부: 경기조회 0.009s | 시뮬루프 0.074s | executemany(2779건) 0.007s | teams반영+commit 0.020s
[09-04 06:25:04] [주 마무리] 22주차 0.12s (국제대회 0.00s | 챔스 0.01s | 클럽WC 0.00s | 국내컵 0.00s | 리그시뮬 0.11s)
[09-04 06:25:04] [PERF-DAY] 22주차 154일차 처리 0.123s (stype='휴식' | 그주마지막날=True | 경기있음=False | 부상=False)
[09-04 06:25:04] [AI리그] 23주차 2291경기, OVR캐시 11393→11393) 세부: 경기조회 0.008s | 시뮬루프 0.059s | executemany(2291건) 0.006s | teams반영+commit 0.013s
[09-04 06:25:04] [주 마무리] 23주차 0.10s (국제대회 0.00s | 챔스 0.01s | 클럽WC 0.00s | 국내컵 0.00s | 리그시뮬 0.09s)
[09-04 06:25:04] [PERF-DAY] 23주차 161일차 처리 0.106s (stype='휴식' | 그주마지막날=True | 경기있음=False | 부상=False)
[09-04 06:25:04] [AI리그] 24주차 2602경기, OVR캐시 11393→11393) 세부: 경기조회 0.008s | 시뮬루프 0.051s | executemany(2602건) 0.007s | teams반영+commit 0.012s
[09-04 06:25:04] [주 마무리] 24주차 0.08s (국제대회 0.00s | 챔스 0.00s | 클럽WC 0.00s | 국내컵 0.00s | 리그시뮬 0.08s)
[09-04 06:25:04] [PERF-DAY] 24주차 168일차 처리 0.082s (stype='휴식' | 그주마지막날=True | 경기있음=False | 부상=False)
[09-04 06:25:05] [PERF-DAILYHOOK] 25주차 169일차: process_intl_week 0.416s | process_cwc_week 0.000s
[09-04 06:25:05] [PERF-DAY] 25주차 169일차 처리 0.418s (stype='고강도' | 그주마지막날=False | 경기있음=False | 부상=False)
[09-04 06:25:05] [진행 총계] 0.45초
[09-04 06:25:08] [PERF-WEEKTAIL] 28주차: _pay_salary 0.000s | _advance_week 2.653s
[09-04 06:25:08] [PERF-DAY] 28주차 196일차 처리 2.663s (stype='휴식' | 그주마지막날=True | 경기있음=False | 부상=False)
[09-04 06:25:08] [진행 총계] 2.67초
[09-04 06:25:08] [AI리그] 29주차 4943경기, OVR캐시 11393→11393) 세부: 경기조회 0.010s | 시뮬루프 0.131s | executemany(4943건) 0.011s | teams반영+commit 0.027s
[09-04 06:25:08] [주 마무리] 29주차 0.18s (국제대회 0.00s | 챔스 0.00s | 클럽WC 0.00s | 국내컵 0.00s | 리그시뮬 0.18s)
[09-04 06:25:08] [PERF-DAY] 29주차 203일차 처리 0.184s (stype='휴식' | 그주마지막날=True | 경기있음=False | 부상=False)
[09-04 06:25:08] [AI리그] 30주차 6683경기, OVR캐시 11393→11393) 세부: 경기조회 0.010s | 시뮬루프 0.163s | executemany(6683건) 0.015s | teams반영+commit 0.036s
[09-04 06:25:08] [주 마무리] 30주차 0.29s (국제대회 0.00s | 챔스 0.00s | 클럽WC 0.00s | 국내컵 0.07s | 리그시뮬 0.23s)
[09-04 06:25:08] [PERF-DAY] 30주차 210일차 처리 0.295s (stype='휴식' | 그주마지막날=True | 경기있음=False | 부상=False)
[09-04 06:25:08] [진행 총계] 0.30초
[09-04 06:25:09] [AI리그] 31주차 6722경기, OVR캐시 11393→11393) 세부: 경기조회 0.010s | 시뮬루프 0.161s | executemany(6722건) 0.014s | teams반영+commit 0.033s
[09-04 06:25:09] [주 마무리] 31주차 0.22s (국제대회 0.00s | 챔스 0.00s | 클럽WC 0.00s | 국내컵 0.00s | 리그시뮬 0.22s)
[09-04 06:25:09] [PERF-DAY] 31주차 217일차 처리 0.224s (stype='휴식' | 그주마지막날=True | 경기있음=False | 부상=False)
[09-04 06:25:09] [AI리그] 32주차 6569경기, OVR캐시 11393→11393) 세부: 경기조회 0.009s | 시뮬루프 0.164s | executemany(6569건) 0.015s | teams반영+commit 0.037s
[09-04 06:25:09] [주 마무리] 32주차 0.29s (국제대회 0.00s | 챔스 0.00s | 클럽WC 0.00s | 국내컵 0.06s | 리그시뮬 0.23s)
[09-04 06:25:09] [PERF-DAY] 32주차 224일차 처리 0.293s (stype='휴식' | 그주마지막날=True | 경기있음=False | 부상=False)
[09-04 06:25:09] [AI리그] 33주차 6949경기, OVR캐시 11393→11393) 세부: 경기조회 0.009s | 시뮬루프 0.165s | executemany(6949건) 0.015s | teams반영+commit 0.036s
[09-04 06:25:09] [주 마무리] 33주차 0.23s (국제대회 0.00s | 챔스 0.00s | 클럽WC 0.00s | 국내컵 0.00s | 리그시뮬 0.23s)
[09-04 06:25:09] [PERF-DAY] 33주차 231일차 처리 0.231s (stype='휴식' | 그주마지막날=True | 경기있음=False | 부상=False)
[09-04 06:25:10] [AI리그] 34주차 6515경기, OVR캐시 11393→11393) 세부: 경기조회 0.008s | 시뮬루프 0.163s | executemany(6515건) 0.015s | teams반영+commit 0.036s
[09-04 06:25:10] [주 마무리] 34주차 0.27s (국제대회 0.00s | 챔스 0.00s | 클럽WC 0.00s | 국내컵 0.05s | 리그시뮬 0.22s)
[09-04 06:25:10] [PERF-DAY] 34주차 238일차 처리 0.273s (stype='휴식' | 그주마지막날=True | 경기있음=False | 부상=False)
[09-04 06:25:10] [AI리그] 35주차 6888경기, OVR캐시 11393→11393) 세부: 경기조회 0.009s | 시뮬루프 0.165s | executemany(6888건) 0.015s | teams반영+commit 0.037s
[09-04 06:25:10] [주 마무리] 35주차 0.23s (국제대회 0.00s | 챔스 0.00s | 클럽WC 0.00s | 국내컵 0.00s | 리그시뮬 0.23s)
[09-04 06:25:10] [PERF-DAY] 35주차 245일차 처리 0.231s (stype='휴식' | 그주마지막날=True | 경기있음=False | 부상=False)
[09-04 06:25:10] [AI리그] 36주차 7137경기, OVR캐시 11393→11393) 세부: 경기조회 0.008s | 시뮬루프 0.165s | executemany(7137건) 0.015s | teams반영+commit 0.033s
[09-04 06:25:10] [주 마무리] 36주차 0.27s (국제대회 0.00s | 챔스 0.00s | 클럽WC 0.00s | 국내컵 0.04s | 리그시뮬 0.22s)
[09-04 06:25:10] [PERF-DAY] 36주차 252일차 처리 0.268s (stype='휴식' | 그주마지막날=True | 경기있음=False | 부상=False)
[09-04 06:25:11] [AI리그] 37주차 6556경기, OVR캐시 11393→11393) 세부: 경기조회 0.007s | 시뮬루프 0.160s | executemany(6556건) 0.013s | teams반영+commit 0.028s
[09-04 06:25:11] [주 마무리] 37주차 0.21s (국제대회 0.00s | 챔스 0.00s | 클럽WC 0.00s | 국내컵 0.00s | 리그시뮬 0.21s)
[09-04 06:25:11] [PERF-DAY] 37주차 259일차 처리 0.213s (stype='휴식' | 그주마지막날=True | 경기있음=False | 부상=False)
[09-04 06:25:11] [AI리그] 38주차 6730경기, OVR캐시 11393→11393) 세부: 경기조회 0.007s | 시뮬루프 0.168s | executemany(6730건) 0.013s | teams반영+commit 0.028s
[09-04 06:25:11] [주 마무리] 38주차 0.28s (국제대회 0.00s | 챔스 0.00s | 클럽WC 0.00s | 국내컵 0.06s | 리그시뮬 0.22s)
[09-04 06:25:11] [PERF-DAY] 38주차 266일차 처리 0.279s (stype='휴식' | 그주마지막날=True | 경기있음=False | 부상=False)
[09-04 06:25:11] [AI리그] 39주차 6855경기, OVR캐시 11393→11393) 세부: 경기조회 0.007s | 시뮬루프 0.162s | executemany(6855건) 0.013s | teams반영+commit 0.028s
[09-04 06:25:11] [주 마무리] 39주차 0.21s (국제대회 0.00s | 챔스 0.00s | 클럽WC 0.00s | 국내컵 0.00s | 리그시뮬 0.21s)
[09-04 06:25:11] [PERF-DAY] 39주차 273일차 처리 0.214s (stype='휴식' | 그주마지막날=True | 경기있음=False | 부상=False)
[09-04 06:25:12] [AI리그] 40주차 6844경기, OVR캐시 11393→11393) 세부: 경기조회 0.006s | 시뮬루프 0.161s | executemany(6844건) 0.013s | teams반영+commit 0.028s
[09-04 06:25:12] [주 마무리] 40주차 0.23s (국제대회 0.00s | 챔스 0.00s | 클럽WC 0.00s | 국내컵 0.02s | 리그시뮬 0.21s)
[09-04 06:25:12] [PERF-DAY] 40주차 280일차 처리 0.234s (stype='휴식' | 그주마지막날=True | 경기있음=False | 부상=False)
[09-04 06:25:12] [AI리그] 41주차 6841경기, OVR캐시 11393→11393) 세부: 경기조회 0.005s | 시뮬루프 0.161s | executemany(6841건) 0.014s | teams반영+commit 0.030s
[09-04 06:25:12] [주 마무리] 41주차 0.21s (국제대회 0.00s | 챔스 0.00s | 클럽WC 0.00s | 국내컵 0.00s | 리그시뮬 0.21s)
[09-04 06:25:12] [PERF-DAY] 41주차 287일차 처리 0.215s (stype='휴식' | 그주마지막날=True | 경기있음=False | 부상=False)
[09-04 06:25:12] [AI리그] 42주차 6742경기, OVR캐시 11393→11393) 세부: 경기조회 0.006s | 시뮬루프 0.150s | executemany(6742건) 0.013s | teams반영+commit 0.026s
[09-04 06:25:12] [주 마무리] 42주차 0.20s (국제대회 0.00s | 챔스 0.00s | 클럽WC 0.00s | 국내컵 0.01s | 리그시뮬 0.20s)
[09-04 06:25:12] [PERF-DAY] 42주차 294일차 처리 0.204s (stype='휴식' | 그주마지막날=True | 경기있음=False | 부상=False)
[09-04 06:25:14] [PERF-PROMO] _process_promotion_relegation 세부: my_player/season조회 0.001s | teams+leagues조회 0.012s | standings계산(710개리그) 0.274s | ai_players OVR스캔 0.192s | 승강판정루프(211개국) 0.026s | executemany(1212건) 0.016s | 리스케일(1212건) 0.338s | commit/close 0.313s | 캐시무효화 0.000s
[09-04 06:25:14] [PERF-SEASON] finalize_club_season 세부: finish_incomplete_matches=0.044s | promotion_relegation=1.180s
[09-04 06:25:14] [PERF-YEAR] 43주차(CLUB_SEASON_END_DAY) 세부: finalize_club_season=1.224s | promotion_playoffs=0.023s | PRAGMA optimize=0.024s
[09-04 06:25:14] [PERF-DAY] 43주차 300일차 처리 1.282s (stype='휴식' | 그주마지막날=False | 경기있음=False | 부상=False)
[09-04 06:25:14] [진행 총계] 1.30초
[09-04 06:25:14] [PERF-DAILYHOOK] 44주차 306일차: process_po_week 0.063s
[09-04 06:25:14] [PERF-DAY] 44주차 306일차 처리 0.064s (stype='고강도' | 그주마지막날=False | 경기있음=False | 부상=False)
[09-04 06:25:14] [PERF-DAILYHOOK] 46주차 316일차: process_intl_week 0.154s | process_cwc_week 0.000s
[09-04 06:25:14] [PERF-DAY] 46주차 316일차 처리 0.155s (stype='고강도' | 그주마지막날=False | 경기있음=False | 부상=False)
[09-04 06:25:14] [PERF-DAILYHOOK] 46주차 317일차: process_intl_week 0.132s | process_cwc_week 0.000s
[09-04 06:25:14] [PERF-DAY] 46주차 317일차 처리 0.134s (stype='휴식' | 그주마지막날=False | 경기있음=False | 부상=False)
[09-04 06:25:14] [PERF-DAILYHOOK] 46주차 318일차: process_intl_week 0.148s | process_cwc_week 0.000s
[09-04 06:25:14] [PERF-DAY] 46주차 318일차 처리 0.150s (stype='고강도' | 그주마지막날=False | 경기있음=False | 부상=False)
[09-04 06:25:14] [PERF-DAILYHOOK] 46주차 319일차: process_intl_week 0.137s | process_cwc_week 0.000s
[09-04 06:25:14] [PERF-DAY] 46주차 319일차 처리 0.139s (stype='휴식' | 그주마지막날=False | 경기있음=False | 부상=False)
[09-04 06:25:14] [진행 총계] 0.60초
[09-04 06:25:49] [PERF]   _end_of_season 세부: AI생애주기 33.66s (승강제 타이밍은 43주 _finalize_club_season으로 이동 — 여기 안 잡힘)
[09-04 06:25:50] [PERF]   일정생성 세부: 아카이브이동 0.75s | 완비판정조회 0.01s | 기존경기dedup조회 0.00s | 일정계산 0.21s | INSERT+commit 0.37s | (대상리그 710개, 신규경기 201400건)
[09-04 06:25:50] [PERF]   인덱스재생성 0.35s
[09-04 06:25:52] [PERF] 연도전환 총 37.24s (커리어정리 0.00s | _end_of_season 33.67s | 일정생성 1.69s | 파워랭킹 1.86s | PRAGMA optimize 0.02s)
[09-04 06:25:52] [PERF-WEEKTAIL] 52주차: _pay_salary 0.000s | _advance_week 37.237s
[09-04 06:25:52] [PERF-DAY] 52주차 364일차 처리 37.239s (stype='휴식' | 그주마지막날=True | 경기있음=False | 부상=False)
[09-04 06:25:52] [진행 총계] 37.24초
[09-04 06:25:53] [AI리그] 4주차 4527경기, OVR캐시 0→9054) 세부: 경기조회 0.014s | 시뮬루프 0.304s | executemany(4527건) 0.010s | teams반영+commit 0.023s
[09-04 06:25:53] [주 마무리] 4주차 0.35s (국제대회 0.00s | 챔스 0.00s | 클럽WC 0.00s | 국내컵 0.00s | 리그시뮬 0.35s)
[09-04 06:25:53] [PERF-WEEKTAIL] 4주차: _pay_salary 0.000s | _advance_week 0.173s
[09-04 06:25:53] [PERF-DAY] 4주차 28일차 처리 0.528s (stype='휴식' | 그주마지막날=True | 경기있음=False | 부상=False)
[09-04 06:25:53] [진행 총계] 0.53초
[09-04 06:25:53] [AI리그] 5주차 5771경기, OVR캐시 11263→11393) 세부: 경기조회 0.016s | 시뮬루프 0.067s | executemany(5771건) 0.013s | teams반영+commit 0.040s
[09-04 06:25:53] [주 마무리] 5주차 0.25s (국제대회 0.00s | 챔스 0.00s | 클럽WC 0.00s | 국내컵 0.12s | 리그시뮬 0.14s)
[09-04 06:25:53] [PERF-DAY] 5주차 35일차 처리 0.255s (stype='휴식' | 그주마지막날=True | 경기있음=False | 부상=False)
[09-04 06:25:54] [AI리그] 6주차 5734경기, OVR캐시 11393→11393) 세부: 경기조회 0.014s | 시뮬루프 0.043s | executemany(5734건) 0.012s | teams반영+commit 0.038s
[09-04 06:25:54] [주 마무리] 6주차 0.23s (국제대회 0.00s | 챔스 0.00s | 클럽WC 0.00s | 국내컵 0.12s | 리그시뮬 0.11s)
[09-04 06:25:54] [PERF-DAY] 6주차 42일차 처리 0.229s (stype='휴식' | 그주마지막날=True | 경기있음=False | 부상=False)
[09-04 06:25:54] [AI리그] 7주차 5801경기, OVR캐시 11393→11393) 세부: 경기조회 0.014s | 시뮬루프 0.050s | executemany(5801건) 0.013s | teams반영+commit 0.039s
[09-04 06:25:54] [주 마무리] 7주차 0.21s (국제대회 0.00s | 챔스 0.00s | 클럽WC 0.00s | 국내컵 0.09s | 리그시뮬 0.12s)
[09-04 06:25:54] [PERF-DAY] 7주차 49일차 처리 0.275s (stype='휴식' | 그주마지막날=True | 경기있음=False | 부상=False)
[09-04 06:25:54] [AI리그] 8주차 5757경기, OVR캐시 11393→11393) 세부: 경기조회 0.015s | 시뮬루프 0.044s | executemany(5757건) 0.012s | teams반영+commit 0.037s
[09-04 06:25:54] [주 마무리] 8주차 0.11s (국제대회 0.00s | 챔스 0.00s | 클럽WC 0.00s | 국내컵 0.00s | 리그시뮬 0.11s)
[09-04 06:25:54] [PERF-DAY] 8주차 56일차 처리 0.114s (stype='휴식' | 그주마지막날=True | 경기있음=False | 부상=False)
[09-04 06:25:54] [AI리그] 9주차 5731경기, OVR캐시 11393→11393) 세부: 경기조회 0.014s | 시뮬루프 0.043s | executemany(5731건) 0.013s | teams반영+commit 0.039s
[09-04 06:25:54] [주 마무리] 9주차 0.14s (국제대회 0.00s | 챔스 0.03s | 클럽WC 0.00s | 국내컵 0.00s | 리그시뮬 0.11s)
[09-04 06:25:54] [PERF-DAY] 9주차 63일차 처리 0.144s (stype='휴식' | 그주마지막날=True | 경기있음=False | 부상=False)
[09-04 06:25:55] [AI리그] 10주차 5766경기, OVR캐시 11393→11393) 세부: 경기조회 0.014s | 시뮬루프 0.049s | executemany(5766건) 0.013s | teams반영+commit 0.040s
[09-04 06:25:55] [주 마무리] 10주차 0.14s (국제대회 0.00s | 챔스 0.02s | 클럽WC 0.00s | 국내컵 0.00s | 리그시뮬 0.12s)
[09-04 06:25:55] [PERF-DAY] 10주차 70일차 처리 0.145s (stype='휴식' | 그주마지막날=True | 경기있음=False | 부상=False)
[09-04 06:25:55] [AI리그] 11주차 5618경기, OVR캐시 11393→11393) 세부: 경기조회 0.014s | 시뮬루프 0.043s | executemany(5618건) 0.013s | teams반영+commit 0.038s
[09-04 06:25:55] [주 마무리] 11주차 0.14s (국제대회 0.00s | 챔스 0.02s | 클럽WC 0.00s | 국내컵 0.00s | 리그시뮬 0.11s)
[09-04 06:25:55] [PERF-DAY] 11주차 77일차 처리 0.137s (stype='휴식' | 그주마지막날=True | 경기있음=False | 부상=False)
[09-04 06:25:55] [AI리그] 12주차 5609경기, OVR캐시 11393→11393) 세부: 경기조회 0.013s | 시뮬루프 0.044s | executemany(5609건) 0.013s | teams반영+commit 0.037s
[09-04 06:25:55] [주 마무리] 12주차 0.13s (국제대회 0.00s | 챔스 0.02s | 클럽WC 0.00s | 국내컵 0.00s | 리그시뮬 0.11s)
[09-04 06:25:55] [PERF-DAY] 12주차 84일차 처리 0.136s (stype='휴식' | 그주마지막날=True | 경기있음=False | 부상=True)
[09-04 06:25:55] [AI리그] 13주차 5233경기, OVR캐시 11393→11393) 세부: 경기조회 0.019s | 시뮬루프 0.041s | executemany(5233건) 0.012s | teams반영+commit 0.036s
[09-04 06:25:55] [주 마무리] 13주차 0.14s (국제대회 0.00s | 챔스 0.03s | 클럽WC 0.00s | 국내컵 0.00s | 리그시뮬 0.11s)
[09-04 06:25:55] [PERF-DAY] 13주차 91일차 처리 0.139s (stype='휴식' | 그주마지막날=True | 경기있음=False | 부상=True)
[09-04 06:25:55] [AI리그] 14주차 5527경기, OVR캐시 11393→11393) 세부: 경기조회 0.013s | 시뮬루프 0.054s | executemany(5527건) 0.014s | teams반영+commit 0.035s
[09-04 06:25:55] [주 마무리] 14주차 0.15s (국제대회 0.00s | 챔스 0.03s | 클럽WC 0.00s | 국내컵 0.00s | 리그시뮬 0.12s)
[09-04 06:25:55] [PERF-DAY] 14주차 98일차 처리 0.149s (stype='휴식' | 그주마지막날=True | 경기있음=False | 부상=True)
[09-04 06:25:56] [AI리그] 15주차 5747경기, OVR캐시 11393→11393) 세부: 경기조회 0.013s | 시뮬루프 0.049s | executemany(5747건) 0.013s | teams반영+commit 0.035s
[09-04 06:25:56] [주 마무리] 15주차 0.14s (국제대회 0.00s | 챔스 0.02s | 클럽WC 0.00s | 국내컵 0.00s | 리그시뮬 0.11s)
[09-04 06:25:56] [PERF-DAY] 15주차 105일차 처리 0.138s (stype='휴식' | 그주마지막날=True | 경기있음=False | 부상=True)
[09-04 06:25:56] [AI리그] 16주차 5732경기, OVR캐시 11393→11393) 세부: 경기조회 0.012s | 시뮬루프 0.043s | executemany(5732건) 0.013s | teams반영+commit 0.035s
[09-04 06:25:56] [주 마무리] 16주차 0.15s (국제대회 0.00s | 챔스 0.05s | 클럽WC 0.00s | 국내컵 0.00s | 리그시뮬 0.11s)
[09-04 06:25:56] [PERF-DAY] 16주차 112일차 처리 0.155s (stype='휴식' | 그주마지막날=True | 경기있음=False | 부상=False)
[09-04 06:25:56] [AI리그] 17주차 5482경기, OVR캐시 11393→11393) 세부: 경기조회 0.012s | 시뮬루프 0.049s | executemany(5482건) 0.012s | teams반영+commit 0.033s
[09-04 06:25:56] [주 마무리] 17주차 0.11s (국제대회 0.00s | 챔스 0.00s | 클럽WC 0.00s | 국내컵 0.00s | 리그시뮬 0.11s)
[09-04 06:25:56] [PERF-DAY] 17주차 119일차 처리 0.113s (stype='휴식' | 그주마지막날=True | 경기있음=False | 부상=False)
[09-04 06:25:56] [AI리그] 18주차 5384경기, OVR캐시 11393→11393) 세부: 경기조회 0.011s | 시뮬루프 0.041s | executemany(5384건) 0.012s | teams반영+commit 0.032s
[09-04 06:25:56] [주 마무리] 18주차 0.12s (국제대회 0.00s | 챔스 0.03s | 클럽WC 0.00s | 국내컵 0.00s | 리그시뮬 0.10s)
[09-04 06:25:56] [PERF-DAY] 18주차 126일차 처리 0.126s (stype='휴식' | 그주마지막날=True | 경기있음=False | 부상=False)
[09-04 06:25:57] [AI리그] 19주차 3886경기, OVR캐시 11393→11393) 세부: 경기조회 0.011s | 시뮬루프 0.030s | executemany(3886건) 0.009s | teams반영+commit 0.025s
[09-04 06:25:57] [주 마무리] 19주차 0.08s (국제대회 0.00s | 챔스 0.00s | 클럽WC 0.00s | 국내컵 0.00s | 리그시뮬 0.08s)
[09-04 06:25:57] [PERF-DAY] 19주차 133일차 처리 0.081s (stype='휴식' | 그주마지막날=True | 경기있음=False | 부상=False)
[09-04 06:25:57] [AI리그] 20주차 3343경기, OVR캐시 11393→11393) 세부: 경기조회 0.009s | 시뮬루프 0.026s | executemany(3343건) 0.008s | teams반영+commit 0.021s
[09-04 06:25:57] [주 마무리] 20주차 0.09s (국제대회 0.00s | 챔스 0.02s | 클럽WC 0.00s | 국내컵 0.00s | 리그시뮬 0.07s)
[09-04 06:25:57] [PERF-DAY] 20주차 140일차 처리 0.087s (stype='휴식' | 그주마지막날=True | 경기있음=False | 부상=False)
[09-04 06:25:57] [AI리그] 21주차 2934경기, OVR캐시 11393→11393) 세부: 경기조회 0.009s | 시뮬루프 0.028s | executemany(2934건) 0.007s | teams반영+commit 0.018s
[09-04 06:25:57] [주 마무리] 21주차 0.08s (국제대회 0.00s | 챔스 0.01s | 클럽WC 0.00s | 국내컵 0.00s | 리그시뮬 0.06s)
[09-04 06:25:57] [PERF-DAY] 21주차 147일차 처리 0.079s (stype='휴식' | 그주마지막날=True | 경기있음=False | 부상=False)
[09-04 06:25:57] [AI리그] 22주차 2779경기, OVR캐시 11393→11393) 세부: 경기조회 0.009s | 시뮬루프 0.023s | executemany(2779건) 0.007s | teams반영+commit 0.020s
[09-04 06:25:57] [주 마무리] 22주차 0.07s (국제대회 0.00s | 챔스 0.01s | 클럽WC 0.00s | 국내컵 0.00s | 리그시뮬 0.06s)
[09-04 06:25:57] [PERF-DAY] 22주차 154일차 처리 0.074s (stype='휴식' | 그주마지막날=True | 경기있음=False | 부상=False)
[09-04 06:25:57] [주 마무리] 23주차 0.06s (국제대회 0.00s | 챔스 0.01s | 클럽WC 0.00s | 국내컵 0.00s | 리그시뮬 0.05s)
[09-04 06:25:57] [PERF-DAY] 23주차 161일차 처리 0.073s (stype='휴식' | 그주마지막날=True | 경기있음=False | 부상=False)
[09-04 06:25:58] [PERF-DAILYHOOK] 25주차 169일차: process_intl_week 0.569s | process_cwc_week 0.000s
[09-04 06:25:58] [PERF-DAY] 25주차 169일차 처리 0.571s (stype='고강도' | 그주마지막날=False | 경기있음=False | 부상=False)
[09-04 06:25:58] [진행 총계] 0.61초
[09-04 06:25:58] [PERF-DAILYHOOK] 27주차 189일차: process_intl_week 0.058s | process_cwc_week 0.000s
[09-04 06:25:58] [PERF-DAY] 27주차 189일차 처리 0.068s (stype='휴식' | 그주마지막날=True | 경기있음=False | 부상=False)
[09-04 06:26:01] [PERF-WEEKTAIL] 28주차: _pay_salary 0.000s | _advance_week 2.761s
[09-04 06:26:01] [PERF-DAY] 28주차 196일차 처리 2.771s (stype='휴식' | 그주마지막날=True | 경기있음=False | 부상=False)
[09-04 06:26:01] [진행 총계] 2.78초
[09-04 06:26:01] [AI리그] 29주차 4943경기, OVR캐시 11393→11393) 세부: 경기조회 0.010s | 시뮬루프 0.040s | executemany(4943건) 0.012s | teams반영+commit 0.031s
[09-04 06:26:01] [주 마무리] 29주차 0.10s (국제대회 0.00s | 챔스 0.00s | 클럽WC 0.00s | 국내컵 0.00s | 리그시뮬 0.09s)
[09-04 06:26:01] [PERF-DAY] 29주차 203일차 처리 0.097s (stype='휴식' | 그주마지막날=True | 경기있음=False | 부상=False)
[09-04 06:26:02] [AI리그] 30주차 6683경기, OVR캐시 11393→11393) 세부: 경기조회 0.010s | 시뮬루프 0.048s | executemany(6683건) 0.015s | teams반영+commit 0.038s
[09-04 06:26:02] [주 마무리] 30주차 0.18s (국제대회 0.00s | 챔스 0.00s | 클럽WC 0.00s | 국내컵 0.07s | 리그시뮬 0.11s)
[09-04 06:26:02] [PERF-DAY] 30주차 210일차 처리 0.182s (stype='휴식' | 그주마지막날=True | 경기있음=False | 부상=False)
[09-04 06:26:02] [AI리그] 31주차 6722경기, OVR캐시 11393→11393) 세부: 경기조회 0.011s | 시뮬루프 0.050s | executemany(6722건) 0.015s | teams반영+commit 0.037s
[09-04 06:26:02] [주 마무리] 31주차 0.12s (국제대회 0.00s | 챔스 0.00s | 클럽WC 0.00s | 국내컵 0.00s | 리그시뮬 0.12s)
[09-04 06:26:02] [PERF-DAY] 31주차 217일차 처리 0.118s (stype='휴식' | 그주마지막날=True | 경기있음=False | 부상=False)
[09-04 06:26:02] [AI리그] 32주차 6569경기, OVR캐시 11393→11393) 세부: 경기조회 0.010s | 시뮬루프 0.048s | executemany(6569건) 0.016s | teams반영+commit 0.039s
[09-04 06:26:02] [주 마무리] 32주차 0.18s (국제대회 0.00s | 챔스 0.00s | 클럽WC 0.00s | 국내컵 0.06s | 리그시뮬 0.11s)
[09-04 06:26:02] [PERF-DAY] 32주차 224일차 처리 0.180s (stype='휴식' | 그주마지막날=True | 경기있음=False | 부상=False)
[09-04 06:26:02] [AI리그] 33주차 6949경기, OVR캐시 11393→11393) 세부: 경기조회 0.009s | 시뮬루프 0.050s | executemany(6949건) 0.016s | teams반영+commit 0.038s
[09-04 06:26:02] [주 마무리] 33주차 0.12s (국제대회 0.00s | 챔스 0.00s | 클럽WC 0.00s | 국내컵 0.00s | 리그시뮬 0.12s)
[09-04 06:26:02] [PERF-DAY] 33주차 231일차 처리 0.118s (stype='휴식' | 그주마지막날=True | 경기있음=False | 부상=False)
[09-04 06:26:03] [AI리그] 34주차 6515경기, OVR캐시 11393→11393) 세부: 경기조회 0.009s | 시뮬루프 0.049s | executemany(6515건) 0.015s | teams반영+commit 0.040s
[09-04 06:26:03] [주 마무리] 34주차 0.17s (국제대회 0.00s | 챔스 0.00s | 클럽WC 0.00s | 국내컵 0.05s | 리그시뮬 0.12s)
[09-04 06:26:03] [PERF-DAY] 34주차 238일차 처리 0.167s (stype='휴식' | 그주마지막날=True | 경기있음=False | 부상=False)
[09-04 06:26:03] [AI리그] 35주차 6888경기, OVR캐시 11393→11393) 세부: 경기조회 0.009s | 시뮬루프 0.049s | executemany(6888건) 0.016s | teams반영+commit 0.038s
[09-04 06:26:03] [주 마무리] 35주차 0.12s (국제대회 0.00s | 챔스 0.00s | 클럽WC 0.00s | 국내컵 0.00s | 리그시뮬 0.11s)
[09-04 06:26:03] [PERF-DAY] 35주차 245일차 처리 0.117s (stype='휴식' | 그주마지막날=True | 경기있음=False | 부상=False)
[09-04 06:26:03] [AI리그] 36주차 7137경기, OVR캐시 11393→11393) 세부: 경기조회 0.009s | 시뮬루프 0.054s | executemany(7137건) 0.016s | teams반영+commit 0.037s
[09-04 06:26:03] [주 마무리] 36주차 0.16s (국제대회 0.00s | 챔스 0.00s | 클럽WC 0.00s | 국내컵 0.04s | 리그시뮬 0.12s)
[09-04 06:26:03] [PERF-DAY] 36주차 252일차 처리 0.165s (stype='휴식' | 그주마지막날=True | 경기있음=False | 부상=True)
[09-04 06:26:03] [AI리그] 37주차 6556경기, OVR캐시 11393→11393) 세부: 경기조회 0.007s | 시뮬루프 0.049s | executemany(6556건) 0.015s | teams반영+commit 0.039s
[09-04 06:26:03] [주 마무리] 37주차 0.11s (국제대회 0.00s | 챔스 0.00s | 클럽WC 0.00s | 국내컵 0.00s | 리그시뮬 0.11s)
[09-04 06:26:03] [PERF-DAY] 37주차 259일차 처리 0.116s (stype='휴식' | 그주마지막날=True | 경기있음=False | 부상=False)
[09-04 06:26:03] [AI리그] 38주차 6730경기, OVR캐시 11393→11393) 세부: 경기조회 0.007s | 시뮬루프 0.049s | executemany(6730건) 0.016s | teams반영+commit 0.040s
[09-04 06:26:03] [주 마무리] 38주차 0.18s (국제대회 0.00s | 챔스 0.00s | 클럽WC 0.00s | 국내컵 0.06s | 리그시뮬 0.11s)
[09-04 06:26:03] [PERF-DAY] 38주차 266일차 처리 0.179s (stype='휴식' | 그주마지막날=True | 경기있음=False | 부상=False)
[09-04 06:26:04] [AI리그] 39주차 6855경기, OVR캐시 11393→11393) 세부: 경기조회 0.007s | 시뮬루프 0.051s | executemany(6855건) 0.017s | teams반영+commit 0.038s
[09-04 06:26:04] [주 마무리] 39주차 0.12s (국제대회 0.00s | 챔스 0.00s | 클럽WC 0.00s | 국내컵 0.00s | 리그시뮬 0.12s)
[09-04 06:26:04] [PERF-DAY] 39주차 273일차 처리 0.118s (stype='휴식' | 그주마지막날=True | 경기있음=False | 부상=False)
[09-04 06:26:04] [AI리그] 40주차 6844경기, OVR캐시 11393→11393) 세부: 경기조회 0.007s | 시뮬루프 0.049s | executemany(6844건) 0.015s | teams반영+commit 0.036s
[09-04 06:26:04] [주 마무리] 40주차 0.14s (국제대회 0.00s | 챔스 0.00s | 클럽WC 0.00s | 국내컵 0.03s | 리그시뮬 0.11s)
[09-04 06:26:04] [PERF-DAY] 40주차 280일차 처리 0.140s (stype='휴식' | 그주마지막날=True | 경기있음=False | 부상=False)
[09-04 06:26:04] [AI리그] 41주차 6841경기, OVR캐시 11393→11393) 세부: 경기조회 0.006s | 시뮬루프 0.049s | executemany(6841건) 0.015s | teams반영+commit 0.037s
[09-04 06:26:04] [주 마무리] 41주차 0.11s (국제대회 0.00s | 챔스 0.00s | 클럽WC 0.00s | 국내컵 0.00s | 리그시뮬 0.11s)
[09-04 06:26:04] [PERF-DAY] 41주차 287일차 처리 0.111s (stype='휴식' | 그주마지막날=True | 경기있음=False | 부상=False)
[09-04 06:26:04] [AI리그] 42주차 6742경기, OVR캐시 11393→11393) 세부: 경기조회 0.005s | 시뮬루프 0.049s | executemany(6742건) 0.015s | teams반영+commit 0.034s
[09-04 06:26:04] [주 마무리] 42주차 0.11s (국제대회 0.00s | 챔스 0.00s | 클럽WC 0.00s | 국내컵 0.01s | 리그시뮬 0.11s)
[09-04 06:26:04] [PERF-DAY] 42주차 294일차 처리 0.113s (stype='휴식' | 그주마지막날=True | 경기있음=False | 부상=False)
[09-04 06:26:06] [PERF-PROMO] _process_promotion_relegation 세부: my_player/season조회 0.001s | teams+leagues조회 0.012s | standings계산(710개리그) 0.275s | ai_players OVR스캔 0.220s | 승강판정루프(211개국) 0.027s | executemany(1212건) 0.016s | 리스케일(1212건) 0.345s | commit/close 0.318s | 캐시무효화 0.000s
[09-04 06:26:06] [PERF-SEASON] finalize_club_season 세부: finish_incomplete_matches=0.045s | promotion_relegation=1.223s
[09-04 06:26:06] [PERF-YEAR] 43주차(CLUB_SEASON_END_DAY) 세부: finalize_club_season=1.269s | promotion_playoffs=0.023s | PRAGMA optimize=0.000s
[09-04 06:26:06] [PERF-DAY] 43주차 300일차 처리 1.303s (stype='휴식' | 그주마지막날=False | 경기있음=False | 부상=False)
[09-04 06:26:06] [진행 총계] 1.33초
[09-04 06:26:06] [PERF-DAY] 44주차 302일차 처리 0.051s (stype='고강도' | 그주마지막날=False | 경기있음=False | 부상=False)
[09-04 06:26:06] [PERF-DAILYHOOK] 44주차 306일차: process_po_week 0.068s
[09-04 06:26:06] [PERF-DAY] 44주차 306일차 처리 0.070s (stype='고강도' | 그주마지막날=False | 경기있음=False | 부상=False)
[09-04 06:26:07] [PERF-DAILYHOOK] 46주차 316일차: process_intl_week 0.581s | process_cwc_week 0.000s
[09-04 06:26:07] [PERF-DAY] 46주차 316일차 처리 0.582s (stype='고강도' | 그주마지막날=False | 경기있음=False | 부상=False)
[09-04 06:26:07] [PERF-DAILYHOOK] 46주차 317일차: process_intl_week 0.123s | process_cwc_week 0.000s
[09-04 06:26:07] [PERF-DAY] 46주차 317일차 처리 0.125s (stype='휴식' | 그주마지막날=False | 경기있음=False | 부상=False)
[09-04 06:26:07] [PERF-DAILYHOOK] 46주차 320일차: process_intl_week 0.093s | process_cwc_week 0.000s
[09-04 06:26:07] [PERF-DAY] 46주차 320일차 처리 0.094s (stype='고강도' | 그주마지막날=False | 경기있음=False | 부상=False)
[09-04 06:26:07] [진행 총계] 0.85초
[09-04 06:26:43] [PERF]   _end_of_season 세부: AI생애주기 35.54s (승강제 타이밍은 43주 _finalize_club_season으로 이동 — 여기 안 잡힘)
[09-04 06:26:45] [PERF]   일정생성 세부: 아카이브이동 0.81s | 완비판정조회 0.01s | 기존경기dedup조회 0.00s | 일정계산 0.20s | INSERT+commit 0.36s | (대상리그 710개, 신규경기 201400건)
[09-04 06:26:45] [PERF]   인덱스재생성 0.35s
[09-04 06:26:47] [PERF] 연도전환 총 38.85s (커리어정리 0.00s | _end_of_season 35.56s | 일정생성 1.74s | 파워랭킹 1.55s | PRAGMA optimize 0.00s)
[09-04 06:26:47] [PERF-WEEKTAIL] 52주차: _pay_salary 0.000s | _advance_week 38.849s
[09-04 06:26:47] [PERF-DAY] 52주차 364일차 처리 38.851s (stype='휴식' | 그주마지막날=True | 경기있음=False | 부상=False)
[09-04 06:26:47] [진행 총계] 38.86초
[09-04 06:26:47] [AI리그] 4주차 4527경기, OVR캐시 0→9054) 세부: 경기조회 0.015s | 시뮬루프 0.327s | executemany(4527건) 0.011s | teams반영+commit 0.027s
[09-04 06:26:47] [주 마무리] 4주차 0.38s (국제대회 0.00s | 챔스 0.00s | 클럽WC 0.00s | 국내컵 0.00s | 리그시뮬 0.38s)
[09-04 06:26:48] [PERF-WEEKTAIL] 4주차: _pay_salary 0.000s | _advance_week 0.183s
[09-04 06:26:48] [PERF-DAY] 4주차 28일차 처리 0.568s (stype='휴식' | 그주마지막날=True | 경기있음=False | 부상=False)
[09-04 06:26:48] [진행 총계] 0.57초
[09-04 06:26:48] [AI리그] 5주차 5771경기, OVR캐시 11263→11393) 세부: 경기조회 0.016s | 시뮬루프 0.069s | executemany(5771건) 0.013s | teams반영+commit 0.038s
[09-04 06:26:48] [주 마무리] 5주차 0.26s (국제대회 0.00s | 챔스 0.00s | 클럽WC 0.00s | 국내컵 0.12s | 리그시뮬 0.14s)
[09-04 06:26:48] [PERF-DAY] 5주차 35일차 처리 0.260s (stype='휴식' | 그주마지막날=True | 경기있음=False | 부상=False)
[09-04 06:26:48] [AI리그] 6주차 5734경기, OVR캐시 11393→11393) 세부: 경기조회 0.015s | 시뮬루프 0.044s | executemany(5734건) 0.013s | teams반영+commit 0.042s
[09-04 06:26:48] [주 마무리] 6주차 0.24s (국제대회 0.00s | 챔스 0.00s | 클럽WC 0.00s | 국내컵 0.12s | 리그시뮬 0.12s)
[09-04 06:26:48] [PERF-DAY] 6주차 42일차 처리 0.238s (stype='휴식' | 그주마지막날=True | 경기있음=False | 부상=False)
[09-04 06:26:49] [AI리그] 7주차 5801경기, OVR캐시 11393→11393) 세부: 경기조회 0.015s | 시뮬루프 0.050s | executemany(5801건) 0.012s | teams반영+commit 0.035s
[09-04 06:26:49] [주 마무리] 7주차 0.21s (국제대회 0.00s | 챔스 0.00s | 클럽WC 0.00s | 국내컵 0.09s | 리그시뮬 0.11s)
[09-04 06:26:49] [PERF-DAY] 7주차 49일차 처리 0.284s (stype='휴식' | 그주마지막날=True | 경기있음=False | 부상=False)
[09-04 06:26:49] [AI리그] 8주차 5757경기, OVR캐시 11393→11393) 세부: 경기조회 0.015s | 시뮬루프 0.043s | executemany(5757건) 0.012s | teams반영+commit 0.034s
[09-04 06:26:49] [주 마무리] 8주차 0.11s (국제대회 0.00s | 챔스 0.00s | 클럽WC 0.00s | 국내컵 0.00s | 리그시뮬 0.11s)
[09-04 06:26:49] [PERF-DAY] 8주차 56일차 처리 0.112s (stype='휴식' | 그주마지막날=True | 경기있음=False | 부상=False)
[09-04 06:26:49] [AI리그] 9주차 5731경기, OVR캐시 11393→11393) 세부: 경기조회 0.014s | 시뮬루프 0.050s | executemany(5731건) 0.013s | teams반영+commit 0.038s
[09-04 06:26:49] [주 마무리] 9주차 0.15s (국제대회 0.00s | 챔스 0.03s | 클럽WC 0.00s | 국내컵 0.00s | 리그시뮬 0.12s)
[09-04 06:26:49] [PERF-DAY] 9주차 63일차 처리 0.149s (stype='휴식' | 그주마지막날=True | 경기있음=False | 부상=False)
[09-04 06:26:49] [AI리그] 10주차 5766경기, OVR캐시 11393→11393) 세부: 경기조회 0.014s | 시뮬루프 0.043s | executemany(5766건) 0.013s | teams반영+commit 0.039s
[09-04 06:26:49] [주 마무리] 10주차 0.14s (국제대회 0.00s | 챔스 0.02s | 클럽WC 0.00s | 국내컵 0.00s | 리그시뮬 0.11s)
[09-04 06:26:49] [PERF-DAY] 10주차 70일차 처리 0.138s (stype='휴식' | 그주마지막날=True | 경기있음=False | 부상=False)
[09-04 06:26:50] [AI리그] 11주차 5618경기, OVR캐시 11393→11393) 세부: 경기조회 0.014s | 시뮬루프 0.043s | executemany(5618건) 0.013s | teams반영+commit 0.038s
[09-04 06:26:50] [주 마무리] 11주차 0.14s (국제대회 0.00s | 챔스 0.03s | 클럽WC 0.00s | 국내컵 0.00s | 리그시뮬 0.11s)
[09-04 06:26:50] [PERF-DAY] 11주차 77일차 처리 0.138s (stype='휴식' | 그주마지막날=True | 경기있음=False | 부상=False)
[09-04 06:26:50] [AI리그] 12주차 5609경기, OVR캐시 11393→11393) 세부: 경기조회 0.014s | 시뮬루프 0.046s | executemany(5609건) 0.013s | teams반영+commit 0.038s
[09-04 06:26:50] [주 마무리] 12주차 0.14s (국제대회 0.00s | 챔스 0.02s | 클럽WC 0.00s | 국내컵 0.00s | 리그시뮬 0.11s)
[09-04 06:26:50] [PERF-DAY] 12주차 84일차 처리 0.141s (stype='휴식' | 그주마지막날=True | 경기있음=False | 부상=False)
[09-04 06:26:50] [AI리그] 13주차 5233경기, OVR캐시 11393→11393) 세부: 경기조회 0.013s | 시뮬루프 0.040s | executemany(5233건) 0.012s | teams반영+commit 0.035s
[09-04 06:26:50] [주 마무리] 13주차 0.13s (국제대회 0.00s | 챔스 0.02s | 클럽WC 0.00s | 국내컵 0.00s | 리그시뮬 0.10s)
[09-04 06:26:50] [PERF-DAY] 13주차 91일차 처리 0.128s (stype='휴식' | 그주마지막날=True | 경기있음=False | 부상=False)
[09-04 06:26:50] [AI리그] 14주차 5527경기, OVR캐시 11393→11393) 세부: 경기조회 0.013s | 시뮬루프 0.043s | executemany(5527건) 0.013s | teams반영+commit 0.036s
[09-04 06:26:50] [주 마무리] 14주차 0.13s (국제대회 0.00s | 챔스 0.02s | 클럽WC 0.00s | 국내컵 0.00s | 리그시뮬 0.11s)
[09-04 06:26:50] [PERF-DAY] 14주차 98일차 처리 0.133s (stype='휴식' | 그주마지막날=True | 경기있음=False | 부상=False)
[09-04 06:26:50] [AI리그] 15주차 5747경기, OVR캐시 11393→11393) 세부: 경기조회 0.013s | 시뮬루프 0.048s | executemany(5747건) 0.013s | teams반영+commit 0.038s
[09-04 06:26:50] [주 마무리] 15주차 0.14s (국제대회 0.00s | 챔스 0.02s | 클럽WC 0.00s | 국내컵 0.00s | 리그시뮬 0.12s)
[09-04 06:26:50] [PERF-DAY] 15주차 105일차 처리 0.142s (stype='휴식' | 그주마지막날=True | 경기있음=False | 부상=False)
[09-04 06:26:51] [AI리그] 16주차 5732경기, OVR캐시 11393→11393) 세부: 경기조회 0.012s | 시뮬루프 0.045s | executemany(5732건) 0.013s | teams반영+commit 0.035s
[09-04 06:26:51] [주 마무리] 16주차 0.16s (국제대회 0.00s | 챔스 0.05s | 클럽WC 0.00s | 국내컵 0.00s | 리그시뮬 0.11s)
[09-04 06:26:51] [PERF-DAY] 16주차 112일차 처리 0.157s (stype='휴식' | 그주마지막날=True | 경기있음=False | 부상=False)
[09-04 06:26:51] [AI리그] 17주차 5482경기, OVR캐시 11393→11393) 세부: 경기조회 0.012s | 시뮬루프 0.047s | executemany(5482건) 0.013s | teams반영+commit 0.041s
[09-04 06:26:51] [주 마무리] 17주차 0.12s (국제대회 0.00s | 챔스 0.00s | 클럽WC 0.00s | 국내컵 0.00s | 리그시뮬 0.12s)
[09-04 06:26:51] [PERF-DAY] 17주차 119일차 처리 0.122s (stype='휴식' | 그주마지막날=True | 경기있음=False | 부상=False)
[09-04 06:26:51] [AI리그] 18주차 5384경기, OVR캐시 11393→11393) 세부: 경기조회 0.012s | 시뮬루프 0.048s | executemany(5384건) 0.013s | teams반영+commit 0.038s
[09-04 06:26:51] [주 마무리] 18주차 0.14s (국제대회 0.00s | 챔스 0.03s | 클럽WC 0.00s | 국내컵 0.00s | 리그시뮬 0.12s)
[09-04 06:26:51] [PERF-DAY] 18주차 126일차 처리 0.145s (stype='휴식' | 그주마지막날=True | 경기있음=False | 부상=False)
[09-04 06:26:51] [AI리그] 19주차 3886경기, OVR캐시 11393→11393) 세부: 경기조회 0.011s | 시뮬루프 0.032s | executemany(3886건) 0.009s | teams반영+commit 0.024s
[09-04 06:26:51] [주 마무리] 19주차 0.08s (국제대회 0.00s | 챔스 0.00s | 클럽WC 0.00s | 국내컵 0.00s | 리그시뮬 0.08s)
[09-04 06:26:51] [PERF-DAY] 19주차 133일차 처리 0.084s (stype='휴식' | 그주마지막날=True | 경기있음=False | 부상=False)
[09-04 06:26:52] [AI리그] 20주차 3343경기, OVR캐시 11393→11393) 세부: 경기조회 0.010s | 시뮬루프 0.034s | executemany(3343건) 0.008s | teams반영+commit 0.024s
[09-04 06:26:52] [주 마무리] 20주차 0.10s (국제대회 0.00s | 챔스 0.02s | 클럽WC 0.00s | 국내컵 0.00s | 리그시뮬 0.08s)
[09-04 06:26:52] [PERF-DAY] 20주차 140일차 처리 0.102s (stype='휴식' | 그주마지막날=True | 경기있음=False | 부상=False)
[09-04 06:26:52] [AI리그] 21주차 2934경기, OVR캐시 11393→11393) 세부: 경기조회 0.010s | 시뮬루프 0.023s | executemany(2934건) 0.007s | teams반영+commit 0.018s
[09-04 06:26:52] [주 마무리] 21주차 0.07s (국제대회 0.00s | 챔스 0.01s | 클럽WC 0.00s | 국내컵 0.00s | 리그시뮬 0.06s)
[09-04 06:26:52] [PERF-DAY] 21주차 147일차 처리 0.075s (stype='휴식' | 그주마지막날=True | 경기있음=False | 부상=False)
[09-04 06:26:52] [AI리그] 22주차 2779경기, OVR캐시 11393→11393) 세부: 경기조회 0.009s | 시뮬루프 0.022s | executemany(2779건) 0.007s | teams반영+commit 0.018s
[09-04 06:26:52] [주 마무리] 22주차 0.07s (국제대회 0.00s | 챔스 0.01s | 클럽WC 0.00s | 국내컵 0.00s | 리그시뮬 0.06s)
[09-04 06:26:52] [PERF-DAY] 22주차 154일차 처리 0.070s (stype='휴식' | 그주마지막날=True | 경기있음=False | 부상=False)
[09-04 06:26:52] [주 마무리] 23주차 0.06s (국제대회 0.00s | 챔스 0.01s | 클럽WC 0.00s | 국내컵 0.00s | 리그시뮬 0.04s)
[09-04 06:26:52] [PERF-DAY] 23주차 161일차 처리 0.073s (stype='휴식' | 그주마지막날=True | 경기있음=False | 부상=False)
[09-04 06:26:52] [PERF-DAY] 24주차 168일차 처리 0.050s (stype='휴식' | 그주마지막날=True | 경기있음=False | 부상=False)
[09-04 06:26:53] [PERF-DAILYHOOK] 25주차 169일차: process_intl_week 1.254s | process_cwc_week 0.000s
[09-04 06:26:53] [PERF-DAY] 25주차 169일차 처리 1.256s (stype='고강도' | 그주마지막날=False | 경기있음=False | 부상=False)
[09-04 06:26:53] [진행 총계] 1.32초
[09-04 06:26:54] [PERF-DAILYHOOK] 27주차 189일차: process_intl_week 0.062s | process_cwc_week 0.000s
[09-04 06:26:54] [PERF-DAY] 27주차 189일차 처리 0.073s (stype='휴식' | 그주마지막날=True | 경기있음=False | 부상=False)
[09-04 06:26:57] [PERF-WEEKTAIL] 28주차: _pay_salary 0.000s | _advance_week 2.830s
[09-04 06:26:57] [PERF-DAY] 28주차 196일차 처리 2.840s (stype='휴식' | 그주마지막날=True | 경기있음=False | 부상=False)
[09-04 06:26:57] [진행 총계] 2.88초
[09-04 06:26:57] [AI리그] 29주차 4943경기, OVR캐시 11393→11393) 세부: 경기조회 0.010s | 시뮬루프 0.038s | executemany(4943건) 0.011s | teams반영+commit 0.026s
[09-04 06:26:57] [주 마무리] 29주차 0.09s (국제대회 0.00s | 챔스 0.00s | 클럽WC 0.00s | 국내컵 0.00s | 리그시뮬 0.09s)
[09-04 06:26:57] [PERF-DAY] 29주차 203일차 처리 0.091s (stype='휴식' | 그주마지막날=True | 경기있음=False | 부상=False)
[09-04 06:26:57] [AI리그] 30주차 6683경기, OVR캐시 11393→11393) 세부: 경기조회 0.010s | 시뮬루프 0.049s | executemany(6683건) 0.015s | teams반영+commit 0.036s
[09-04 06:26:57] [주 마무리] 30주차 0.18s (국제대회 0.00s | 챔스 0.00s | 클럽WC 0.00s | 국내컵 0.07s | 리그시뮬 0.11s)
[09-04 06:26:57] [PERF-DAY] 30주차 210일차 처리 0.182s (stype='휴식' | 그주마지막날=True | 경기있음=False | 부상=False)
[09-04 06:26:58] [AI리그] 31주차 6722경기, OVR캐시 11393→11393) 세부: 경기조회 0.013s | 시뮬루프 0.051s | executemany(6722건) 0.018s | teams반영+commit 0.041s
[09-04 06:26:58] [주 마무리] 31주차 0.13s (국제대회 0.00s | 챔스 0.00s | 클럽WC 0.00s | 국내컵 0.00s | 리그시뮬 0.13s)
[09-04 06:26:58] [PERF-DAY] 31주차 217일차 처리 0.129s (stype='휴식' | 그주마지막날=True | 경기있음=False | 부상=False)
[09-04 06:26:58] [AI리그] 32주차 6569경기, OVR캐시 11393→11393) 세부: 경기조회 0.010s | 시뮬루프 0.047s | executemany(6569건) 0.015s | teams반영+commit 0.040s
[09-04 06:26:58] [주 마무리] 32주차 0.18s (국제대회 0.00s | 챔스 0.00s | 클럽WC 0.00s | 국내컵 0.07s | 리그시뮬 0.11s)
[09-04 06:26:58] [PERF-DAY] 32주차 224일차 처리 0.183s (stype='휴식' | 그주마지막날=True | 경기있음=False | 부상=False)
[09-04 06:26:58] [AI리그] 33주차 6949경기, OVR캐시 11393→11393) 세부: 경기조회 0.009s | 시뮬루프 0.050s | executemany(6949건) 0.015s | teams반영+commit 0.037s
[09-04 06:26:58] [주 마무리] 33주차 0.12s (국제대회 0.00s | 챔스 0.00s | 클럽WC 0.00s | 국내컵 0.00s | 리그시뮬 0.11s)
[09-04 06:26:58] [PERF-DAY] 33주차 231일차 처리 0.117s (stype='휴식' | 그주마지막날=True | 경기있음=False | 부상=False)
[09-04 06:26:58] [AI리그] 34주차 6515경기, OVR캐시 11393→11393) 세부: 경기조회 0.009s | 시뮬루프 0.050s | executemany(6515건) 0.013s | teams반영+commit 0.032s
[09-04 06:26:58] [주 마무리] 34주차 0.16s (국제대회 0.00s | 챔스 0.00s | 클럽WC 0.00s | 국내컵 0.05s | 리그시뮬 0.11s)
[09-04 06:26:58] [PERF-DAY] 34주차 238일차 처리 0.158s (stype='휴식' | 그주마지막날=True | 경기있음=False | 부상=False)
[09-04 06:26:59] [AI리그] 35주차 6888경기, OVR캐시 11393→11393) 세부: 경기조회 0.010s | 시뮬루프 0.049s | executemany(6888건) 0.014s | teams반영+commit 0.030s
[09-04 06:26:59] [주 마무리] 35주차 0.11s (국제대회 0.00s | 챔스 0.00s | 클럽WC 0.00s | 국내컵 0.00s | 리그시뮬 0.10s)
[09-04 06:26:59] [PERF-DAY] 35주차 245일차 처리 0.108s (stype='휴식' | 그주마지막날=True | 경기있음=False | 부상=False)
[09-04 06:26:59] [AI리그] 36주차 7137경기, OVR캐시 11393→11393) 세부: 경기조회 0.008s | 시뮬루프 0.051s | executemany(7137건) 0.014s | teams반영+commit 0.030s
[09-04 06:26:59] [주 마무리] 36주차 0.15s (국제대회 0.00s | 챔스 0.00s | 클럽WC 0.00s | 국내컵 0.04s | 리그시뮬 0.11s)
[09-04 06:26:59] [PERF-DAY] 36주차 252일차 처리 0.153s (stype='휴식' | 그주마지막날=True | 경기있음=False | 부상=False)
[09-04 06:26:59] [AI리그] 37주차 6556경기, OVR캐시 11393→11393) 세부: 경기조회 0.007s | 시뮬루프 0.047s | executemany(6556건) 0.013s | teams반영+commit 0.030s
[09-04 06:26:59] [주 마무리] 37주차 0.10s (국제대회 0.00s | 챔스 0.00s | 클럽WC 0.00s | 국내컵 0.00s | 리그시뮬 0.10s)
[09-04 06:26:59] [PERF-DAY] 37주차 259일차 처리 0.103s (stype='휴식' | 그주마지막날=True | 경기있음=False | 부상=False)
[09-04 06:26:59] [AI리그] 38주차 6730경기, OVR캐시 11393→11393) 세부: 경기조회 0.007s | 시뮬루프 0.049s | executemany(6730건) 0.014s | teams반영+commit 0.030s
[09-04 06:26:59] [주 마무리] 38주차 0.16s (국제대회 0.00s | 챔스 0.00s | 클럽WC 0.00s | 국내컵 0.06s | 리그시뮬 0.10s)
[09-04 06:26:59] [PERF-DAY] 38주차 266일차 처리 0.165s (stype='휴식' | 그주마지막날=True | 경기있음=False | 부상=False)
[09-04 06:27:00] [AI리그] 39주차 6855경기, OVR캐시 11393→11393) 세부: 경기조회 0.008s | 시뮬루프 0.052s | executemany(6855건) 0.014s | teams반영+commit 0.031s
[09-04 06:27:00] [주 마무리] 39주차 0.11s (국제대회 0.00s | 챔스 0.00s | 클럽WC 0.00s | 국내컵 0.00s | 리그시뮬 0.11s)
[09-04 06:27:00] [PERF-DAY] 39주차 273일차 처리 0.110s (stype='휴식' | 그주마지막날=True | 경기있음=False | 부상=False)
[09-04 06:27:00] [AI리그] 40주차 6844경기, OVR캐시 11393→11393) 세부: 경기조회 0.006s | 시뮬루프 0.047s | executemany(6844건) 0.013s | teams반영+commit 0.029s
[09-04 06:27:00] [주 마무리] 40주차 0.12s (국제대회 0.00s | 챔스 0.00s | 클럽WC 0.00s | 국내컵 0.02s | 리그시뮬 0.10s)
[09-04 06:27:00] [PERF-DAY] 40주차 280일차 처리 0.122s (stype='휴식' | 그주마지막날=True | 경기있음=False | 부상=False)
[09-04 06:27:00] [AI리그] 41주차 6841경기, OVR캐시 11393→11393) 세부: 경기조회 0.006s | 시뮬루프 0.051s | executemany(6841건) 0.014s | teams반영+commit 0.031s
[09-04 06:27:00] [주 마무리] 41주차 0.11s (국제대회 0.00s | 챔스 0.00s | 클럽WC 0.00s | 국내컵 0.00s | 리그시뮬 0.11s)
[09-04 06:27:00] [PERF-DAY] 41주차 287일차 처리 0.108s (stype='휴식' | 그주마지막날=True | 경기있음=False | 부상=False)
[09-04 06:27:00] [AI리그] 42주차 6742경기, OVR캐시 11393→11393) 세부: 경기조회 0.006s | 시뮬루프 0.047s | executemany(6742건) 0.013s | teams반영+commit 0.032s
[09-04 06:27:00] [주 마무리] 42주차 0.11s (국제대회 0.00s | 챔스 0.00s | 클럽WC 0.00s | 국내컵 0.01s | 리그시뮬 0.10s)
[09-04 06:27:00] [PERF-DAY] 42주차 294일차 처리 0.109s (stype='휴식' | 그주마지막날=True | 경기있음=False | 부상=False)
[09-04 06:27:02] [PERF-PROMO] _process_promotion_relegation 세부: my_player/season조회 0.001s | teams+leagues조회 0.013s | standings계산(710개리그) 0.275s | ai_players OVR스캔 0.224s | 승강판정루프(211개국) 0.026s | executemany(1212건) 0.017s | 리스케일(1212건) 0.343s | commit/close 0.326s | 캐시무효화 0.000s
[09-04 06:27:02] [PERF-SEASON] finalize_club_season 세부: finish_incomplete_matches=0.047s | promotion_relegation=1.233s
[09-04 06:27:02] [PERF-YEAR] 43주차(CLUB_SEASON_END_DAY) 세부: finalize_club_season=1.281s | promotion_playoffs=0.023s | PRAGMA optimize=0.001s
[09-04 06:27:02] [PERF-DAY] 43주차 300일차 처리 1.317s (stype='휴식' | 그주마지막날=False | 경기있음=False | 부상=False)
[09-04 06:27:02] [진행 총계] 1.34초
[09-04 06:27:02] [PERF-DAILYHOOK] 44주차 302일차: process_po_week 0.050s
[09-04 06:27:02] [PERF-DAY] 44주차 302일차 처리 0.052s (stype='고강도' | 그주마지막날=False | 경기있음=False | 부상=False)
[09-04 06:27:02] [PERF-DAILYHOOK] 44주차 306일차: process_po_week 0.072s
[09-04 06:27:02] [PERF-DAY] 44주차 306일차 처리 0.073s (stype='고강도' | 그주마지막날=False | 경기있음=False | 부상=False)
[09-04 06:27:41] [PERF]   _end_of_season 세부: AI생애주기 38.51s (승강제 타이밍은 43주 _finalize_club_season으로 이동 — 여기 안 잡힘)
[09-04 06:27:43] [PERF]   일정생성 세부: 아카이브이동 0.81s | 완비판정조회 0.01s | 기존경기dedup조회 0.00s | 일정계산 0.21s | INSERT+commit 0.37s | (대상리그 710개, 신규경기 201400건)
[09-04 06:27:43] [PERF]   인덱스재생성 0.35s
[09-04 06:27:45] [PERF] 연도전환 총 41.84s (커리어정리 0.00s | _end_of_season 38.53s | 일정생성 1.75s | 파워랭킹 1.56s | PRAGMA optimize 0.00s)
[09-04 06:27:45] [PERF-WEEKTAIL] 52주차: _pay_salary 0.000s | _advance_week 41.841s
[09-04 06:27:45] [PERF-DAY] 52주차 364일차 처리 41.842s (stype='휴식' | 그주마지막날=True | 경기있음=False | 부상=False)
[09-04 06:27:45] [진행 총계] 41.85초
[09-04 06:27:45] [AI리그] 4주차 4527경기, OVR캐시 0→9054) 세부: 경기조회 0.015s | 시뮬루프 0.331s | executemany(4527건) 0.012s | teams반영+commit 0.033s
[09-04 06:27:45] [주 마무리] 4주차 0.39s (국제대회 0.00s | 챔스 0.00s | 클럽WC 0.00s | 국내컵 0.00s | 리그시뮬 0.39s)
[09-04 06:27:46] [PERF-WEEKTAIL] 4주차: _pay_salary 0.000s | _advance_week 0.196s
[09-04 06:27:46] [PERF-DAY] 4주차 28일차 처리 0.592s (stype='휴식' | 그주마지막날=True | 경기있음=False | 부상=False)
[09-04 06:27:46] [진행 총계] 0.60초
[09-04 06:27:46] [AI리그] 5주차 5771경기, OVR캐시 11263→11393) 세부: 경기조회 0.016s | 시뮬루프 0.069s | executemany(5771건) 0.012s | teams반영+commit 0.038s
[09-04 06:27:46] [주 마무리] 5주차 0.27s (국제대회 0.00s | 챔스 0.00s | 클럽WC 0.00s | 국내컵 0.13s | 리그시뮬 0.14s)
[09-04 06:27:46] [PERF-DAY] 5주차 35일차 처리 0.269s (stype='휴식' | 그주마지막날=True | 경기있음=False | 부상=False)
[09-04 06:27:46] [AI리그] 6주차 5734경기, OVR캐시 11393→11393) 세부: 경기조회 0.015s | 시뮬루프 0.046s | executemany(5734건) 0.013s | teams반영+commit 0.041s
[09-04 06:27:46] [주 마무리] 6주차 0.25s (국제대회 0.00s | 챔스 0.00s | 클럽WC 0.00s | 국내컵 0.13s | 리그시뮬 0.12s)
[09-04 06:27:46] [PERF-DAY] 6주차 42일차 처리 0.249s (stype='휴식' | 그주마지막날=True | 경기있음=False | 부상=False)
[09-04 06:27:47] [AI리그] 7주차 5801경기, OVR캐시 11393→11393) 세부: 경기조회 0.015s | 시뮬루프 0.049s | executemany(5801건) 0.013s | teams반영+commit 0.041s
[09-04 06:27:47] [주 마무리] 7주차 0.22s (국제대회 0.00s | 챔스 0.00s | 클럽WC 0.00s | 국내컵 0.10s | 리그시뮬 0.12s)
[09-04 06:27:47] [PERF-DAY] 7주차 49일차 처리 0.313s (stype='휴식' | 그주마지막날=True | 경기있음=False | 부상=False)
[09-04 06:27:47] [진행 총계] 0.32초
[09-04 06:27:47] [AI리그] 8주차 5757경기, OVR캐시 11393→11393) 세부: 경기조회 0.015s | 시뮬루프 0.044s | executemany(5757건) 0.011s | teams반영+commit 0.032s
[09-04 06:27:47] [주 마무리] 8주차 0.11s (국제대회 0.00s | 챔스 0.00s | 클럽WC 0.00s | 국내컵 0.00s | 리그시뮬 0.10s)
[09-04 06:27:47] [PERF-DAY] 8주차 56일차 처리 0.110s (stype='휴식' | 그주마지막날=True | 경기있음=False | 부상=False)
[09-04 06:27:47] [AI리그] 9주차 5731경기, OVR캐시 11393→11393) 세부: 경기조회 0.014s | 시뮬루프 0.050s | executemany(5731건) 0.013s | teams반영+commit 0.040s
[09-04 06:27:47] [주 마무리] 9주차 0.15s (국제대회 0.00s | 챔스 0.03s | 클럽WC 0.00s | 국내컵 0.00s | 리그시뮬 0.12s)
[09-04 06:27:47] [PERF-DAY] 9주차 63일차 처리 0.151s (stype='휴식' | 그주마지막날=True | 경기있음=False | 부상=False)
[09-04 06:27:47] [AI리그] 10주차 5766경기, OVR캐시 11393→11393) 세부: 경기조회 0.014s | 시뮬루프 0.043s | executemany(5766건) 0.013s | teams반영+commit 0.040s
[09-04 06:27:47] [주 마무리] 10주차 0.14s (국제대회 0.00s | 챔스 0.02s | 클럽WC 0.00s | 국내컵 0.00s | 리그시뮬 0.11s)
[09-04 06:27:47] [PERF-DAY] 10주차 70일차 처리 0.139s (stype='휴식' | 그주마지막날=True | 경기있음=False | 부상=False)
[09-04 06:27:48] [AI리그] 11주차 5618경기, OVR캐시 11393→11393) 세부: 경기조회 0.014s | 시뮬루프 0.043s | executemany(5618건) 0.013s | teams반영+commit 0.038s
[09-04 06:27:48] [주 마무리] 11주차 0.14s (국제대회 0.00s | 챔스 0.02s | 클럽WC 0.00s | 국내컵 0.00s | 리그시뮬 0.11s)
[09-04 06:27:48] [PERF-DAY] 11주차 77일차 처리 0.137s (stype='휴식' | 그주마지막날=True | 경기있음=False | 부상=False)
[09-04 06:27:48] [AI리그] 12주차 5609경기, OVR캐시 11393→11393) 세부: 경기조회 0.016s | 시뮬루프 0.057s | executemany(5609건) 0.013s | teams반영+commit 0.041s
[09-04 06:27:48] [주 마무리] 12주차 0.16s (국제대회 0.00s | 챔스 0.02s | 클럽WC 0.00s | 국내컵 0.00s | 리그시뮬 0.13s)
[09-04 06:27:48] [PERF-DAY] 12주차 84일차 처리 0.157s (stype='휴식' | 그주마지막날=True | 경기있음=False | 부상=False)
[09-04 06:27:48] [AI리그] 13주차 5233경기, OVR캐시 11393→11393) 세부: 경기조회 0.013s | 시뮬루프 0.042s | executemany(5233건) 0.013s | teams반영+commit 0.036s
[09-04 06:27:48] [주 마무리] 13주차 0.13s (국제대회 0.00s | 챔스 0.02s | 클럽WC 0.00s | 국내컵 0.00s | 리그시뮬 0.11s)
[09-04 06:27:48] [PERF-DAY] 13주차 91일차 처리 0.133s (stype='휴식' | 그주마지막날=True | 경기있음=False | 부상=False)
[09-04 06:27:48] [AI리그] 14주차 5527경기, OVR캐시 11393→11393) 세부: 경기조회 0.013s | 시뮬루프 0.043s | executemany(5527건) 0.013s | teams반영+commit 0.036s
[09-04 06:27:48] [주 마무리] 14주차 0.13s (국제대회 0.00s | 챔스 0.02s | 클럽WC 0.00s | 국내컵 0.00s | 리그시뮬 0.11s)
[09-04 06:27:48] [PERF-DAY] 14주차 98일차 처리 0.134s (stype='휴식' | 그주마지막날=True | 경기있음=False | 부상=False)
[09-04 06:27:49] [AI리그] 15주차 5747경기, OVR캐시 11393→11393) 세부: 경기조회 0.018s | 시뮬루프 0.043s | executemany(5747건) 0.013s | teams반영+commit 0.038s
[09-04 06:27:49] [주 마무리] 15주차 0.14s (국제대회 0.00s | 챔스 0.02s | 클럽WC 0.00s | 국내컵 0.00s | 리그시뮬 0.11s)
[09-04 06:27:49] [PERF-DAY] 15주차 105일차 처리 0.142s (stype='휴식' | 그주마지막날=True | 경기있음=False | 부상=False)
[09-04 06:27:49] [AI리그] 16주차 5732경기, OVR캐시 11393→11393) 세부: 경기조회 0.012s | 시뮬루프 0.045s | executemany(5732건) 0.012s | teams반영+commit 0.031s
[09-04 06:27:49] [주 마무리] 16주차 0.15s (국제대회 0.00s | 챔스 0.05s | 클럽WC 0.00s | 국내컵 0.00s | 리그시뮬 0.10s)
[09-04 06:27:49] [PERF-DAY] 16주차 112일차 처리 0.152s (stype='휴식' | 그주마지막날=True | 경기있음=False | 부상=False)
[09-04 06:27:49] [AI리그] 17주차 5482경기, OVR캐시 11393→11393) 세부: 경기조회 0.012s | 시뮬루프 0.046s | executemany(5482건) 0.011s | teams반영+commit 0.028s
[09-04 06:27:49] [주 마무리] 17주차 0.10s (국제대회 0.00s | 챔스 0.00s | 클럽WC 0.00s | 국내컵 0.00s | 리그시뮬 0.10s)
[09-04 06:27:49] [PERF-DAY] 17주차 119일차 처리 0.104s (stype='휴식' | 그주마지막날=True | 경기있음=False | 부상=False)
[09-04 06:27:49] [AI리그] 18주차 5384경기, OVR캐시 11393→11393) 세부: 경기조회 0.011s | 시뮬루프 0.040s | executemany(5384건) 0.012s | teams반영+commit 0.032s
[09-04 06:27:49] [주 마무리] 18주차 0.12s (국제대회 0.00s | 챔스 0.03s | 클럽WC 0.00s | 국내컵 0.00s | 리그시뮬 0.10s)
[09-04 06:27:49] [PERF-DAY] 18주차 126일차 처리 0.125s (stype='휴식' | 그주마지막날=True | 경기있음=False | 부상=False)
[09-04 06:27:50] [AI리그] 19주차 3886경기, OVR캐시 11393→11393) 세부: 경기조회 0.011s | 시뮬루프 0.030s | executemany(3886건) 0.009s | teams반영+commit 0.030s
[09-04 06:27:50] [주 마무리] 19주차 0.09s (국제대회 0.00s | 챔스 0.00s | 클럽WC 0.00s | 국내컵 0.00s | 리그시뮬 0.08s)
[09-04 06:27:50] [PERF-DAY] 19주차 133일차 처리 0.090s (stype='휴식' | 그주마지막날=True | 경기있음=False | 부상=False)
[09-04 06:27:50] [AI리그] 20주차 3343경기, OVR캐시 11393→11393) 세부: 경기조회 0.010s | 시뮬루프 0.032s | executemany(3343건) 0.008s | teams반영+commit 0.022s
[09-04 06:27:50] [주 마무리] 20주차 0.10s (국제대회 0.00s | 챔스 0.02s | 클럽WC 0.00s | 국내컵 0.00s | 리그시뮬 0.07s)
[09-04 06:27:50] [PERF-DAY] 20주차 140일차 처리 0.097s (stype='휴식' | 그주마지막날=True | 경기있음=False | 부상=False)
[09-04 06:27:50] [AI리그] 21주차 2934경기, OVR캐시 11393→11393) 세부: 경기조회 0.009s | 시뮬루프 0.023s | executemany(2934건) 0.007s | teams반영+commit 0.020s
[09-04 06:27:50] [주 마무리] 21주차 0.08s (국제대회 0.00s | 챔스 0.01s | 클럽WC 0.00s | 국내컵 0.00s | 리그시뮬 0.06s)
[09-04 06:27:50] [PERF-DAY] 21주차 147일차 처리 0.077s (stype='휴식' | 그주마지막날=True | 경기있음=False | 부상=False)
[09-04 06:27:50] [AI리그] 22주차 2779경기, OVR캐시 11393→11393) 세부: 경기조회 0.009s | 시뮬루프 0.021s | executemany(2779건) 0.007s | teams반영+commit 0.018s
[09-04 06:27:50] [주 마무리] 22주차 0.07s (국제대회 0.00s | 챔스 0.01s | 클럽WC 0.00s | 국내컵 0.00s | 리그시뮬 0.06s)
[09-04 06:27:50] [PERF-DAY] 22주차 154일차 처리 0.069s (stype='휴식' | 그주마지막날=True | 경기있음=False | 부상=False)
[09-04 06:27:51] [주 마무리] 23주차 0.06s (국제대회 0.00s | 챔스 0.01s | 클럽WC 0.00s | 국내컵 0.00s | 리그시뮬 0.05s)
[09-04 06:27:51] [PERF-DAY] 23주차 161일차 처리 0.065s (stype='휴식' | 그주마지막날=True | 경기있음=False | 부상=False)
[09-04 06:27:51] [AI리그] 24주차 2602경기, OVR캐시 11393→11393) 세부: 경기조회 0.009s | 시뮬루프 0.025s | executemany(2602건) 0.006s | teams반영+commit 0.012s
[09-04 06:27:51] [주 마무리] 24주차 0.05s (국제대회 0.00s | 챔스 0.00s | 클럽WC 0.00s | 국내컵 0.00s | 리그시뮬 0.05s)
[09-04 06:27:51] [PERF-WEEKTAIL] 24주차: _pay_salary 0.000s | _advance_week 0.184s
[09-04 06:27:51] [PERF-DAY] 24주차 168일차 처리 0.241s (stype='휴식' | 그주마지막날=True | 경기있음=False | 부상=False)
[09-04 06:27:52] [PERF-DAILYHOOK] 26주차 176일차: process_intl_week 1.509s | process_cwc_week 0.000s
[09-04 06:27:52] [PERF-DAY] 26주차 176일차 처리 1.511s (stype='고강도' | 그주마지막날=False | 경기있음=False | 부상=False)
[09-04 06:27:52] [PERF-DAILYHOOK] 26주차 178일차: process_intl_week 0.061s | process_cwc_week 0.000s
[09-04 06:27:52] [PERF-DAY] 26주차 178일차 처리 0.063s (stype='고강도' | 그주마지막날=False | 경기있음=False | 부상=False)
[09-04 06:27:52] [PERF-DAILYHOOK] 26주차 180일차: process_intl_week 0.063s | process_cwc_week 0.000s
[09-04 06:27:52] [PERF-DAY] 26주차 180일차 처리 0.065s (stype='고강도' | 그주마지막날=False | 경기있음=False | 부상=False)
[09-04 06:27:52] [진행 총계] 1.66초
[09-04 06:27:56] [PERF-WEEKTAIL] 28주차: _pay_salary 0.000s | _advance_week 2.875s
[09-04 06:27:56] [PERF-DAY] 28주차 196일차 처리 2.885s (stype='휴식' | 그주마지막날=True | 경기있음=False | 부상=False)
[09-04 06:27:56] [진행 총계] 2.93초
[09-04 06:27:56] [AI리그] 29주차 4943경기, OVR캐시 11393→11393) 세부: 경기조회 0.010s | 시뮬루프 0.038s | executemany(4943건) 0.011s | teams반영+commit 0.027s
[09-04 06:27:56] [주 마무리] 29주차 0.09s (국제대회 0.00s | 챔스 0.00s | 클럽WC 0.00s | 국내컵 0.00s | 리그시뮬 0.09s)
[09-04 06:27:56] [PERF-DAY] 29주차 203일차 처리 0.092s (stype='휴식' | 그주마지막날=True | 경기있음=False | 부상=False)
[09-04 06:27:56] [AI리그] 30주차 6683경기, OVR캐시 11393→11393) 세부: 경기조회 0.010s | 시뮬루프 0.047s | executemany(6683건) 0.014s | teams반영+commit 0.035s
[09-04 06:27:56] [주 마무리] 30주차 0.19s (국제대회 0.00s | 챔스 0.00s | 클럽WC 0.00s | 국내컵 0.08s | 리그시뮬 0.11s)
[09-04 06:27:56] [PERF-DAY] 30주차 210일차 처리 0.187s (stype='휴식' | 그주마지막날=True | 경기있음=False | 부상=False)
[09-04 06:27:57] [AI리그] 31주차 6722경기, OVR캐시 11393→11393) 세부: 경기조회 0.011s | 시뮬루프 0.050s | executemany(6722건) 0.014s | teams반영+commit 0.035s
[09-04 06:27:57] [주 마무리] 31주차 0.11s (국제대회 0.00s | 챔스 0.00s | 클럽WC 0.00s | 국내컵 0.00s | 리그시뮬 0.11s)
[09-04 06:27:57] [PERF-DAY] 31주차 217일차 처리 0.115s (stype='휴식' | 그주마지막날=True | 경기있음=False | 부상=False)
[09-04 06:27:57] [AI리그] 32주차 6569경기, OVR캐시 11393→11393) 세부: 경기조회 0.010s | 시뮬루프 0.048s | executemany(6569건) 0.017s | teams반영+commit 0.041s
[09-04 06:27:57] [주 마무리] 32주차 0.19s (국제대회 0.00s | 챔스 0.00s | 클럽WC 0.00s | 국내컵 0.07s | 리그시뮬 0.12s)
[09-04 06:27:57] [PERF-DAY] 32주차 224일차 처리 0.192s (stype='휴식' | 그주마지막날=True | 경기있음=False | 부상=False)
[09-04 06:27:57] [AI리그] 33주차 6949경기, OVR캐시 11393→11393) 세부: 경기조회 0.010s | 시뮬루프 0.050s | executemany(6949건) 0.016s | teams반영+commit 0.037s
[09-04 06:27:57] [주 마무리] 33주차 0.12s (국제대회 0.00s | 챔스 0.00s | 클럽WC 0.00s | 국내컵 0.00s | 리그시뮬 0.12s)
[09-04 06:27:57] [PERF-DAY] 33주차 231일차 처리 0.120s (stype='휴식' | 그주마지막날=True | 경기있음=False | 부상=False)
[09-04 06:27:57] [AI리그] 34주차 6515경기, OVR캐시 11393→11393) 세부: 경기조회 0.009s | 시뮬루프 0.049s | executemany(6515건) 0.015s | teams반영+commit 0.037s
[09-04 06:27:57] [주 마무리] 34주차 0.17s (국제대회 0.00s | 챔스 0.00s | 클럽WC 0.00s | 국내컵 0.05s | 리그시뮬 0.11s)
[09-04 06:27:57] [PERF-DAY] 34주차 238일차 처리 0.169s (stype='휴식' | 그주마지막날=True | 경기있음=False | 부상=False)
[09-04 06:27:58] [AI리그] 35주차 6888경기, OVR캐시 11393→11393) 세부: 경기조회 0.010s | 시뮬루프 0.057s | executemany(6888건) 0.016s | teams반영+commit 0.038s
[09-04 06:27:58] [주 마무리] 35주차 0.13s (국제대회 0.00s | 챔스 0.00s | 클럽WC 0.00s | 국내컵 0.00s | 리그시뮬 0.12s)
[09-04 06:27:58] [PERF-DAY] 35주차 245일차 처리 0.128s (stype='휴식' | 그주마지막날=True | 경기있음=False | 부상=False)
[09-04 06:27:58] [AI리그] 36주차 7137경기, OVR캐시 11393→11393) 세부: 경기조회 0.008s | 시뮬루프 0.052s | executemany(7137건) 0.017s | teams반영+commit 0.035s
[09-04 06:27:58] [주 마무리] 36주차 0.16s (국제대회 0.00s | 챔스 0.00s | 클럽WC 0.00s | 국내컵 0.05s | 리그시뮬 0.11s)
[09-04 06:27:58] [PERF-DAY] 36주차 252일차 처리 0.163s (stype='휴식' | 그주마지막날=True | 경기있음=False | 부상=False)
[09-04 06:27:58] [AI리그] 37주차 6556경기, OVR캐시 11393→11393) 세부: 경기조회 0.007s | 시뮬루프 0.049s | executemany(6556건) 0.015s | teams반영+commit 0.035s
[09-04 06:27:58] [주 마무리] 37주차 0.11s (국제대회 0.00s | 챔스 0.00s | 클럽WC 0.00s | 국내컵 0.00s | 리그시뮬 0.11s)
[09-04 06:27:58] [PERF-DAY] 37주차 259일차 처리 0.111s (stype='휴식' | 그주마지막날=True | 경기있음=False | 부상=False)
[09-04 06:27:59] [AI리그] 38주차 6730경기, OVR캐시 11393→11393) 세부: 경기조회 0.007s | 시뮬루프 0.048s | executemany(6730건) 0.015s | teams반영+commit 0.035s
[09-04 06:27:59] [주 마무리] 38주차 0.17s (국제대회 0.00s | 챔스 0.00s | 클럽WC 0.00s | 국내컵 0.06s | 리그시뮬 0.11s)
[09-04 06:27:59] [PERF-DAY] 38주차 266일차 처리 0.174s (stype='휴식' | 그주마지막날=True | 경기있음=False | 부상=False)
[09-04 06:27:59] [AI리그] 39주차 6855경기, OVR캐시 11393→11393) 세부: 경기조회 0.008s | 시뮬루프 0.049s | executemany(6855건) 0.015s | teams반영+commit 0.034s
[09-04 06:27:59] [주 마무리] 39주차 0.11s (국제대회 0.00s | 챔스 0.00s | 클럽WC 0.00s | 국내컵 0.00s | 리그시뮬 0.11s)
[09-04 06:27:59] [PERF-DAY] 39주차 273일차 처리 0.112s (stype='휴식' | 그주마지막날=True | 경기있음=False | 부상=False)
[09-04 06:27:59] [AI리그] 40주차 6844경기, OVR캐시 11393→11393) 세부: 경기조회 0.006s | 시뮬루프 0.047s | executemany(6844건) 0.016s | teams반영+commit 0.034s
[09-04 06:27:59] [주 마무리] 40주차 0.13s (국제대회 0.00s | 챔스 0.00s | 클럽WC 0.00s | 국내컵 0.02s | 리그시뮬 0.11s)
[09-04 06:27:59] [PERF-DAY] 40주차 280일차 처리 0.132s (stype='휴식' | 그주마지막날=True | 경기있음=False | 부상=False)
[09-04 06:27:59] [AI리그] 41주차 6841경기, OVR캐시 11393→11393) 세부: 경기조회 0.006s | 시뮬루프 0.049s | executemany(6841건) 0.016s | teams반영+commit 0.034s
[09-04 06:27:59] [주 마무리] 41주차 0.11s (국제대회 0.00s | 챔스 0.00s | 클럽WC 0.00s | 국내컵 0.00s | 리그시뮬 0.11s)
[09-04 06:27:59] [PERF-DAY] 41주차 287일차 처리 0.109s (stype='휴식' | 그주마지막날=True | 경기있음=False | 부상=False)
[09-04 06:28:00] [AI리그] 42주차 6742경기, OVR캐시 11393→11393) 세부: 경기조회 0.006s | 시뮬루프 0.051s | executemany(6742건) 0.016s | teams반영+commit 0.035s
[09-04 06:28:00] [주 마무리] 42주차 0.12s (국제대회 0.00s | 챔스 0.00s | 클럽WC 0.00s | 국내컵 0.01s | 리그시뮬 0.11s)
[09-04 06:28:00] [PERF-DAY] 42주차 294일차 처리 0.124s (stype='휴식' | 그주마지막날=True | 경기있음=False | 부상=False)
[09-04 06:28:01] [PERF-PROMO] _process_promotion_relegation 세부: my_player/season조회 0.001s | teams+leagues조회 0.013s | standings계산(710개리그) 0.295s | ai_players OVR스캔 0.234s | 승강판정루프(211개국) 0.027s | executemany(1212건) 0.017s | 리스케일(1212건) 0.341s | commit/close 0.323s | 캐시무효화 0.000s
[09-04 06:28:01] [PERF-SEASON] finalize_club_season 세부: finish_incomplete_matches=0.048s | promotion_relegation=1.259s
[09-04 06:28:01] [PERF-YEAR] 43주차(CLUB_SEASON_END_DAY) 세부: finalize_club_season=1.308s | promotion_playoffs=0.023s | PRAGMA optimize=0.000s
[09-04 06:28:01] [PERF-DAY] 43주차 300일차 처리 1.344s (stype='휴식' | 그주마지막날=False | 경기있음=False | 부상=False)
[09-04 06:28:01] [진행 총계] 1.37초
[09-04 06:28:01] [PERF-DAILYHOOK] 44주차 302일차: process_po_week 0.052s
[09-04 06:28:01] [PERF-DAY] 44주차 302일차 처리 0.053s (stype='고강도' | 그주마지막날=False | 경기있음=False | 부상=False)
[09-04 06:28:01] [PERF-DAILYHOOK] 44주차 304일차: process_po_week 0.056s
[09-04 06:28:01] [PERF-DAY] 44주차 304일차 처리 0.057s (stype='고강도' | 그주마지막날=False | 경기있음=False | 부상=False)
[09-04 06:28:02] [PERF-DAILYHOOK] 44주차 306일차: process_po_week 0.076s
[09-04 06:28:02] [PERF-DAY] 44주차 306일차 처리 0.077s (stype='고강도' | 그주마지막날=False | 경기있음=False | 부상=False)
[09-04 06:28:43] [PERF]   _end_of_season 세부: AI생애주기 40.42s (승강제 타이밍은 43주 _finalize_club_season으로 이동 — 여기 안 잡힘)
[09-04 06:28:48] [PERF]   일정생성 세부: 아카이브이동 4.66s | 완비판정조회 0.02s | 기존경기dedup조회 0.00s | 일정계산 0.25s | INSERT+commit 0.42s | (대상리그 710개, 신규경기 201400건)
[09-04 06:28:49] [PERF]   인덱스재생성 0.37s
[09-04 06:28:50] [PERF] 연도전환 총 47.86s (커리어정리 0.00s | _end_of_season 40.43s | 일정생성 5.73s | 파워랭킹 1.70s | PRAGMA optimize 0.00s)
[09-04 06:28:50] [PERF-WEEKTAIL] 52주차: _pay_salary 0.000s | _advance_week 47.857s
[09-04 06:28:50] [PERF-DAY] 52주차 364일차 처리 47.858s (stype='휴식' | 그주마지막날=True | 경기있음=False | 부상=True)
[09-04 06:28:50] [진행 총계] 47.87초
[09-04 08:37:07] [PERF]   일정생성 세부: 아카이브이동 0.00s | 완비판정조회 0.01s | 기존경기dedup조회 0.00s | 일정계산 0.21s | INSERT+commit 0.39s | (대상리그 710개, 신규경기 201400건)
[09-04 08:37:07] [PERF]   인덱스재생성 0.35s
[09-04 08:45:13] [AI리그] 4주차 4527경기, OVR캐시 0→9054) 세부: 경기조회 0.015s | 시뮬루프 0.370s | executemany(4527건) 0.010s | teams반영+commit 0.025s
[09-04 08:45:13] [주 마무리] 4주차 0.42s (국제대회 0.00s | 챔스 0.00s | 클럽WC 0.00s | 국내컵 0.00s | 리그시뮬 0.42s)
[09-04 08:45:13] [PERF-WEEKTAIL] 4주차: _pay_salary 0.000s | _advance_week 0.158s
[09-04 08:45:13] [PERF-DAY] 4주차 28일차 처리 0.581s (stype='휴식' | 그주마지막날=True | 경기있음=False | 부상=False)
[09-04 08:45:13] [진행 총계] 0.59초
[09-04 08:45:13] [AI리그] 5주차 5771경기, OVR캐시 11263→11393) 세부: 경기조회 0.017s | 시뮬루프 0.173s | executemany(5771건) 0.013s | teams반영+commit 0.039s
[09-04 08:45:13] [주 마무리] 5주차 0.36s (국제대회 0.00s | 챔스 0.00s | 클럽WC 0.00s | 국내컵 0.11s | 리그시뮬 0.25s)
[09-04 08:45:13] [PERF-DAY] 5주차 35일차 처리 0.361s (stype='휴식' | 그주마지막날=True | 경기있음=False | 부상=False)
[09-04 08:45:13] [진행 총계] 0.37초
[09-04 08:45:14] [AI리그] 6주차 5734경기, OVR캐시 11393→11393) 세부: 경기조회 0.015s | 시뮬루프 0.160s | executemany(5734건) 0.013s | teams반영+commit 0.040s
[09-04 08:45:14] [주 마무리] 6주차 0.35s (국제대회 0.00s | 챔스 0.00s | 클럽WC 0.00s | 국내컵 0.12s | 리그시뮬 0.23s)
[09-04 08:45:14] [PERF-DAY] 6주차 42일차 처리 0.351s (stype='휴식' | 그주마지막날=True | 경기있음=False | 부상=False)
[09-04 08:45:14] [진행 총계] 0.36초
[09-04 08:45:14] [AI리그] 7주차 5801경기, OVR캐시 11393→11393) 세부: 경기조회 0.015s | 시뮬루프 0.160s | executemany(5801건) 0.013s | teams반영+commit 0.040s
[09-04 08:45:14] [주 마무리] 7주차 0.32s (국제대회 0.00s | 챔스 0.00s | 클럽WC 0.00s | 국내컵 0.09s | 리그시뮬 0.23s)
[09-04 08:45:14] [PERF-DAY] 7주차 49일차 처리 0.365s (stype='휴식' | 그주마지막날=True | 경기있음=False | 부상=False)
[09-04 08:45:14] [진행 총계] 0.37초
[09-04 08:45:14] [AI리그] 8주차 5757경기, OVR캐시 11393→11393) 세부: 경기조회 0.014s | 시뮬루프 0.156s | executemany(5757건) 0.015s | teams반영+commit 0.042s
[09-04 08:45:14] [주 마무리] 8주차 0.23s (국제대회 0.00s | 챔스 0.00s | 클럽WC 0.00s | 국내컵 0.00s | 리그시뮬 0.23s)
[09-04 08:45:14] [PERF-DAY] 8주차 56일차 처리 0.234s (stype='휴식' | 그주마지막날=True | 경기있음=False | 부상=False)
[09-04 08:45:15] [AI리그] 9주차 5731경기, OVR캐시 11393→11393) 세부: 경기조회 0.014s | 시뮬루프 0.152s | executemany(5731건) 0.013s | teams반영+commit 0.039s
[09-04 08:45:15] [주 마무리] 9주차 0.25s (국제대회 0.00s | 챔스 0.03s | 클럽WC 0.00s | 국내컵 0.00s | 리그시뮬 0.22s)
[09-04 08:45:15] [PERF-DAY] 9주차 63일차 처리 0.254s (stype='휴식' | 그주마지막날=True | 경기있음=False | 부상=False)
[09-04 08:45:15] [AI리그] 10주차 5766경기, OVR캐시 11393→11393) 세부: 경기조회 0.013s | 시뮬루프 0.158s | executemany(5766건) 0.014s | teams반영+commit 0.039s
[09-04 08:45:15] [주 마무리] 10주차 0.25s (국제대회 0.00s | 챔스 0.02s | 클럽WC 0.00s | 국내컵 0.00s | 리그시뮬 0.23s)
[09-04 08:45:15] [PERF-DAY] 10주차 70일차 처리 0.253s (stype='휴식' | 그주마지막날=True | 경기있음=False | 부상=False)
[09-04 08:45:15] [AI리그] 11주차 5618경기, OVR캐시 11393→11393) 세부: 경기조회 0.013s | 시뮬루프 0.149s | executemany(5618건) 0.013s | teams반영+commit 0.038s
[09-04 08:45:15] [주 마무리] 11주차 0.24s (국제대회 0.00s | 챔스 0.02s | 클럽WC 0.00s | 국내컵 0.00s | 리그시뮬 0.22s)
[09-04 08:45:15] [PERF-DAY] 11주차 77일차 처리 0.242s (stype='휴식' | 그주마지막날=True | 경기있음=False | 부상=False)
[09-04 08:45:16] [AI리그] 12주차 5609경기, OVR캐시 11393→11393) 세부: 경기조회 0.012s | 시뮬루프 0.151s | executemany(5609건) 0.013s | teams반영+commit 0.040s
[09-04 08:45:16] [주 마무리] 12주차 0.25s (국제대회 0.00s | 챔스 0.03s | 클럽WC 0.00s | 국내컵 0.00s | 리그시뮬 0.22s)
[09-04 08:45:16] [PERF-DAY] 12주차 84일차 처리 0.247s (stype='휴식' | 그주마지막날=True | 경기있음=False | 부상=False)
[09-04 08:45:16] [AI리그] 13주차 5233경기, OVR캐시 11393→11393) 세부: 경기조회 0.013s | 시뮬루프 0.139s | executemany(5233건) 0.012s | teams반영+commit 0.035s
[09-04 08:45:16] [주 마무리] 13주차 0.23s (국제대회 0.00s | 챔스 0.03s | 클럽WC 0.00s | 국내컵 0.00s | 리그시뮬 0.20s)
[09-04 08:45:16] [PERF-DAY] 13주차 91일차 처리 0.228s (stype='휴식' | 그주마지막날=True | 경기있음=False | 부상=False)
[09-04 08:45:16] [AI리그] 14주차 5527경기, OVR캐시 11393→11393) 세부: 경기조회 0.012s | 시뮬루프 0.147s | executemany(5527건) 0.013s | teams반영+commit 0.035s
[09-04 08:45:16] [주 마무리] 14주차 0.23s (국제대회 0.00s | 챔스 0.02s | 클럽WC 0.00s | 국내컵 0.00s | 리그시뮬 0.21s)
[09-04 08:45:16] [PERF-DAY] 14주차 98일차 처리 0.235s (stype='휴식' | 그주마지막날=True | 경기있음=False | 부상=False)
[09-04 08:45:17] [AI리그] 15주차 5747경기, OVR캐시 11393→11393) 세부: 경기조회 0.013s | 시뮬루프 0.158s | executemany(5747건) 0.013s | teams반영+commit 0.038s
[09-04 08:45:17] [주 마무리] 15주차 0.25s (국제대회 0.00s | 챔스 0.03s | 클럽WC 0.00s | 국내컵 0.00s | 리그시뮬 0.22s)
[09-04 08:45:17] [PERF-DAY] 15주차 105일차 처리 0.252s (stype='휴식' | 그주마지막날=True | 경기있음=False | 부상=False)
[09-04 08:45:17] [AI리그] 16주차 5732경기, OVR캐시 11393→11393) 세부: 경기조회 0.012s | 시뮬루프 0.153s | executemany(5732건) 0.013s | teams반영+commit 0.034s
[09-04 08:45:17] [주 마무리] 16주차 0.26s (국제대회 0.00s | 챔스 0.05s | 클럽WC 0.00s | 국내컵 0.00s | 리그시뮬 0.21s)
[09-04 08:45:17] [PERF-DAY] 16주차 112일차 처리 0.264s (stype='휴식' | 그주마지막날=True | 경기있음=False | 부상=False)
[09-04 08:45:17] [AI리그] 17주차 5482경기, OVR캐시 11393→11393) 세부: 경기조회 0.011s | 시뮬루프 0.147s | executemany(5482건) 0.013s | teams반영+commit 0.036s
[09-04 08:45:17] [주 마무리] 17주차 0.21s (국제대회 0.00s | 챔스 0.00s | 클럽WC 0.00s | 국내컵 0.00s | 리그시뮬 0.21s)
[09-04 08:45:17] [PERF-DAY] 17주차 119일차 처리 0.213s (stype='휴식' | 그주마지막날=True | 경기있음=False | 부상=False)
[09-04 08:45:17] [AI리그] 18주차 5384경기, OVR캐시 11393→11393) 세부: 경기조회 0.011s | 시뮬루프 0.146s | executemany(5384건) 0.013s | teams반영+commit 0.036s
[09-04 08:45:17] [주 마무리] 18주차 0.23s (국제대회 0.00s | 챔스 0.03s | 클럽WC 0.00s | 국내컵 0.00s | 리그시뮬 0.21s)
[09-04 08:45:17] [PERF-DAY] 18주차 126일차 처리 0.235s (stype='휴식' | 그주마지막날=True | 경기있음=False | 부상=False)
[09-04 08:45:18] [AI리그] 19주차 3886경기, OVR캐시 11393→11393) 세부: 경기조회 0.010s | 시뮬루프 0.106s | executemany(3886건) 0.009s | teams반영+commit 0.025s
[09-04 08:45:18] [주 마무리] 19주차 0.16s (국제대회 0.00s | 챔스 0.00s | 클럽WC 0.00s | 국내컵 0.00s | 리그시뮬 0.15s)
[09-04 08:45:18] [PERF-DAY] 19주차 133일차 처리 0.157s (stype='휴식' | 그주마지막날=True | 경기있음=False | 부상=False)
[09-04 08:45:18] [AI리그] 20주차 3343경기, OVR캐시 11393→11393) 세부: 경기조회 0.009s | 시뮬루프 0.090s | executemany(3343건) 0.008s | teams반영+commit 0.019s
[09-04 08:45:18] [주 마무리] 20주차 0.15s (국제대회 0.00s | 챔스 0.02s | 클럽WC 0.00s | 국내컵 0.00s | 리그시뮬 0.13s)
[09-04 08:45:18] [PERF-DAY] 20주차 140일차 처리 0.150s (stype='휴식' | 그주마지막날=True | 경기있음=False | 부상=False)
[09-04 08:45:18] [AI리그] 21주차 2934경기, OVR캐시 11393→11393) 세부: 경기조회 0.009s | 시뮬루프 0.080s | executemany(2934건) 0.007s | teams반영+commit 0.019s
[09-04 08:45:18] [주 마무리] 21주차 0.13s (국제대회 0.00s | 챔스 0.01s | 클럽WC 0.00s | 국내컵 0.00s | 리그시뮬 0.12s)
[09-04 08:45:18] [PERF-DAY] 21주차 147일차 처리 0.132s (stype='휴식' | 그주마지막날=True | 경기있음=False | 부상=False)
[09-04 08:45:18] [AI리그] 22주차 2779경기, OVR캐시 11393→11393) 세부: 경기조회 0.009s | 시뮬루프 0.073s | executemany(2779건) 0.006s | teams반영+commit 0.014s
[09-04 08:45:18] [주 마무리] 22주차 0.11s (국제대회 0.00s | 챔스 0.01s | 클럽WC 0.00s | 국내컵 0.00s | 리그시뮬 0.10s)
[09-04 08:45:18] [PERF-DAY] 22주차 154일차 처리 0.115s (stype='휴식' | 그주마지막날=True | 경기있음=False | 부상=False)
[09-04 08:45:19] [AI리그] 23주차 2291경기, OVR캐시 11393→11393) 세부: 경기조회 0.008s | 시뮬루프 0.060s | executemany(2291건) 0.006s | teams반영+commit 0.012s
[09-04 08:45:19] [주 마무리] 23주차 0.10s (국제대회 0.00s | 챔스 0.01s | 클럽WC 0.00s | 국내컵 0.00s | 리그시뮬 0.09s)
[09-04 08:45:19] [PERF-DAY] 23주차 161일차 처리 0.107s (stype='휴식' | 그주마지막날=True | 경기있음=False | 부상=False)
[09-04 08:45:19] [AI리그] 24주차 2602경기, OVR캐시 11393→11393) 세부: 경기조회 0.009s | 시뮬루프 0.051s | executemany(2602건) 0.006s | teams반영+commit 0.011s
[09-04 08:45:19] [주 마무리] 24주차 0.08s (국제대회 0.00s | 챔스 0.00s | 클럽WC 0.00s | 국내컵 0.00s | 리그시뮬 0.08s)
[09-04 08:45:19] [PERF-DAY] 24주차 168일차 처리 0.082s (stype='휴식' | 그주마지막날=True | 경기있음=False | 부상=False)
[09-04 08:45:19] [PERF-DAILYHOOK] 25주차 169일차: process_intl_week 0.428s | process_cwc_week 0.000s
[09-04 08:45:19] [PERF-DAY] 25주차 169일차 처리 0.430s (stype='고강도' | 그주마지막날=False | 경기있음=False | 부상=False)
[09-04 08:45:19] [진행 총계] 0.46초
[09-04 08:45:22] [PERF-WEEKTAIL] 28주차: _pay_salary 0.000s | _advance_week 2.772s
[09-04 08:45:22] [PERF-DAY] 28주차 196일차 처리 2.782s (stype='휴식' | 그주마지막날=True | 경기있음=False | 부상=False)
[09-04 08:45:22] [진행 총계] 2.79초
[09-04 08:45:22] [AI리그] 29주차 4943경기, OVR캐시 11393→11393) 세부: 경기조회 0.010s | 시뮬루프 0.134s | executemany(4943건) 0.013s | teams반영+commit 0.030s
[09-04 08:45:22] [주 마무리] 29주차 0.19s (국제대회 0.00s | 챔스 0.00s | 클럽WC 0.00s | 국내컵 0.00s | 리그시뮬 0.19s)
[09-04 08:45:22] [PERF-DAY] 29주차 203일차 처리 0.191s (stype='휴식' | 그주마지막날=True | 경기있음=False | 부상=False)
[09-04 08:45:23] [AI리그] 30주차 6683경기, OVR캐시 11393→11393) 세부: 경기조회 0.010s | 시뮬루프 0.165s | executemany(6683건) 0.014s | teams반영+commit 0.034s
[09-04 08:45:23] [주 마무리] 30주차 0.29s (국제대회 0.00s | 챔스 0.00s | 클럽WC 0.00s | 국내컵 0.07s | 리그시뮬 0.23s)
[09-04 08:45:23] [PERF-DAY] 30주차 210일차 처리 0.294s (stype='휴식' | 그주마지막날=True | 경기있음=False | 부상=False)
[09-04 08:45:23] [AI리그] 31주차 6722경기, OVR캐시 11393→11393) 세부: 경기조회 0.010s | 시뮬루프 0.169s | executemany(6722건) 0.014s | teams반영+commit 0.033s
[09-04 08:45:23] [주 마무리] 31주차 0.23s (국제대회 0.00s | 챔스 0.00s | 클럽WC 0.00s | 국내컵 0.00s | 리그시뮬 0.23s)
[09-04 08:45:23] [PERF-DAY] 31주차 217일차 처리 0.231s (stype='휴식' | 그주마지막날=True | 경기있음=False | 부상=False)
[09-04 08:45:24] [AI리그] 32주차 6569경기, OVR캐시 11393→11393) 세부: 경기조회 0.009s | 시뮬루프 0.165s | executemany(6569건) 0.015s | teams반영+commit 0.038s
[09-04 08:45:24] [주 마무리] 32주차 0.29s (국제대회 0.00s | 챔스 0.00s | 클럽WC 0.00s | 국내컵 0.06s | 리그시뮬 0.23s)
[09-04 08:45:24] [PERF-DAY] 32주차 224일차 처리 0.295s (stype='휴식' | 그주마지막날=True | 경기있음=False | 부상=False)
[09-04 08:45:24] [AI리그] 33주차 6949경기, OVR캐시 11393→11393) 세부: 경기조회 0.009s | 시뮬루프 0.168s | executemany(6949건) 0.016s | teams반영+commit 0.038s
[09-04 08:45:24] [주 마무리] 33주차 0.23s (국제대회 0.00s | 챔스 0.00s | 클럽WC 0.00s | 국내컵 0.00s | 리그시뮬 0.23s)
[09-04 08:45:24] [PERF-DAY] 33주차 231일차 처리 0.236s (stype='휴식' | 그주마지막날=True | 경기있음=False | 부상=False)
[09-04 08:45:24] [AI리그] 34주차 6515경기, OVR캐시 11393→11393) 세부: 경기조회 0.008s | 시뮬루프 0.163s | executemany(6515건) 0.014s | teams반영+commit 0.036s
[09-04 08:45:24] [주 마무리] 34주차 0.27s (국제대회 0.00s | 챔스 0.00s | 클럽WC 0.00s | 국내컵 0.05s | 리그시뮬 0.22s)
[09-04 08:45:24] [PERF-DAY] 34주차 238일차 처리 0.274s (stype='휴식' | 그주마지막날=True | 경기있음=False | 부상=False)
[09-04 08:45:25] [AI리그] 35주차 6888경기, OVR캐시 11393→11393) 세부: 경기조회 0.008s | 시뮬루프 0.165s | executemany(6888건) 0.016s | teams반영+commit 0.038s
[09-04 08:45:25] [주 마무리] 35주차 0.23s (국제대회 0.00s | 챔스 0.00s | 클럽WC 0.00s | 국내컵 0.00s | 리그시뮬 0.23s)
[09-04 08:45:25] [PERF-DAY] 35주차 245일차 처리 0.232s (stype='휴식' | 그주마지막날=True | 경기있음=False | 부상=False)
[09-04 08:45:25] [AI리그] 36주차 7137경기, OVR캐시 11393→11393) 세부: 경기조회 0.008s | 시뮬루프 0.171s | executemany(7137건) 0.016s | teams반영+commit 0.037s
[09-04 08:45:25] [주 마무리] 36주차 0.28s (국제대회 0.00s | 챔스 0.00s | 클럽WC 0.00s | 국내컵 0.05s | 리그시뮬 0.23s)
[09-04 08:45:25] [PERF-DAY] 36주차 252일차 처리 0.281s (stype='휴식' | 그주마지막날=True | 경기있음=False | 부상=False)
[09-04 08:45:25] [AI리그] 37주차 6556경기, OVR캐시 11393→11393) 세부: 경기조회 0.007s | 시뮬루프 0.163s | executemany(6556건) 0.014s | teams반영+commit 0.035s
[09-04 08:45:25] [주 마무리] 37주차 0.22s (국제대회 0.00s | 챔스 0.00s | 클럽WC 0.00s | 국내컵 0.00s | 리그시뮬 0.22s)
[09-04 08:45:25] [PERF-DAY] 37주차 259일차 처리 0.224s (stype='휴식' | 그주마지막날=True | 경기있음=False | 부상=False)
[09-04 08:45:25] [AI리그] 38주차 6730경기, OVR캐시 11393→11393) 세부: 경기조회 0.007s | 시뮬루프 0.186s | executemany(6730건) 0.016s | teams반영+commit 0.046s
[09-04 08:45:25] [주 마무리] 38주차 0.32s (국제대회 0.00s | 챔스 0.00s | 클럽WC 0.00s | 국내컵 0.06s | 리그시뮬 0.26s)
[09-04 08:45:25] [PERF-DAY] 38주차 266일차 처리 0.319s (stype='휴식' | 그주마지막날=True | 경기있음=False | 부상=False)
[09-04 08:45:25] [진행 총계] 0.32초
[09-04 08:45:26] [AI리그] 39주차 6855경기, OVR캐시 11393→11393) 세부: 경기조회 0.007s | 시뮬루프 0.166s | executemany(6855건) 0.016s | teams반영+commit 0.039s
[09-04 08:45:26] [주 마무리] 39주차 0.23s (국제대회 0.00s | 챔스 0.00s | 클럽WC 0.00s | 국내컵 0.00s | 리그시뮬 0.23s)
[09-04 08:45:26] [PERF-DAY] 39주차 273일차 처리 0.233s (stype='휴식' | 그주마지막날=True | 경기있음=False | 부상=False)
[09-04 08:45:26] [AI리그] 40주차 6844경기, OVR캐시 11393→11393) 세부: 경기조회 0.006s | 시뮬루프 0.165s | executemany(6844건) 0.016s | teams반영+commit 0.038s
[09-04 08:45:26] [주 마무리] 40주차 0.25s (국제대회 0.00s | 챔스 0.00s | 클럽WC 0.00s | 국내컵 0.02s | 리그시뮬 0.23s)
[09-04 08:45:26] [PERF-DAY] 40주차 280일차 처리 0.252s (stype='휴식' | 그주마지막날=True | 경기있음=False | 부상=False)
[09-04 08:45:27] [AI리그] 41주차 6841경기, OVR캐시 11393→11393) 세부: 경기조회 0.005s | 시뮬루프 0.163s | executemany(6841건) 0.015s | teams반영+commit 0.038s
[09-04 08:45:27] [주 마무리] 41주차 0.23s (국제대회 0.00s | 챔스 0.00s | 클럽WC 0.00s | 국내컵 0.00s | 리그시뮬 0.22s)
[09-04 08:45:27] [PERF-DAY] 41주차 287일차 처리 0.226s (stype='휴식' | 그주마지막날=True | 경기있음=False | 부상=False)
[09-04 08:45:27] [AI리그] 42주차 6742경기, OVR캐시 11393→11393) 세부: 경기조회 0.005s | 시뮬루프 0.158s | executemany(6742건) 0.016s | teams반영+commit 0.037s
[09-04 08:45:27] [주 마무리] 42주차 0.22s (국제대회 0.00s | 챔스 0.00s | 클럽WC 0.00s | 국내컵 0.01s | 리그시뮬 0.22s)
[09-04 08:45:27] [PERF-DAY] 42주차 294일차 처리 0.225s (stype='휴식' | 그주마지막날=True | 경기있음=False | 부상=False)
[09-04 08:45:28] [PERF-PROMO] _process_promotion_relegation 세부: my_player/season조회 0.001s | teams+leagues조회 0.011s | standings계산(710개리그) 0.285s | ai_players OVR스캔 0.196s | 승강판정루프(211개국) 0.025s | executemany(1212건) 0.016s | 리스케일(1212건) 0.337s | commit/close 0.303s | 캐시무효화 0.000s
[09-04 08:45:28] [PERF-SEASON] finalize_club_season 세부: finish_incomplete_matches=0.043s | promotion_relegation=1.183s
[09-04 08:45:28] [PERF-YEAR] 43주차(CLUB_SEASON_END_DAY) 세부: finalize_club_season=1.226s | promotion_playoffs=0.026s | PRAGMA optimize=0.015s
[09-04 08:45:28] [PERF-DAY] 43주차 300일차 처리 1.278s (stype='휴식' | 그주마지막날=False | 경기있음=False | 부상=False)
[09-04 08:45:28] [진행 총계] 1.30초
[09-04 08:45:29] [PERF-DAILYHOOK] 44주차 306일차: process_po_week 0.068s
[09-04 08:45:29] [PERF-DAY] 44주차 306일차 처리 0.069s (stype='고강도' | 그주마지막날=False | 경기있음=False | 부상=False)
[09-04 08:45:29] [PERF-DAILYHOOK] 46주차 316일차: process_intl_week 0.164s | process_cwc_week 0.000s
[09-04 08:45:29] [PERF-DAY] 46주차 316일차 처리 0.165s (stype='고강도' | 그주마지막날=False | 경기있음=False | 부상=False)
[09-04 08:45:29] [PERF-DAILYHOOK] 46주차 317일차: process_intl_week 0.139s | process_cwc_week 0.000s
[09-04 08:45:29] [PERF-DAY] 46주차 317일차 처리 0.140s (stype='휴식' | 그주마지막날=False | 경기있음=False | 부상=False)
[09-04 08:45:29] [PERF-DAILYHOOK] 46주차 318일차: process_intl_week 0.152s | process_cwc_week 0.000s
[09-04 08:45:29] [PERF-DAY] 46주차 318일차 처리 0.154s (stype='고강도' | 그주마지막날=False | 경기있음=False | 부상=False)
[09-04 08:45:29] [PERF-DAILYHOOK] 46주차 319일차: process_intl_week 0.134s | process_cwc_week 0.000s
[09-04 08:45:29] [PERF-DAY] 46주차 319일차 처리 0.135s (stype='휴식' | 그주마지막날=False | 경기있음=False | 부상=False)
[09-04 08:45:29] [진행 총계] 0.62초
[09-04 08:46:04] [PERF]   _end_of_season 세부: AI생애주기 31.91s (승강제 타이밍은 43주 _finalize_club_season으로 이동 — 여기 안 잡힘)
[09-04 08:46:06] [PERF]   일정생성 세부: 아카이브이동 0.76s | 완비판정조회 0.01s | 기존경기dedup조회 0.00s | 일정계산 0.20s | INSERT+commit 0.38s | (대상리그 710개, 신규경기 201400건)
[09-04 08:46:06] [PERF]   인덱스재생성 0.35s
[09-04 08:46:08] [PERF] 연도전환 총 38.40s (커리어정리 0.00s | _end_of_season 34.66s | 일정생성 1.71s | 파워랭킹 2.01s | PRAGMA optimize 0.02s)
[09-04 08:46:08] [PERF-WEEKTAIL] 52주차: _pay_salary 0.000s | _advance_week 38.405s
[09-04 08:46:08] [PERF-DAY] 52주차 364일차 처리 38.407s (stype='휴식' | 그주마지막날=True | 경기있음=False | 부상=False)
[09-04 08:46:08] [진행 총계] 38.41초
